date,AAPL_ret_1m,AAPL_ret_3m,AAPL_ret_6m,AAPL_ma_ratio_20,AAPL_ma_ratio_50,AAPL_volatility,ABT_ret_1m,ABT_ret_3m,ABT_ret_6m,ABT_ma_ratio_20,ABT_ma_ratio_50,ABT_volatility,AMZN_ret_1m,AMZN_ret_3m,AMZN_ret_6m,AMZN_ma_ratio_20,AMZN_ma_ratio_50,AMZN_volatility,BAC_ret_1m,BAC_ret_3m,BAC_ret_6m,BAC_ma_ratio_20,BAC_ma_ratio_50,BAC_volatility,C_ret_1m,C_ret_3m,C_ret_6m,C_ma_ratio_20,C_ma_ratio_50,C_volatility,COP_ret_1m,COP_ret_3m,COP_ret_6m,COP_ma_ratio_20,COP_ma_ratio_50,COP_volatility,CVX_ret_1m,CVX_ret_3m,CVX_ret_6m,CVX_ma_ratio_20,CVX_ma_ratio_50,CVX_volatility,EOG_ret_1m,EOG_ret_3m,EOG_ret_6m,EOG_ma_ratio_20,EOG_ma_ratio_50,EOG_volatility,GOOGL_ret_1m,GOOGL_ret_3m,GOOGL_ret_6m,GOOGL_ma_ratio_20,GOOGL_ma_ratio_50,GOOGL_volatility,GS_ret_1m,GS_ret_3m,GS_ret_6m,GS_ma_ratio_20,GS_ma_ratio_50,GS_volatility,JNJ_ret_1m,JNJ_ret_3m,JNJ_ret_6m,JNJ_ma_ratio_20,JNJ_ma_ratio_50,JNJ_volatility,JPM_ret_1m,JPM_ret_3m,JPM_ret_6m,JPM_ma_ratio_20,JPM_ma_ratio_50,JPM_volatility,META_ret_1m,META_ret_3m,META_ret_6m,META_ma_ratio_20,META_ma_ratio_50,META_volatility,MRK_ret_1m,MRK_ret_3m,MRK_ret_6m,MRK_ma_ratio_20,MRK_ma_ratio_50,MRK_volatility,MSFT_ret_1m,MSFT_ret_3m,MSFT_ret_6m,MSFT_ma_ratio_20,MSFT_ma_ratio_50,MSFT_volatility,PFE_ret_1m,PFE_ret_3m,PFE_ret_6m,PFE_ma_ratio_20,PFE_ma_ratio_50,PFE_volatility,SLB_ret_1m,SLB_ret_3m,SLB_ret_6m,SLB_ma_ratio_20,SLB_ma_ratio_50,SLB_volatility,UNH_ret_1m,UNH_ret_3m,UNH_ret_6m,UNH_ma_ratio_20,UNH_ma_ratio_50,UNH_volatility,WFC_ret_1m,WFC_ret_3m,WFC_ret_6m,WFC_ma_ratio_20,WFC_ma_ratio_50,WFC_volatility,XOM_ret_1m,XOM_ret_3m,XOM_ret_6m,XOM_ma_ratio_20,XOM_ma_ratio_50,XOM_volatility,AAPL_target,ABT_target,AMZN_target,BAC_target,C_target,COP_target,CVX_target,EOG_target,GOOGL_target,GS_target,JNJ_target,JPM_target,META_target,MRK_target,MSFT_target,PFE_target,SLB_target,UNH_target,WFC_target,XOM_target
2018-07-31,0.016615119250388943,0.08185860097386355,0.14556923382240816,-0.0009343667862711236,0.005788931369302697,0.15296187540281006,0.07925572493904154,0.13802247738394557,0.06421325208447715,0.034451510606114066,0.04923033171228486,0.1886059427566189,0.03714594109084435,0.1323581919217891,0.2250687354847789,-0.006013035123986321,0.033368333300081154,0.2153407503418014,0.09193784377651615,0.04821418325063176,-0.027421293678133285,0.03943309395541483,0.0458772514064516,0.24709921133467624,0.07042905329332405,0.06236548431668121,-0.07590175617556594,0.03630467572584095,0.05340447969972284,0.22222233392595883,0.05651499261567139,0.1117712688286352,0.2439558045050152,0.022336971162659536,0.04772524374634357,0.18984281630927144,0.016257506832129565,0.01498982780066882,0.026238649722103657,0.017194836999410823,0.011756072340080914,0.19659405668028118,0.05498094903529149,0.10698412794053436,0.12475893039053965,0.028494653058572794,0.0606060124983141,0.16770985982766334,0.07452015541567514,0.1960627211659569,0.03806417655877059,0.019098306580034974,0.05753609615597388,0.25494593097446167,0.06346839113653968,0.018028510601795222,-0.10807277566062434,0.030172146899568375,0.03283534206357497,0.15323423897965474,0.08998189747003371,0.08099455916002052,-0.027732129324535393,0.038826679439635026,0.06683146936293416,0.20365600989410024,0.09987282432236211,0.07092878481348164,0.00424274228274113,0.04341108965359197,0.057666282351682696,0.22192540449887818,-0.12555736081729385,-0.019822029368298577,-0.07656927012498338,-0.1375205608298734,-0.11869491931595055,0.7225252254187355,0.08948025622667832,0.15844747493895017,0.13011821721701122,0.04705947144453493,0.07180199799246667,0.14361895379520528,0.06069365423865447,0.13934097847459959,0.12662101728898412,0.011537981550793441,0.04093059331198745,0.2137132693075258,0.09909166303777206,0.15562612768715045,0.09863202485031342,0.061192141346993356,0.08570359585068155,0.14639264632408583,0.0354238145922221,-0.009433368175802648,-0.0691449540480269,0.006791740719722217,-0.003426585420775452,0.16878394491797083,0.02319389957523388,0.08847653951843948,0.07676789223601044,-0.0023794942553884146,0.011260110207119034,0.161093047760375,0.01722307964499592,0.10598464563157717,-0.11727563122122009,0.007119716333215953,0.030354999130270066,0.20168218812085023,-0.003057645507438589,0.07208575340322776,-0.047215246274135425,-0.011922118789281955,-0.0033673146282678923,0.15556655683410045,1,0,1,0,0,0,0,0,0,0,0,0,0,1,1,1,0,1,0,0
2018-08-31,0.09826597237538648,0.18166840155169006,0.2979520619314251,0.06191245357686492,0.13964399536929406,0.12102498299451318,0.024681559818734655,0.06521400709790193,0.10814109901682722,0.024752496548715808,0.04712265366652524,0.10416950342596702,0.10388913386290688,0.1864945477723301,0.3089603950669033,0.053891003036721896,0.10273538031144813,0.1638160665816781,-0.01840674539107945,0.06215668554884668,-0.0328129060003266,-0.0038164571657850477,0.025143179247137715,0.14239292668687623,-0.015886137206532647,0.07383248136377851,-0.027432752556484252,0.002420305423752822,0.024116069780652616,0.193231621176891,0.030018276256916776,0.09134873452952674,0.3695124329072377,0.024542672932073684,0.03872722798362571,0.2884857982410587,-0.03590713800654566,-0.02553767464722445,0.061492563631115216,-0.012315743644700894,-0.027970926354020542,0.17359681004438487,-0.03414760125076033,0.01564503889448976,0.174174968014706,-0.006825256714096395,-0.03251100777216809,0.26271044193306875,-0.005136749810400576,0.07018127405102459,0.11890269828325373,-0.00752371980416322,0.01674469082643637,0.16534147881584665,0.01925569139055683,0.04492223467617218,-0.10298114395762525,0.011703170053743328,0.02959507266118333,0.18973774152227374,0.027568200417383393,0.11613103010142356,0.06530348096463379,0.015702252637223246,0.04760400452309277,0.12280836822646315,-0.021436492466515245,0.06827375360225751,0.005443260340753486,-0.0077721369544472285,0.02473948516990543,0.11853543728192549,-0.011531131060854904,-0.08919875329794746,-0.02252760680778454,-0.011786846590975952,-0.07169597605342926,0.23308107987857224,0.04034575326020873,0.1259173801660709,0.2840609265078702,0.008698543810245374,0.05868024444625486,0.13566164538222228,0.04370879271103978,0.10345727313093911,0.2135774428517323,0.03295505212871608,0.06474832113102758,0.12315312362916143,0.024173814534681926,0.149109016877218,0.17843645834726019,0.0002770798084568149,0.06527763254703811,0.13346011682554074,-0.0414329027840773,-0.07741759326074804,-0.0451666191607466,-0.02214731034083184,-0.04177598953901229,0.21585423236069648,0.04369797257883801,0.10219545828686272,0.19507297892465192,0.02123234042835298,0.045286192878610354,0.09610073745303833,0.0013248052676031463,0.0808799504976252,0.03997661930345808,-0.001907184590721589,0.025241927822253096,0.09061764908380458,0.009936315971397436,0.003927947435111934,0.07400751125648819,0.010195394775349254,-0.0034557251973932335,0.1407752151172729,0,1,0,0,1,1,1,1,0,0,1,0,0,1,1,1,0,0,0,1
2018-09-30,0.0031552307786748557,0.21023447377130933,0.3504678773104577,0.015239499777569998,0.05959478236346505,0.22577218824712597,0.09459828483588217,0.20802841530007377,0.2549906555468511,0.0675899400051907,0.10337324709406603,0.170398752547388,0.00030961384911964984,0.16876142830979024,0.43888510051420937,0.017572836422922844,0.048729117232956476,0.24118555372647632,-0.045391722595260586,0.0467613214792022,0.004506753388696438,-0.036895231210482216,-0.04247591083104474,0.15377109070783865,0.003918243502357921,0.07492865292685602,0.05919737377263812,0.0011093772871071383,0.006325610850098418,0.18614038968279661,0.05220205875969808,0.13307837462021532,0.2999930406849154,0.042592828091942536,0.06627731453347363,0.17673357930987996,0.020615992297226438,-0.006419721715207327,0.08446260041382936,0.03040314400440547,0.017255938072962662,0.16269004297936243,0.07282852018633146,0.04377144922445009,0.21797756484856112,0.0670715353148954,0.055410543997277184,0.19671852180149535,-0.03775380708714415,0.056886132565096004,0.18494536417039797,0.016599337744086062,-0.010416030443149094,0.17955751057732927,-0.06332471906972914,0.007715765516457251,-0.09897750433791119,-0.033585586419763835,-0.04078623813415827,0.15826255505515893,0.02386051813081891,0.14402691199220263,0.09172101936562438,-0.00324630196114728,0.02909194876668253,0.1236054292566011,-0.020401447602023004,0.07968375323041754,0.042975544181161895,-0.018232114196475968,-0.020333167356811566,0.15280351712420012,-0.07419508796036145,-0.1667003156511101,0.05348805846187288,-0.0029403395281901723,-0.06058283225803196,0.2549984745490761,0.04207815189476416,0.18134344673776104,0.330671611107074,0.016759060565538553,0.04904053803194808,0.11226088767219658,0.02161700173318737,0.14798625534194776,0.2853391357096313,0.018954454560392797,0.042327626323319656,0.17020159768911042,0.06192789027637402,0.2233762299116273,0.25782306577969694,0.026949843961856512,0.06460507388417702,0.09273918438849943,-0.0455994468706149,-0.058332764722430874,-0.04531749413350872,-0.0028398848915136554,-0.03779012813785121,0.16748744931047235,-0.005411346682930085,0.07862318629655873,0.1928127968512814,0.003149721002681849,0.017926025537964296,0.15244704256386296,-0.10092376515857548,-0.059932215632191865,0.0242558337735439,-0.05609394056939421,-0.08139730708915027,0.15535383443459283,0.056017750084351725,0.050598382148282495,0.1565922211625166,0.019192117463666447,0.045613169453018854,0.13876765926093146,1,1,0,1,0,0,0,0,0,1,1,1,0,1,1,1,0,1,1,1
2018-10-31,-0.05692256710820298,0.05595250353310233,0.19933905762580828,-0.003106483832368001,-0.01047397046862486,0.3446567345913293,-0.03909725887426485,0.061220752861744776,0.18376929838005807,-0.0005627831981519504,0.004721093125271247,0.2563437326133071,-0.18166598008002732,-0.12355686986975523,0.010790939872679095,-0.08838583245366971,-0.14935853562890944,0.6134974542829199,-0.08333344126761266,-0.12304252532327864,-0.05304306063737152,-0.023697627098580587,-0.07141369704245293,0.29086482030251015,-0.09535679517160534,-0.09573147557081718,-0.030429410964375236,-0.039873250295748175,-0.06864375449368632,0.24683134099100573,-0.10660411293203276,-0.015372312201600846,0.058528549934562246,-0.03518575690156678,-0.04762928636953012,0.38438182498468054,-0.10900952043568113,-0.09133076193663592,-0.09421357300076516,-0.04713126345605734,-0.05821906133780941,0.2582617690859722,-0.19060101947996277,-0.13790183828309321,-0.07827790484384334,-0.1046990553173287,-0.1152495573720238,0.3563180157931498,-0.09983240838891416,-0.11919309786831722,0.037659418927852295,-0.015774888389166297,-0.06367377108502925,0.43140359811128876,-0.010580498070015043,-0.034062257300298215,-0.034153582709093744,0.0255417889937124,-0.010458173470639487,0.33064883457966704,0.0069051419889674115,0.06800270800202557,0.14315259697858962,0.014490198126390075,0.015385101060614081,0.18717445065233798,-0.04569337008664609,-0.0624011273726508,0.017984350961912865,0.004413104676293189,-0.02595184652338134,0.251090257778984,-0.06550500017752114,-0.14619190155663309,-0.14053562850008328,-0.00859535338343087,-0.059969005829675126,0.4082111568838829,0.03138554914669833,0.12410492214635438,0.293246573491031,0.0329486348257213,0.04736447014191425,0.2377408575555486,-0.07258860775461562,-0.007580261241942887,0.13162839704125462,-0.013685491747323142,-0.03312617039669152,0.443587373595693,-0.039053740452117514,0.06216100738075214,0.25862707504135884,-0.01882139325213461,-0.00418115922433393,0.28368626538219854,-0.18061322847599115,-0.2150640479333925,-0.24267228983482192,-0.10976541589618827,-0.14763354092602232,0.2608307116270558,-0.03525269617644322,0.019484529876854895,0.11555481221476316,-0.008276003323597236,-0.012917659979818752,0.3046574765763684,0.011016052568242563,-0.08856835720451628,0.02307781368156836,0.01201565605417132,-0.026777787082204463,0.2764194770527605,-0.07510161018407813,0.0037637099205993785,0.05744877189903885,-0.021346603499241557,-0.032039349249248894,0.22111306337254452,0,1,1,1,0,0,1,0,0,0,1,1,0,1,1,1,0,1,1,0
2018-11-30,-0.19357811740641073,-0.2152604446251435,-0.06972447125055647,-0.05784130307421942,-0.14154335536718254,0.44479964102714264,0.05559513020473972,0.10794897578849372,0.1849704670421206,0.04522478388607798,0.0530860636699193,0.27505046657435434,0.014794117240179538,-0.17128626507008426,-0.0036430939124144635,0.04107745741933955,-0.027936825302124824,0.49189118112712077,0.021215361687274337,-0.08358099490289805,-0.020010846303494145,0.01792112821963343,-0.00025343071448269416,0.23223601184312423,-0.009024327318440606,-0.08633141046923432,-0.016669516532060613,-0.0016718756012489289,-0.03811134036171926,0.30761267661265573,-0.04886487730635325,-0.09097967002916763,-0.012265194338803909,0.0001208111392885236,-0.0651112561332644,0.3214168259419324,0.08034923992277565,0.010367927802846344,-0.012027143597127088,0.01687537724786159,0.013511334664084496,0.2996149076281642,-0.033492665247705666,-0.12053229187998793,-0.11092827130290894,-0.002789641091080708,-0.08879099861624273,0.46577607860159553,0.02179589171634566,-0.08392559371359165,-0.03594203828381781,0.04175122514824681,0.0027110270814458826,0.3099439725736318,-0.1564426360255633,-0.19438597096077737,-0.158726981521496,-0.0742436725822484,-0.11517644519815651,0.3699003897737621,0.049818699512808706,0.10555996139723778,0.22506320816956893,0.022138910578741733,0.04862149817964512,0.17482741396703627,0.020279096345295455,-0.02762807763707753,0.043927123083416175,0.014095575992840947,0.010572622537500465,0.21993826226765578,-0.07341027024463365,-0.17848800710812351,-0.271224251181307,-0.0036846309645265363,-0.06436777703239538,0.3430560107286795,0.0850653794172378,0.17558978643319323,0.31126672399529465,0.05416973426271987,0.08900019105486101,0.1737849937754654,0.051444961417402624,-0.0030519928439779465,0.09401760054299912,0.03461263753382826,0.020480889129951496,0.32713050994952597,0.06679057276549383,0.1260995679479333,0.28933620098257684,0.055577418890450314,0.05840570370790754,0.22119278759456396,-0.12698440405162914,-0.271640810545537,-0.33596446916983946,-0.07019903513944115,-0.17363557583634992,0.24971565563777876,0.08174285358162914,0.05475223460731171,0.16275937757221826,0.04757898915205461,0.05936345125367293,0.2677637488326614,0.021641742018725596,-0.06940241870392883,0.011368429194469565,0.023437044846012167,0.03092286248957543,0.15790789558020904,-0.004513468771349838,0.00019819610109550467,0.00563006919926301,0.006506179218584318,-0.015382523351992972,0.23188876458694538,0,1,0,0,0,1,1,0,1,0,0,0,1,1,1,1,0,0,0,0
2018-12-31,-0.12147018584158598,-0.30348326740064435,-0.15137553394568037,-0.04389559571453672,-0.15194597321016956,0.43406819537450597,-0.012694329599857501,-0.02013758972247537,0.19596500604807132,0.023598203785963223,0.031829469255051146,0.34000595078724394,-0.10253523279006349,-0.25064857236429317,-0.12359228732158656,-0.040875006941938685,-0.06841651163369233,0.5957277237816256,-0.11634436099713141,-0.1643269735771492,-0.11960807690458541,-0.011936808004649468,-0.0684939509270791,0.3724619449517615,-0.19784289205096506,-0.27125936840023834,-0.21458103523128724,-0.06244658988957641,-0.1498293376380424,0.31202426431735797,-0.06759392583371049,-0.21626775859963354,-0.08340179202636411,-0.019800514618841913,-0.05367998239143956,0.4311764675047775,-0.08464437231891031,-0.1168642852866012,-0.107392797825272,-0.02796629926046168,-0.04383981588825181,0.33195571176639393,-0.17312938363705255,-0.32530054509354034,-0.28516887464194995,-0.09505949764919452,-0.14487905669229917,0.47143710434948033,-0.045332527482953244,-0.1353462338411604,-0.08506177380428082,-0.005905830281039748,-0.01700581461779682,0.37339071097444737,-0.1426741162692846,-0.2556408252816581,-0.24625140097427478,-0.03534114234415764,-0.14738780111740968,0.347514576021689,-0.11518689436442242,-0.07028584604920185,0.07531906603766814,-0.0535352608833457,-0.0746404474561988,0.4302146472629025,-0.11302926286640747,-0.13388918590575016,-0.059404281021220195,-0.027858740188318354,-0.07183800670248874,0.2847232374598235,-0.05473029572956323,-0.19299432336780376,-0.33578221577276846,-0.045462261730681464,-0.07435517628031085,0.5157823469456585,-0.012378396784552548,0.07571100426680744,0.2813528596805406,0.007367097112275456,0.027377579978005828,0.26377311188576574,-0.07822847936923794,-0.11764728852235085,0.02391103195253197,-0.030066231019968415,-0.0408548552353345,0.4223986903954563,-0.040870076962549295,-0.006396201149834191,0.22106726048193814,0.002572474008733616,0.0034040629809017897,0.271430386415544,-0.20536218010267404,-0.40779542200043895,-0.4362071840551529,-0.0889499069882187,-0.21407733804538887,0.3664494860382035,-0.11549794778332001,-0.07128954257740083,0.013250570804879569,-0.04066188346072663,-0.05275176666179282,0.3125336812997012,-0.14729833421030647,-0.1109513359755342,-0.16916320599870927,-0.036044003983068396,-0.09009108684004863,0.3055739486359781,-0.13749037998811575,-0.19728130180870818,-0.1488289522322942,-0.0728754552747708,-0.11139109334598518,0.31153190386371005,0,0,1,1,1,1,0,1,0,1,0,0,1,0,0,0,1,1,0,0
2019-01-31,0.053951349231277534,-0.21696811707052843,-0.16820598208532422,0.08093003869008131,0.020863714581000226,0.5121125106243535,0.054941399450255446,0.0782122253036166,0.13646003311707888,0.04652878411683714,0.04239850160938263,0.3228250001157962,0.11668934637818262,0.1230446069452702,-0.043646368170034644,0.044771454003842415,0.07562757028704392,0.38904080506093963,0.14062461155403239,0.06904797101384941,-0.07943999518461298,0.03223223546595788,0.07609345120920596,0.32843474797753547,0.20418444430903948,0.0057906816739894396,-0.09199530043661996,0.07182341470825904,0.09578135716312342,0.28714296179545856,0.06800203629246493,-0.026323635961941982,-0.053407687669624226,0.029106323974916082,0.044563041793212355,0.297064267060858,0.03577562054186667,0.04438877133910357,-0.0678647958079791,0.020757943831853254,0.01489100203885263,0.19720785987571307,0.09725074067761552,-0.05770205522823535,-0.20681173414553233,0.018257366549812026,0.013574976846112863,0.29863700101685764,0.06751798464602232,0.07277671397289898,-0.0868621413599503,0.04027138367872185,0.057801718954434866,0.31724472541948334,0.15101984700458315,-0.09334251065723076,-0.1549301786962134,0.04863727049257904,0.08081344033334825,0.3896062193499772,0.04172206049700611,-0.04847290996880116,0.01643525884211594,0.03112031631087886,-0.011688680386313433,0.1821154682860946,0.05065470374274583,-0.02211318269234741,-0.09155096065578083,0.014621340167018326,0.013420478622146348,0.17747619250922492,0.22855254220113608,0.13999483385566225,-0.028895873312068332,0.14241663300493967,0.18768561797812433,0.4944702664781036,-0.015346026351343967,0.028567954036745613,0.15228503807402838,-0.0021518771078228305,-0.01109028438043469,0.22314395812278712,0.03273342991596517,0.011097612573543802,-0.009364183673983506,0.0013809923517511535,-0.0029461888548322213,0.3215569333435026,-0.009925069747191095,0.00608956817320494,0.08067084648142386,0.01571976478367021,-0.005302449872012005,0.294566453842192,0.18844047759908622,-0.1457828500807341,-0.3241935891481291,0.0453636554126946,0.05608921560467217,0.3822057548843649,0.10969679118302134,0.049494845845564184,0.07344226248622387,0.05356566296464926,0.04081263150564163,0.20004778998864578,0.05141435070916556,-0.05574738628894438,-0.1306719132487565,0.010725309969002339,0.004295973840684475,0.18534513082097112,0.05151350871335958,-0.060384923576616734,-0.06970551328754349,0.02188674526521428,-0.002895401234913164,0.1817429040276255,1,1,0,0,0,0,1,0,0,0,1,0,0,1,1,0,0,0,0,1
2019-02-28,0.052299880148254596,-0.001993936787529904,-0.2057381247983303,0.011124610822432324,0.07563958552981576,0.15816497018845582,0.08286832759607266,0.11863349553764047,0.17234001476945582,0.03979972459454251,0.08577876444952603,0.14650637683546447,-0.018318621983625216,0.036935181552594454,-0.15158678161060202,0.0050891077257215755,0.024705089842914862,0.2803143038749017,0.005451362578710484,0.05954615749629988,-0.05551993332105276,0.01259453123265164,0.06966137666266636,0.1748025394202221,0.0032667228992295794,0.015282157434857613,-0.10371296142333697,0.005358379135275593,0.07616950358180019,0.16616175677452452,0.0375713416924881,0.04408825118068216,-0.050036602864007795,-0.011931834354387938,0.03216854989102891,0.23064292912148432,0.06877339463277576,0.04836456589292992,0.017541140458344096,0.011138607880177176,0.05841655462466622,0.1572001168339287,-0.054801400571081516,-0.0759171538734773,-0.19996916915599772,-0.02505818396267101,-0.012921643052318132,0.26319451652326914,0.02601116018070848,0.0705802301171039,-0.09576505772210164,0.0043780311086505375,0.037261158891190194,0.2015056384212855,-0.024622847181663743,0.02398204933904302,-0.1791441125526767,0.0058910314157276655,0.05846461325353913,0.1895199652027549,0.044866655375050524,-0.03961568535312332,0.030539920288000788,0.02102273812780453,0.05044698333241304,0.11450369390491522,-0.000478896326514322,-0.04112745118976935,-0.08778836539892354,0.0036111810819559054,0.028755983503096827,0.16256286084196594,0.07332795019981253,0.19592564674972524,-0.08402369930531373,-0.02096631801417692,0.07378056931424282,0.4258340426229518,0.10794631741603333,0.07230614615110853,0.20090904381004626,0.03427017699183432,0.06765839173482302,0.15291151143258733,0.05760889681938086,0.050106961286452645,0.024800454339011457,0.04253033476369272,0.07173304835268413,0.19290639148329097,0.05167404257751462,-0.007747090631714304,0.06183195458542512,0.022357182169063572,0.03007313033569181,0.17806160512759597,-0.009554004947255779,-0.02474789140100775,-0.29114744839520457,-0.004366097259655866,0.060424447230139844,0.2457449122802143,-0.10411645657169466,-0.10383906953301192,-0.09197443230026614,-0.08389666685314234,-0.057534614113006644,0.2698386315107255,0.005036630547122556,-0.05353877899606341,-0.14085739546636789,0.01674199162421064,0.03970578912745526,0.18125870068283645,0.10537303746555038,0.037085099337268446,0.0054491658268651655,0.0351126274176925,0.08937619685071363,0.18217040349729702,1,1,1,0,0,0,1,0,1,0,1,0,1,1,1,0,0,1,0,1
2019-03-31,0.08561487966549253,0.22105000058604785,-0.14900949514322537,0.03396660078585434,0.09485663495648433,0.22719966544183015,0.01717799705349643,0.12970437358345532,0.10436720930867027,0.01602712447249721,0.05715004385112965,0.1598145201012309,0.06521383553078941,0.20482127843382103,-0.11536630628885147,0.03230087512587332,0.0638687940949787,0.23757523592593513,-0.058683007108308094,0.1369766182895249,-0.06860946804964008,-0.030875704367390067,-0.038521773319139974,0.24144069797973916,-0.03490007531379424,0.20890203317656142,-0.1351792450492687,-0.01116464308090559,-0.015293865298031895,0.24456847683396793,-0.031771477947314275,0.08712549464655894,-0.13151269388928744,-0.01009353931818946,-0.013904540881801486,0.2484565543131644,0.009423766012816026,0.1451286130999736,0.025836320500780108,-0.004770998404024063,0.03227980026623234,0.1398552614442195,-0.012860527615325745,0.08995484670977083,-0.24752434533265588,0.031096420669135538,0.0003741082047949984,0.35153519674193906,0.02470141450901675,0.12440283518563477,-0.025236841882267713,-0.007780785729654016,0.03043316166363197,0.1867322515152555,-0.031331970752907945,0.18239151955077237,-0.15014481614554165,-0.013959292087508124,-0.019813084143723403,0.20344262017269246,0.010408293327909268,0.10565877556146819,0.02454980501379489,0.010821444794342217,0.0375282745801675,0.09759406555468551,-0.03064216542230569,0.05393070747972173,-0.102630428341422,-0.019174417841664848,-0.02287993724324633,0.17976497510900266,0.027175406628955123,0.25142667071834834,-0.012733742966078654,-0.005832832266206234,0.023778742605079728,0.267174895711997,0.025528664902459086,0.11097814388789673,0.19232710985886037,0.020231877250983743,0.05633546102250864,0.10674190108765878,0.04807585916126511,0.17983535965557707,0.03972869287630121,0.02321614945964834,0.06889004374907692,0.17761605595615748,-0.020526103734545997,-0.002772471565057999,-0.01659437355475457,0.011334753775460227,0.010732393382031802,0.1780605951292336,-0.03584864371393415,0.20421858392061232,-0.2716110222075133,0.009195469889270225,-0.0026836266874676884,0.29665287069082596,0.00834330937961325,0.007974839296581715,-0.05914668332753836,0.005934458567445011,-0.035399980570059,0.28128420435057716,-0.03417946882987577,0.06505080036820043,-0.06943400188139337,-0.028372694519296138,-0.022288113356720984,0.1923835388247417,0.00999986985583834,0.19843134226968306,-0.03783113380002734,0.004768914301796157,0.0480751380011224,0.13814563712687222,1,0,1,1,1,0,0,0,0,1,0,1,1,0,1,0,0,0,0,0
2019-04-30,0.049309806394525646,0.21955002619630615,-0.06503079545186097,-0.0015423145187504206,0.06246799946948989,0.14741651058573124,0.002831843710385362,0.11447503307629203,0.19802994783911654,0.026986946146748902,0.02474503138417483,0.2309370903816225,0.061917362884621685,0.1533077928590807,0.17269791349318986,0.03088443593645307,0.0894932246868243,0.14556075295853235,0.07147840571443131,0.05731452524629055,0.17119752513930964,0.029612271877194063,0.05138030864762766,0.16476166105291562,0.09850829807158057,0.10864244185780092,0.11644685082747142,0.04371938739533188,0.08550109086543389,0.1816878862205049,-0.06751350524921007,-0.03476059189146774,-0.07408610297869533,-0.03676978592418012,-0.05825068611351747,0.20892262335529715,-0.03905886842009354,0.07306333580403823,0.09792900034120322,-0.015869389182426086,-0.019059947975675895,0.24775390387396687,-0.007106449237618384,-0.03216600126619895,-0.09472258096701958,-0.04048587157168182,-6.484168350540109e-05,0.4151093927591852,-1.6552841288763886e-05,0.09195897546267928,0.1063068731227137,-0.027661007144823335,0.004357914247494765,0.29737833790984536,0.046660406440635516,0.021096393653114776,-0.022467495240613866,0.01389973021289137,0.03704126594436641,0.24276853965622217,0.015973575210415536,0.07973625848608923,0.04432774148351215,0.025529200858711576,0.025835369055389412,0.10957442295617531,0.11752702554536665,0.11998837398579587,0.13989225386239257,0.05356249194171614,0.09587753572615965,0.20723825920361402,0.1464137525470981,0.2857331557948908,0.3303983259117127,0.06770301557155256,0.12352235219105001,0.25894572199049865,-0.05510240883827089,0.08006143833508284,0.13351682940654452,0.005441537278737751,-0.015747349941084177,0.23930799834435001,0.09729487829926664,0.23291737433014448,0.23152939464728095,0.06193118840073342,0.11056511549596126,0.13583597361102298,-0.052054320521049524,-0.014798348652011906,-0.030967405430718298,-0.014308474656731462,-0.029560143165840325,0.20060053243827564,-0.04646996263824743,-0.040575591981647285,-0.17494453994324466,-0.05243980524976144,-0.035384190005981364,0.2849499616517277,-0.05078596324592133,-0.13466885621852753,-0.09091640061519202,-0.009209939521711674,-0.04454927434014311,0.36462892362998034,-0.008195167656475544,-0.02477815969825925,-0.039140591887792286,0.010805445174856487,-0.011282119307548077,0.16279479174613337,-0.017741543436751606,0.1228561716133556,0.057579163218673735,-0.015929323258285222,-0.0040469381320901165,0.1697618079642384,0,1,0,0,0,1,1,0,0,0,0,0,0,1,1,1,0,1,0,0
2019-05-31,-0.15972189030958972,-0.000601569848089567,-0.024550053144849704,-0.07478347184036127,-0.0995148019452845,0.28837247436829155,-0.0336378426278261,-0.027708153153048753,0.05445583411830213,-0.004230984574693397,-0.015498842234282884,0.16103549995789354,-0.06615564282671871,0.046516558984240675,0.058006319426242126,-0.04857922304939977,-0.04338390971285333,0.25550656798660726,-0.1278688317956923,-0.08370645182021608,-0.05433601045023462,-0.07199042651510701,-0.08134572808845919,0.23328081873433112,-0.1109999455901961,-0.018822589766482656,-0.03949688430288034,-0.055327374366029636,-0.05658565095873569,0.27152316857526476,-0.03322467495898285,-0.1523079063590509,-0.1028982764961015,-0.03744613080425385,-0.07568839149938611,0.2621069862763709,-0.01211430382526757,-0.05854780069889942,-0.01704863607186713,-0.04057196897637927,-0.05150308146081217,0.1863531341579199,-0.08175413146725397,-0.1524490372117574,-0.20752705871934207,-0.1027832576701887,-0.14113884769638174,0.2989626713571632,-0.05144402534735093,-0.04067911411767,0.01347318531394981,-0.041165361596405825,-0.07232652011572627,0.24056492944848154,-0.1057491579257438,-0.06463660141981253,-0.06832321183298418,-0.0676184564846346,-0.07757789370391599,0.21100397393279333,-0.0653498189541748,-0.04645173562725302,-0.09230294864133182,-0.04298872052279035,-0.04355753255475581,0.18091628510773697,-0.08188194635265345,0.024770029425346785,-0.029765097144255237,-0.04360459617045709,-0.028050157017226462,0.1627837444803191,-0.07822163376666347,0.060345373342204356,0.29767465500914936,-0.04283692064492839,-0.01925785623067744,0.2607696804572559,-0.0038984728611936026,-0.019939912200936716,0.039835761153601545,0.0013080630428095041,-0.001877790531069068,0.15610418753193156,-0.016418236696363664,0.10580648837356166,0.12192194347858454,-0.01911693591607444,0.002987421128290313,0.2204193454607336,0.021415600869465035,-0.027438015200469734,-0.05892904169476132,0.004863292060964364,0.008087180484958933,0.11634883657574346,-0.15637149821029328,-0.23320081202721155,-0.23562400892592283,-0.1019817170816748,-0.17513180237297898,0.24473642571562693,0.04022377061331972,0.028399498025682535,-0.13330300555918195,0.0017399324569320473,0.010630353254265978,0.2148660096946295,-0.07248569696705809,-0.10598812321003015,-0.16826040416240995,-0.03926599628955618,-0.057748550182630365,0.17618923806515682,-0.07386204722746637,-0.10868894803523899,-0.07742642632202046,-0.056650259098317446,-0.09434597028977154,0.13895234766215186,1,1,0,1,1,0,1,1,0,1,0,0,1,0,1,0,1,0,0,1
2019-06-30,0.13051903298093825,0.038915126886062135,0.27718260206539735,0.025656810790151807,0.020894513553748384,0.22035946922505945,0.10468874968756925,0.06005727326806887,0.19335683489607303,0.024997038779900338,0.06635197437211082,0.14978036608595274,0.06679174655008091,0.043788136668092115,0.28119378688695185,0.022137636832388896,0.012949164887202214,0.259585338199745,0.09611665994617313,0.02160827086370265,0.20154017326902673,0.036016747738963684,0.013200628555586125,0.23673333709844518,0.1267897217886118,0.09510214670251349,0.36940468105003443,0.04496649308011902,0.04561342391861434,0.26348332032414196,0.03459969599402024,-0.09434426479674896,-0.0014240868379470362,0.02348124850588884,-0.0014406079033190133,0.27586552322081453,0.09301707457005026,0.005797285782992656,0.16822400617150013,0.02212796271538675,0.03948526582281264,0.1471046388820102,0.13776229418240993,-0.03698148804807577,0.06905588211127833,0.06364005927631866,0.018705164514630113,0.28562905813961564,-0.02141894133930411,-0.09689904973859342,0.03450894776184499,-0.00020550777529271258,-0.0526049940202763,0.28068811225750634,0.12115746204939537,0.04463820231948867,0.2657306576740228,0.057123943560609014,0.041917232141168936,0.21138915740233832,0.061990245416936984,0.009015931796781507,0.1091625016864235,-0.001433875351833258,0.006405194516432955,0.14964612778473133,0.055115219508066415,0.07660091470939934,0.1728839901452084,0.020762265994535234,0.00693334011977087,0.18191100804628485,0.08750772197811241,0.14404270546590636,0.4489490411738304,0.06468363324211812,0.046829587086470115,0.3798081069107987,0.06564881780084564,0.013325446423005705,0.12754211035599528,0.009531186372309763,0.05064118097003245,0.1411789589957721,0.08311789404346515,0.12969192942054897,0.3450555875677799,0.014894897321349854,0.04199076743064989,0.24487129963687546,0.043352369634261034,0.02017268399805805,0.026207709091328635,0.0070668889696610115,0.04039258519779865,0.1214964910912133,0.161945447848866,-0.09946644780942837,0.1140579482684041,0.07536213413330084,0.028791652912206755,0.3240205270637978,0.01360858510202112,-0.001830385746694918,-0.0008690835265602326,-0.004218857451661062,0.01590430626048911,0.19677716853283606,0.06648629895125224,-0.021154684202907448,0.05309211566290051,0.03147616615692295,0.022048415136823207,0.21683104011710652,0.08280368710175523,-0.05165336605824733,0.14960976587512342,0.0197823018514256,0.007706191730376011,0.17220020733237837,1,1,0,1,1,0,0,0,1,1,0,1,0,0,1,0,0,1,1,0
2019-07-31,0.05085569111058308,0.022521507365044657,0.2904207110121493,0.03656987229733977,0.08570565783539807,0.17377357833298282,0.02914862850247557,0.10975075377435872,0.2028495157057959,0.008295801663320113,0.05244302989948557,0.17909091633878765,-0.03491170489719131,-0.017908097267976486,0.08613914100030828,-0.052225412119850656,-0.016497943606027077,0.16283158456819258,0.052487111867776104,0.011336972857787897,0.08898021730403904,0.03185012294418188,0.06943624317604669,0.1561869060280946,0.010221608568453222,0.017879989140190844,0.11885742800239907,-0.004963802595459477,0.039105353226533746,0.15012303247684994,-0.01197580395992992,-0.026333756105673678,-0.11438948561287166,-0.013234014218816426,-0.011002553941235615,0.17535454282822452,0.0014641824279559845,0.06823544133753168,0.09525476179684267,-0.012643715923450927,0.00592883183023396,0.1087390309558883,-0.016337224130463457,-0.034097783954072036,-0.12994137180727738,-0.016961534494681962,-0.018715795194683582,0.23431849648726136,0.09491272185973987,0.04431163731030674,0.0819885087038763,0.05231505180894547,0.08559530340807342,0.36493358282573474,0.06869606260316452,0.07869742924146395,0.12123211717380444,0.027063569813601474,0.09051790929154513,0.1887470176269921,-0.07005637251225572,-0.07197727855689084,-0.008261171099652298,-0.030592558605897602,-0.04808931451125509,0.2082724890641893,0.026548610859990385,0.012228003101671936,0.13734431298289373,0.011774879677323158,0.04343916711898843,0.1304249420363651,-0.00394865494628005,0.008829815420082765,0.16521684337046394,-0.029601978415841557,0.02489126688068799,0.19859749389658524,-0.02947021702537389,0.05060728555196725,0.13007134261791342,0.004466212262869584,0.006971221002485928,0.2361754531649678,-0.002269618468776935,0.08370511318463869,0.315316450445811,-0.01467838647572961,0.019124406068424138,0.14929835642998332,-0.12166475030153423,-0.04451434037384383,-0.07692687091035677,-0.08852004999449226,-0.09044965508901337,0.29393514817219624,0.020163274637922557,-0.014076600409553719,-0.07237048095153387,0.0036787748105509,0.049193950697842936,0.20555874420471096,0.02065839344808884,0.07598518029989698,-0.0708095315987114,-0.022716080612852352,0.001008192467218949,0.2720289229655387,0.024984235366938723,0.011966746761359337,-0.0006546049743754168,0.023175247951666922,0.04181016476662691,0.22571358665251615,-0.01796085028972172,-0.026881000220226214,0.03776422847103933,-0.01970855067467192,-0.011028072481916729,0.11358095236721441,1,0,0,0,0,0,0,0,0,0,1,0,0,1,1,0,0,0,0,0
2019-08-31,0.02702236244577283,0.16640590769842079,0.19831399178518394,0.01983124976432693,0.024434321633367118,0.3714050414203792,-0.005826495777534357,0.10559622491152143,0.09933489967229403,0.008844266480272811,0.0007897541523791407,0.27331426000732645,-0.02575090055173801,0.027018457422087083,0.04955006573046106,-0.007123970846696581,-0.05624801074722885,0.27041468259483104,-0.06364890099929199,-0.009360669716881986,-0.04887713317401288,0.008283182654624577,-0.035927620461404186,0.3354296808878544,-0.04821775649158411,-0.01588100766176659,0.036883745546008706,0.008249292069622216,-0.04693634479086095,0.36350503203023793,-0.0759698046197862,-0.11260264712686485,-0.2362501804841317,-0.009105809517308772,-0.08502047556279202,0.3613355293210353,-0.014907870701632464,0.013897341656051942,-0.025871631169633647,9.551480180580718e-05,-0.026169323645651277,0.23697116631363518,-0.10029101226003612,-0.11685387487303023,-0.21898049419807453,-0.02443827035299906,-0.1084497569707723,0.3694393427290094,-0.004839739840915569,0.12901030732601138,0.018251963081972633,0.008837870595182373,0.027295491099871727,0.276423201513378,-0.019965914501709703,0.08062832082083671,0.051604894257063716,0.017390735786997125,-0.00821504296738551,0.3055392776840611,-0.01333743144184485,-0.032963024629925064,-0.061708342328841925,-0.010274019987465466,-0.0337341470679714,0.1735914828939512,-0.027184819681387862,0.008180883453015486,0.07083227024498995,0.017594403916946444,-0.011042986207334904,0.29084349169861223,-0.017722981394758475,0.10847759237746324,0.08414111936429891,0.009844468887420632,-0.032241906989241786,0.3080248559988888,0.02367737408360049,0.07360028838848409,0.07268294275007303,0.013437181538316079,0.028462093048885695,0.20701472041228444,0.010365661103173496,0.12308431965858513,0.24289271212069874,0.0128735594499374,0.008941766108287341,0.2899168318832047,-0.0644736787998148,-0.1503058622856689,-0.1559610467732656,0.005814141353281732,-0.09916380920301959,0.243053487707789,-0.13335107617468867,-0.09235936492916541,-0.2656083035250174,-0.02921624580790505,-0.12493248502741816,0.4164604748886087,-0.06418701198359456,-0.02377353153933015,-0.0227670765573752,-0.024268136293432607,-0.0535258700689788,0.27400499463617173,-0.007286838454956812,0.03096135165896463,-0.046911824495408205,0.027929126054415665,0.010306232944626403,0.3158729867163295,-0.033707600579884534,-0.057868023388560674,-0.12549962196795683,-0.00668004646039988,-0.05530190060068507,0.26676855303292696,1,0,0,1,1,1,0,0,1,0,0,1,0,0,0,0,1,0,1,1
2019-09-30,0.072961310078268,0.10896728571805814,0.1632137599777621,0.02740882761668839,0.06357883469615144,0.21440921721035416,-0.01933865742773755,-0.011379219770252025,0.05911874052834132,-0.001354584759388433,-0.014283223799990696,0.1831578215454544,-0.022732743159706414,-0.10256885588624276,-0.04303791548169311,-0.03513434941638527,-0.04638393770984972,0.18475122208667094,0.06733044643614172,0.007281598908500664,0.02254634751974427,0.002142281420894676,0.02362460748152051,0.2355432886999262,0.07350435784521125,-0.011934645186586379,0.08735362085774945,0.008960596616782057,0.030658746775378276,0.24801536718612577,0.09198939763972502,-0.04709513767177009,-0.13255736333718016,-0.009611896264932418,0.019506211424952236,0.4137658927571423,0.007475146110820896,-0.025305631265838846,-0.03147330912041291,-0.021670172918041186,-0.012697878513466265,0.17590759684617113,0.00040415076966771046,-0.1495931890489718,-0.22313885427319824,-0.056013516211959824,-0.059327620438200834,0.4251638596959873,0.02571113478268683,0.09755523029301982,0.012940245832510966,-0.00018794197291827075,0.018742508014676806,0.17830861553704389,0.016281981622639163,0.012382815259986302,0.06060984596794161,-0.020848634682661182,-0.004480930295539087,0.2230862042147584,0.007946108335973312,-0.06913198383507291,-0.04697293507259781,-0.0031437123829008984,-0.002573156895848472,0.13268370297001397,0.07127257788647912,0.04150450128032346,0.1359152368872134,0.008729690105848675,0.042364204828466034,0.17489940372704274,-0.04087904871930881,-0.08676930482884326,0.02227318187921612,-0.04121470589231302,-0.049800178993507194,0.2314962203294909,-0.0200136934956352,-0.009011552058150518,0.025182135259802507,0.00596172846171128,0.004903992078060693,0.20502906502999194,0.008486709196736886,0.021328073492136168,0.17467301055604167,0.006621155105357657,0.011506089633888328,0.17435186950243795,0.010689098404358166,-0.17987012519730738,-0.14733628607600535,-0.015063397176078741,-0.025377504179574517,0.14163227894924824,0.0701534178374974,-0.1142145265913771,-0.20878827701198044,-0.05075421789590706,-0.032489016709937535,0.43140586679876763,-0.06690228501804962,-0.10503375404198134,-0.1026889268344866,-0.04593128817911851,-0.08209790990331378,0.20900537740345637,0.08310045028582258,0.079988877712871,0.0682631512283638,0.03828742245436301,0.07245301478830068,0.20729051250602903,0.03110393796353783,-0.05589065082816269,-0.1114844122645583,-0.013116895687517727,-0.004212000913256797,0.1342596547067669,1,0,1,1,1,0,0,0,1,1,0,1,1,1,1,1,0,1,1,0
2019-10-31,0.12652836283310842,0.29153373108729985,0.20235422878304887,0.04802381374266074,0.10850469316424594,0.20165979034023576,0.035465383490036695,0.009441821025902408,0.06563216910353775,0.02704987451761065,0.013775421526801113,0.1996734571454442,0.03029423796267272,0.006532096076437455,-0.08914917824469204,0.011467873470774714,0.0015223648400013445,0.16136667128371396,0.12441573409638096,0.12094379401605893,0.038601539085996395,0.03761228800237171,0.07358330702927574,0.19386786829823655,0.07736152452022438,0.10248540397026162,0.028266079309566816,0.017501149318585707,0.04942798175437968,0.23170766602020526,0.03647994804760035,0.0171457260117307,-0.09213648890158188,-0.001245524640244744,-0.002457773733094415,0.26583990996988577,0.026425021592461517,-0.011841929518845218,0.000745984256797394,0.0020100920874481787,-0.01587626392657382,0.14470084301590763,-0.017511686822598738,-0.11899426445873462,-0.2346989299597224,7.395519373076809e-05,-0.05665102987923265,0.34040039893453655,0.05832191092891592,0.09010596563827522,0.05474823829878406,0.016275850302610806,0.03147920620902567,0.1683792490450488,0.08182945257086716,0.06465315770871394,0.04484358057349613,0.027673963653157996,0.027683537238347045,0.16633774497859533,0.0064790661580136355,0.02204499082874256,-0.05736070454741138,0.009086508434384966,0.014793889291293993,0.3068296659893252,0.11346849724364305,0.14922617503185198,0.10185231580161735,0.037154063519470926,0.07500585357799205,0.1906414641036925,0.06840223409661861,0.05458647206993361,-0.011502090950351818,0.032864036925980944,0.038192865223423134,0.2592228635002639,0.04737697819913933,0.04951786713022188,0.10491370087032181,0.030850698564755863,0.03125599914857213,0.24667587678921338,0.052025813429601,0.08802229440628939,0.12664786492056113,0.026171593405761806,0.03613819238970728,0.1945533845809243,0.08236931649852464,0.038149379307029996,-0.06188548406231509,0.04836064898421122,0.05893256944984637,0.13635773709434654,0.019968726023832595,-0.07746859264308714,-0.18340557677582292,-0.009258817871212965,-0.03727371253459233,0.3634017519509569,0.1733838948720483,0.03603893332629826,0.06035781855668154,0.06362603253953703,0.09311946816943095,0.3335833111328597,0.06497502035826819,0.13158349617235077,0.0884987448090826,0.029963219686416798,0.05878582975164415,0.1479473781423933,-0.006031293657235204,-0.0266056939285918,-0.10288723186878079,-0.01302186859901977,-0.029437155615165356,0.17192340726788455,1,0,0,1,1,1,0,0,0,1,1,1,1,0,1,0,1,1,1,0
2019-11-30,0.07755399927757867,0.3031225184600912,0.4978333945318667,0.01861232434067306,0.0974490038531044,0.15424967195145553,0.022007243576043445,0.020611249083212435,0.11172025237198646,0.0171045203814848,0.03505924835556451,0.12501158944193858,0.013587301227403925,0.006123498974202279,0.0411897155355645,0.014938901965905416,0.02225123128598616,0.13200909857243492,0.06555789243810461,0.23991175563985512,0.2077665477207944,0.010983605205832303,0.07419411884460314,0.12766491982475658,0.05283810538036482,0.19295102743079773,0.15703870491969574,0.0036943351009282033,0.04933659251094258,0.19103621416385083,0.08586950045156794,0.16051827776146377,0.027077840361875882,0.020281555842961874,0.051484501663304094,0.2891189604357752,0.01846175664549432,0.017323042448196047,0.018755977626666143,-0.015055812240817423,-0.00017882191862872432,0.22403230149931092,0.022940464356526524,-0.039577334552261756,-0.1524928005074957,-0.02473892946268319,-0.01250880654189035,0.3414859156731066,0.03597871266070163,0.1150356100218195,0.23670199999795738,0.0009297811369668452,0.034632327544265484,0.13092336419066603,0.04319981551858221,0.11875189545120324,0.179666335725718,0.010454755688206196,0.0474059944206755,0.1470627604418505,0.04849001370876538,0.0753659026313227,0.042997022618550984,0.032676828940177094,0.04814096040351368,0.13689731503438826,0.05475478175380011,0.2234293575595354,0.2188424159216642,0.013686607329180811,0.06832178050261217,0.10558285455000292,0.05212628580062706,0.1055428897758448,0.20382081687639153,0.03025517280279244,0.06899137094841556,0.15066707442093039,0.006000575341827075,0.012803383519424782,0.08960910968329183,0.028102629565983417,0.03479487238164891,0.14505639720671074,0.05946208028674982,0.1165473217396904,0.23742201185532363,0.024414061967768186,0.0637818019246148,0.07804940374718976,0.013611397078340248,0.07675144875524276,-0.0704210244700968,0.026556863166373068,0.05223863072992696,0.16992179651122244,0.10737229797700754,0.1412358808905796,0.029019418105879158,0.008483003059577499,0.050615296706749024,0.40456659347049306,0.10751885529000682,0.21927769314725643,0.17309788700808304,0.05480566554912891,0.1409806612521296,0.22594563809116278,0.06490791856589184,0.19290942398135247,0.2171670496228404,0.014936687070386645,0.06654772087370175,0.12595973324497634,0.020447394766963667,0.005712441972888449,-0.05137949782187534,-0.019319896213577548,-0.009107841449031095,0.2519944613931576,1,0,0,1,1,1,0,1,0,1,1,1,0,1,1,0,1,1,0,0
2019-12-31,0.11163729596658034,0.3451395318424768,0.446361668869675,0.05955787080406383,0.10845126205392108,0.16132878421904262,0.02780735960727654,0.09654509174299508,0.022125349082492418,0.008071809794343077,0.02713646608805287,0.11178754369018816,0.03718002236060047,0.07857087891652026,-0.04701391233317842,0.03463555873699953,0.03882177425718214,0.18717596842043788,0.05929630076234926,0.2719929342394336,0.22704599882465248,0.02297223958254646,0.06123225034313884,0.16015279157580467,0.07206117719822269,0.21432278874855082,0.14419077387132373,0.03503889956145878,0.06130468156910496,0.13916497767412717,0.07719027638224807,0.23463087345927414,0.08850956875472149,0.03449633231157656,0.08497601271322308,0.21128517795348445,0.03176377777371675,0.08377835184982807,-0.003254984861755572,0.016271731718261906,0.01881090921718509,0.14484129461807693,0.18321789980987724,0.20501146726919184,-0.03229767990543808,0.07181941159301819,0.12486317637755806,0.3233398918513107,0.03920502621715838,0.13708028564047203,0.19269951863189072,-0.0031316740126774434,0.02159209961388253,0.11219216330987981,0.056469621672375236,0.16633743717136507,0.12928383757197426,0.01852288385540546,0.042949034244792905,0.20311526808001418,0.06195391032026154,0.11273224110715829,0.04109510734570554,0.02159166036737359,0.07036745685836232,0.09317137147467548,0.06031782925585527,0.24076536889862865,0.24549438052239259,0.022263856729358267,0.05822829510709848,0.15434309591283615,0.02779171197956165,0.17554399572290125,0.04082158491075738,0.01576476048423503,0.042249563980327975,0.18919156307471002,0.05208663254249202,0.12195072423838282,0.06078483987086325,0.015137799137151076,0.0547887247062353,0.08977668059103412,0.05449687745938503,0.17516984960379034,0.15497959615101498,0.021300191286564685,0.05744860119946771,0.09160737180077765,0.023243595805579886,0.14001882341267224,-0.10070399607923008,0.01118818865233595,0.033423241568601325,0.11160832886929078,0.12102604030349684,0.28339138510282647,0.04833600624439982,0.03806217552903046,0.1021541572559892,0.25435912221267404,0.05524676007206719,0.3615240264945099,0.20917573313831572,0.02191036545318692,0.08501627294840608,0.13097674864032802,0.0033569022976214224,0.12058757609716197,0.152462727400547,0.0012656239672712566,0.011578969767333191,0.1716442028502795,0.01987733034852157,0.051698130463634806,-0.06463050816795057,0.0039060165465316654,0.00868583099899678,0.14293340344009234,1,1,1,0,0,0,0,0,1,1,1,0,0,0,1,0,0,0,0,0
2020-01-31,0.03049733062737703,0.24794667889376498,0.5273926098891442,-0.009550710688462694,0.0690229864954417,0.2806477757231756,0.006441531574791659,0.046646565344703905,0.023781396261427945,-0.0077247096607147014,0.009353710102706358,0.1811129316945175,0.058329510616701,0.1306158387339773,0.10173092061402733,0.06645484275586844,0.1008004387672885,0.3053459076350049,-0.07884407076247835,0.05561981347370626,0.13093237752609688,-0.04185153523917229,-0.038101010056863505,0.18251281707588377,-0.07788567989016504,0.04980157402587926,0.11579265124271743,-0.0539541002648376,-0.03535820753285457,0.2121271798995264,-0.09211735586826864,0.07663007781639153,0.0603769220314867,-0.06873620761267951,-0.05289938024055296,0.18687338669308143,-0.11768096504520209,-0.06840264327168999,-0.09460820055829755,-0.06650514552046038,-0.08393834906029196,0.1690272503989022,-0.13058142615130686,0.05544499517738344,-0.10916323141094786,-0.12117947050461364,-0.07638196117797591,0.3176477885476523,0.0468334252634226,0.1382109598130492,0.19765605021492916,-0.00469158068328146,0.04182044985625111,0.18439137044636855,0.014638083083541975,0.12049134351293689,0.14911905326002306,-0.01791098670762159,0.02780143758565279,0.2143543260951903,0.019867258803527577,0.13527302159857668,0.15224454377804664,0.010055232343330056,0.03699708038161642,0.08711318638044639,-0.05585296202043677,0.06635996483956941,0.1890271427134278,-0.027915566945610926,-0.018850663808578694,0.1968051453908233,-0.03751546613490109,0.05353518891602982,0.0681938889413205,-0.06948126898782125,-0.02801522658992639,0.31412822979478355,-0.07170787041706139,-0.007317501549824246,0.025187604192086432,-0.03914699174904679,-0.03626442962698184,0.18253706039938397,0.05983090605126251,0.19138776531218582,0.2518484895937101,0.036925800835892364,0.07914287892895788,0.20589307431292106,-0.03882453096783289,-0.010060259243136027,-0.0004213862199853313,-0.04429295633205321,-0.032665174627328764,0.23987516919356272,-0.1657952913273094,0.03937689819180146,-0.07778486383180161,-0.1068287616266419,-0.1121017406544047,0.2768245788535369,-0.06854670115163497,0.08230115745117828,0.09892925888468773,-0.06463265858003486,-0.051978741826942176,0.26082275655984255,-0.12669812563871818,-0.08213803903727879,0.010175653266733198,-0.0567387231994152,-0.10059775684103789,0.2321495135143635,-0.1238362367704775,-0.06956982394779865,-0.11287975221007063,-0.08198841171175852,-0.0950462080839497,0.18834148426328226,0,0,1,0,0,0,0,0,1,0,0,0,1,0,1,0,0,1,0,0
2020-02-29,-0.15395439548674983,0.023031453773665778,0.3149200757960069,-0.12101492299309613,-0.10619118749415757,0.39777713010292715,-0.1360474654880327,-0.09439011569623112,-0.08432803296227487,-0.1102098452799104,-0.11551562347678157,0.25832069954195797,0.006986800969160267,0.03587553628874218,0.05449507749447324,-0.08702189382516523,-0.028947788145024633,0.4043110678731189,-0.14874547022562845,-0.14256122947444771,0.05541388032463801,-0.14647660125630613,-0.16549544928857207,0.3490794758116709,-0.1749869682345212,-0.15635561412885812,0.006844616471910481,-0.15700270586780019,-0.17975668221124408,0.35686779201612073,-0.19916718560312996,-0.19186761709501532,-0.06040294955256975,-0.1446506274718764,-0.20453971726766929,0.4586951813816503,-0.1523256741897021,-0.20021227540922326,-0.18855177287268865,-0.12020382547935093,-0.1648150326403769,0.3089195803158126,-0.1656556215531565,-0.12272648621003712,-0.14425620519698656,-0.12443526134087513,-0.19637940097586581,0.5250523097983367,-0.07907845671301228,0.02066895666435764,0.12142451019273581,-0.08355281836552375,-0.06292807374122789,0.34295932717039995,-0.1725819439574494,-0.08886981516610448,-0.0014919624045061086,-0.12748325402460214,-0.14186647260711338,0.25699379219795543,-0.09991012733460714,-0.017513405585264485,0.0626571455442162,-0.08984475596667063,-0.08209452877275936,0.19998748551680184,-0.14555892785509073,-0.11513400166517429,0.07847913787300898,-0.13073095595774864,-0.14315975133298453,0.30344587845077625,-0.08142020341234169,-0.04717813836628515,0.03718278101723871,-0.07120496504564067,-0.08714579132387223,0.32793273449985705,-0.11491367808200592,-0.1201350153744064,-0.10519772660650195,-0.07868948919487317,-0.12105285849781022,0.2056873560607406,-0.05977269244064487,0.06652079968605928,0.1801714577985003,-0.08981756664038576,-0.03455061680110727,0.4098473003966788,-0.09846231615288004,-0.1260318833033537,-0.03516366697833939,-0.08307720442921107,-0.11923518480123563,0.20859638020078117,-0.19241631627351596,-0.2419512849107539,-0.12244504625463448,-0.16911461935857575,-0.24434329845436353,0.42792058177614,-0.092604376829035,-0.08810979180380052,0.11502552301773417,-0.10713751089052759,-0.12060312632302939,0.473699109208897,-0.13826252512477288,-0.2402310249066626,-0.09761920012830339,-0.12285236087373974,-0.16813258999023295,0.27224480356372094,-0.19465207985896626,-0.2404876890904133,-0.22829512238736027,-0.12147888021785824,-0.19687861650426708,0.4018103289616901,1,1,1,0,0,0,0,0,0,0,1,0,0,1,1,1,0,1,0,0
2020-03-31,-0.12107737960117348,-0.131982448794163,0.13833519028350372,-0.01925339018211325,-0.12520750539023107,1.0220546056662405,0.011796436523026754,-0.08766801370963628,-0.027824099064279073,0.03589061819793038,-0.04575672674676967,0.999023038633136,0.021335879195799157,0.05513466386964039,0.12333706323019156,0.04464517892417841,0.000956647674347888,0.6690720832502814,-0.23007312390251278,-0.3933711154625301,-0.24465146998197362,-0.04682782668753194,-0.2592249997758105,1.42917999049088,-0.3524982377950464,-0.46927945662909065,-0.37340666706371284,-0.09778313494337898,-0.3406132567759935,1.601054029278128,-0.3599334785199657,-0.5230200756722142,-0.43331634437204725,-0.03545029500195984,-0.34775332205490495,1.8051943571679019,-0.2323340955356341,-0.39169456379803114,-0.3618721857372652,-0.028185048659938428,-0.22720418778557594,1.6550149121990696,-0.4246356793640286,-0.5697271823446137,-0.4944094796370071,-0.08708537666130856,-0.3994697779711891,1.6909065433397161,-0.13139520026240314,-0.1324781288397221,-0.03652574958825294,-0.004715853467887388,-0.13300659633665735,0.8705469852110644,-0.24008234276897522,-0.323553958716408,-0.2283179344384565,-0.0575415802774657,-0.24435095448509114,1.342865243847364,-0.032893228988510215,-0.0953165906202077,0.022235963974630568,0.006250210691188585,-0.06642157076631672,0.85646597820354,-0.23024959735760975,-0.3500144063723698,-0.20957327063713027,-0.04767437346645664,-0.23449728895931787,1.35302100399302,-0.10269523471515918,-0.18733255475375743,-0.051248621106174896,0.02202117771225498,-0.1254965694671889,0.9583583494503348,-0.01964334676370838,-0.14705188126090096,-0.06581069952283058,0.02962829873054118,-0.037427040508670184,0.7683100440887893,-0.04133449295706293,0.002795343436662767,0.1576489221048596,0.044821378729972494,-0.043604848543164154,1.119581931937556,-0.04839648222194992,-0.15841206368782035,-0.060341885301872344,0.019745012251962235,-0.0671672293019544,0.8187579934992751,-0.49682948602769283,-0.6594710682249524,-0.5755311598133616,-0.1748226013458688,-0.4855298467020389,1.7090252122756167,-0.041850706806905946,-0.14803671541412422,0.15751207903057085,0.005175117885795277,-0.07621686506514613,1.2678321838251603,-0.2918826811102524,-0.46085107288931015,-0.40310202243963345,-0.0702194850339477,-0.28623494270243555,1.3868198260066582,-0.2598440943234315,-0.4480493644756387,-0.4346684804319195,-0.026135587956844453,-0.2626388708232552,1.0615903327779161,1,1,1,1,1,1,1,1,1,1,1,0,1,0,1,1,1,1,0,1
2020-04-30,0.21954235640140918,-0.04850480509797794,0.21426234563430424,0.0724192326183184,0.0838911196822325,0.44480882683457224,0.20775477340874393,0.061255639441219145,0.1054706869861084,0.02529786386720656,0.11611045784356011,0.40249601808372265,0.29684954843919553,0.2316300990850515,0.3898954698456334,0.1021244576927669,0.2130735522548315,0.40708469911289,0.21648976703132305,-0.26276401368426705,-0.2303732807597597,0.06143522275214597,0.006255207618177661,0.6932083295502132,0.26097114638342944,-0.34739942518398115,-0.32532045216360295,0.10657877961470286,-0.01907715833908674,0.8706955821468644,0.4213370076541214,-0.28658949446826065,-0.22968778949254598,0.19414001289881444,0.14094007314021306,0.8948147457958042,0.3418905621689867,-0.13127410115993787,-0.19222744622706034,0.08766333948328442,0.10784116498780927,0.6818208245045,0.38542407339797746,-0.3425365336549189,-0.3091731714831303,0.12182993215501448,0.053541516123767785,0.9007636744922751,0.2219398112644817,-0.060078955040296256,0.06821606691841198,0.08911190871696228,0.09032540849610471,0.5180041412699128,0.2624408803484506,-0.22380026074478476,-0.14006762838301612,0.04661020343656741,0.034696861639162524,0.5166416495613524,0.16481655883866875,0.014286017536394136,0.14455686883048635,0.022464493212059677,0.07944793553852425,0.32535725081262634,0.14693095873569573,-0.26900038421383987,-0.22551298263937913,0.03606101201397416,-0.02801072940280569,0.683793913457872,0.2826442093854522,0.013867640891676025,0.08743706647038785,0.15087418407284758,0.16774434883920586,0.5115951780784458,0.07506789656617974,-0.06372396850142359,-0.0658322775933724,-0.01881616364109484,0.016880026215555954,0.4305152385706966,0.17816093349941364,0.055627593679998144,0.24687810423709644,0.05488410769715335,0.10646020565674741,0.44273099520374243,0.20818885191812564,0.030075164093065432,0.01679736891375372,0.0659107521463469,0.12607580452098,0.31693317578586516,0.3359805263827038,-0.49064612969074317,-0.47714684290814136,0.06895442486446202,-0.08452632186823084,0.9524682005037646,0.23238652254373582,0.07813113173578712,0.15724563165380112,0.06830950895381394,0.11500569195342814,0.5589969462305949,0.09333847841402898,-0.37452157768747185,-0.43031083056138064,0.017958740605486634,-0.09864911532452147,0.7574444922426259,0.23820951427445047,-0.24119226627934753,-0.295546229001035,0.09260192857410621,0.07722048997729458,0.6517944327410454,1,0,0,0,0,0,0,1,1,1,0,0,1,0,0,0,1,0,0,0
2020-05-31,0.08509429582278316,0.06690067620288276,0.1930901384624002,0.026324172877161045,0.1274080471442085,0.19423747248780707,0.030730609306335754,0.1679904312129863,0.12063402442554105,0.03574692477172414,0.089251251285549,0.3295107968361724,-0.012784941240091885,0.24996542476158679,0.3430610901168145,0.020126264932631255,0.0912056032240145,0.3329301340067132,0.002910749443606253,-0.1735136418647848,-0.26970562005611887,0.0515532660022906,0.07644945473098375,0.6284387637191959,-0.0029134249070364993,-0.28364382877387895,-0.35631867969214415,0.06269502461693977,0.10090122901456411,0.7601675217414888,0.011919273472544845,-0.13463724191102155,-0.2889734866036574,0.004421219012187949,0.15570708199068783,0.523069357793108,0.011371782364196559,-0.036688858753606834,-0.2027294964585804,0.00933403761790741,0.10759674270000041,0.4358205861269913,0.07282677558348105,-0.18188563608681851,-0.2868279626829653,0.0264931355525031,0.1583859589392873,0.6254366619979601,0.06446876671496038,0.034046942196305885,0.0925139212567847,0.037750513129414465,0.12863382046106842,0.20732924938702696,0.07795375713123787,-0.05610213451740431,-0.10271899225208247,0.08031318748996363,0.13884515828928135,0.5642297864423667,-0.0017250427201259688,0.06971286295545087,0.0942745505261735,0.011892489549466978,0.049677788009821366,0.1449009986431735,0.016186183769983487,-0.19090520946088319,-0.25070125013343614,0.06322425370203577,0.068158242724774,0.5188541907943782,0.09955538160293242,0.1458459961176335,0.11430695275608427,0.039441451124560656,0.18855266249884317,0.2902911599694711,0.017393658559066605,0.00020720687289998985,-0.06466239495965276,0.03744555078360978,0.03698044040199222,0.2452720324778155,0.025391128320600753,0.06348957409007272,0.20970509258069603,0.006791332134463923,0.07647335035292291,0.20950819825462805,0.0054900205013082015,0.10580846661607146,0.00866153609124476,0.014939176011147692,0.07926166678453805,0.23645011209325711,0.09809781445885268,-0.33537234075900035,-0.48316117905872746,0.07221658411658893,0.15713784186840374,0.8010611560656103,0.0423290637641216,0.12105209236884718,0.09504962469055256,0.048215920928974976,0.12050102234601878,0.29190191535689336,-0.0702982740310083,-0.36091246260882137,-0.4976813854775687,0.04918558301763665,-0.014229370380882678,0.7321988300838589,-0.0025471339253826386,-0.13972446014954498,-0.3156174420332476,0.028888293596571968,0.09746753754896242,0.5446150130464389,1,0,1,0,1,0,0,0,0,0,0,0,0,0,1,0,0,0,0,0
2020-06-30,0.12822397686020448,0.5183572072061149,0.24861373604965298,0.04789175278967983,0.13693503496214254,0.33116285990564637,-0.012847985798792205,0.19909884049456683,0.06153563688643948,0.015798662396049767,0.0009897695403024986,0.3638608987622583,0.11584240284595881,0.4461497213753336,0.4929971947160381,0.04988811978894514,0.10867441749952578,0.25449849612147946,-0.03721273929835023,0.20969347896360957,-0.31663148175912426,-0.06355950893083617,-0.00571706659400284,0.6410850268934648,0.005113984149498485,0.34101180966038247,-0.3492956537395434,-0.045707212515152085,0.0509780515105851,0.7908767681426908,-0.04932133828299545,0.4328223630676189,-0.342755758147816,-0.049149172288030396,-0.0036622828850690903,0.6497106431361525,-0.05766206911481131,0.32059481543961965,-0.23991212716914645,-0.04104799035209172,-0.021906018681265182,0.5033991355257831,-0.07571622870614692,0.47728006824635716,-0.3877249529867336,-0.052118602291758354,0.003327175091160983,0.6616190267319242,-0.016820445274751905,0.2866798031385842,0.058728299557850194,-0.00897767873810762,0.022633795673348667,0.3251769188477833,-0.03193903826473932,0.3686786937510531,-0.12986066980050626,-0.03900257740977964,0.030194960454740016,0.5780096449632574,-0.05139956116922495,0.09933125999460302,-0.02304913036608769,-0.01877591598703765,-0.038427898266058524,0.2303679447218627,-0.04922665206616128,0.1265697096631948,-0.3138625945697333,-0.06666132617224585,-0.017255947478873268,0.5464148352246428,-0.02427801944956176,0.42274436640835367,0.10630945413739457,-0.021332208497078287,0.0384055449679348,0.4473089351823279,-0.03581526630558607,0.05616131680886305,-0.13591401308742346,-0.007510482308428101,-0.009179460478220047,0.320920260603656,0.10058945999476587,0.34163970677921274,0.2976171556134435,0.05128305880984252,0.09843626446109965,0.32570496121982734,-0.09568587420852748,0.04018526127877764,-0.1484624096731042,-0.03636468459550568,-0.09094464764646226,0.29875875800108675,-0.024920324119040882,0.470657507020656,-0.5326099958945802,-0.06805848935804948,0.01826412456590676,0.825351497734883,-0.03293972020618796,0.2481893032486,0.011985012591029465,0.0006544606650762397,0.011708304392254565,0.39528535248702423,-0.06569337459847213,-0.016930281240807532,-0.5093151536617802,-0.09409397667422348,-0.04706790039961428,0.7408522002646726,-0.05474523868542791,0.21468425293670923,-0.337323504839961,-0.06247367558536432,-0.018372586179014494,0.5967297495254673,1,1,1,0,0,0,0,0,0,0,0,0,1,0,0,1,0,0,0,0
2020-07-31,0.16733946083985063,0.45378179590028167,0.3840535729172405,0.10664312069853588,0.18565043810397985,0.45322594969785396,0.0954212237653429,0.12468755054399039,0.16535893387045753,0.03505922859418664,0.08147856903138084,0.21607808514077334,0.09493128186393429,0.3664479915499148,0.5790239993604738,0.03057567133657213,0.13639469114135272,0.47457787369811855,0.06826954448960532,0.09260853670422242,-0.23526305894857313,0.03380221996678889,0.01300898355333202,0.3559497688059193,-0.0006634690192705017,0.11960238380201615,-0.32047619792345894,-0.014203791760752149,-0.022372979394452264,0.41689632156825773,-0.0959445139671552,-0.0547783036891748,-0.3508082098536819,-0.06304665584568236,-0.10947541036076391,0.47790428664592305,-0.04948488597945633,-0.06854439625065001,-0.189238026950451,-0.04432270702795105,-0.07415367896942893,0.4244510874834338,-0.06525861686223389,0.010336830088268023,-0.3324054713333727,-0.015098107065649402,-0.07268554174858188,0.48031979083857174,0.012259212175878442,0.1247639029624168,0.0036085929652411863,-0.02189176556025474,0.014343279714346346,0.2567556894990149,0.00283693768996085,0.1316109228496063,-0.1614770423626637,-0.03813265218004258,-0.028222907543932307,0.36062410610289364,0.03397876959404722,-0.01011414732438587,-0.01640599177139479,-0.006468799883138754,0.004876675416008336,0.12632031933248852,0.04295270801895201,0.05905917830379459,-0.26073529483463154,-0.004814290697255363,-0.011327858207601738,0.3240054293763231,0.08675351169056977,0.23584732561799382,0.24232329319129264,0.058791386155588654,0.07982639882930487,0.36425810301790007,0.018533035358161865,0.0522744463579925,-0.06633888672661314,0.019963222944857195,0.02568505971566415,0.1738544054857144,-0.006060151847456785,0.14952467094331068,0.18214527787512447,-0.010762806127130098,0.036437388800343085,0.30666843506645713,0.12593667678224518,0.04315022945021685,0.04620949244293149,0.0657111140651534,0.09528732945318352,0.2968017375586462,0.00889871820851984,0.1253155446206562,-0.4460954478732029,-0.026876399134379447,-0.044939982006734325,0.5149627580704316,0.015154779326260526,0.05753683156523892,0.1145220978085959,0.0028402178726332217,0.014959044156339196,0.23875727157279664,-0.04262024015155352,-0.09495661449399229,-0.46907830705816556,-0.03878913485333668,-0.08893575705837742,0.48792856928932926,-0.045371984956857014,-0.0442089908748492,-0.28352154766569393,-0.029777640405879935,-0.07501443074802527,0.3910889445830745,1,1,1,0,0,0,0,0,1,0,0,0,1,0,1,0,0,0,0,0
2020-08-31,0.1866682343609487,0.5904612791840806,0.7126594223924461,0.0964600172774881,0.24252308487139285,0.3191475395319387,0.08730616890415654,0.20235162112425376,0.3443503698794339,0.06765087415804483,0.11603520926375799,0.31930190195795927,0.1089595501283167,0.392414515009504,0.746587617894138,0.059837148101316684,0.11668258431352929,0.2591439806111636,0.030011885652024395,-0.0027123414936672807,-0.08119392665971681,-0.004948208643838825,0.039193842526506595,0.24877368234256533,0.014486928460043513,-0.031914204521434564,-0.22561541860487178,-0.006983338567569608,0.0022169866278825,0.2722112861536905,0.0321439343992429,-0.15167249113290215,-0.2178977685842951,-0.030673490949160276,-0.04771010416148713,0.32587096532979903,0.0038909434896139405,-0.12389408217903963,-0.12321227956468594,-0.031293438516521443,-0.032158660019111274,0.24240910869947824,-0.022212853886894313,-0.17462373049033042,-0.2804222723833931,-0.03298413923291377,-0.049829363691979656,0.4478898678637964,0.09898451507404205,0.1322079754568437,0.179451731252793,0.052578051264856374,0.07561742908904301,0.18660865680847566,0.03370453611570223,-0.021179016798927974,-0.006425609582603187,-0.000391334683463862,0.007584746255025143,0.19601764336064798,0.04805616322447759,0.03889042680121424,0.08378594156273977,0.026474548931714637,0.049828619519699524,0.1044585502885712,0.04255986084344676,-0.029765879636241332,-0.1471209395796047,0.003008199651669985,0.026205870822287647,0.2763558820701914,0.1636768779650335,0.2738964069922605,0.5289948641181892,0.08742819658752121,0.17072925804587302,0.44083538743069295,0.03307449721685285,0.04737740405217172,0.04444746019628232,0.018367819440876954,0.05993372116414042,0.11761325785853428,0.04403407441151597,0.2196544764927988,0.3292569535805081,0.05405163078984643,0.08057315856032798,0.250936327570576,-0.014602191390448716,0.05529171194317262,0.05878134575734606,-0.01296797304305164,0.03853981665275952,0.11451994438484597,0.015491764381813544,-0.03059662047717815,-0.2932121826527775,-0.025028129173154445,0.004003458448533115,0.3865429605142618,0.029445213834851547,0.02798751072595418,0.08926704024786658,-0.00759868248599227,0.022462590102004354,0.18030883400038236,-0.0016723792522086445,-0.15888377485691196,-0.4023646430178841,-0.01388471895755794,-0.03467863414930994,0.29906259740073493,-0.03602520445579438,-0.1728690278515328,-0.2079814881467421,-0.05121056463593654,-0.06219254573737498,0.28495732706837434,0,1,0,0,0,0,0,0,0,1,1,0,0,1,0,1,0,1,1,0
2020-09-30,-0.13690575124460624,0.27454646500253754,0.8998548284401153,0.014342254489815964,0.025406061344124042,0.5352969776666665,0.021398282844027783,0.18456570144809525,0.38107466053130423,0.034367893066122424,0.05319072422307114,0.2971553945902291,-0.1001366135945877,0.0894128193256527,0.6409634675875873,0.0015587329641231218,-0.009902236636094353,0.44363858558720237,-0.05648366235293423,0.041554547924141705,0.18750532754212057,-0.031187860403229184,-0.041590524476747825,0.3079440393108903,-0.1580079246031444,-0.13854446174476032,0.12181399219100042,-0.07477364329647529,-0.12761307567661262,0.4115927295150811,-0.11625411218083215,-0.20595937810796183,-0.01043225834440975,-0.041209984785802956,-0.11530663373473671,0.4061619919182033,-0.13336523530985556,-0.1729363315005803,-0.026402438980545506,-0.06291475939488766,-0.13015596120793693,0.3020364463040851,-0.20504315973206266,-0.2829328778580771,-0.04567093311326642,-0.08728456904791115,-0.1841794692499804,0.5457294053079014,-0.11448380010855363,-0.00294556436293103,0.31205081371483834,-0.025741419017768608,-0.0403311568595115,0.3588973418406844,-0.021853746334173696,0.02424904577542808,0.3569707300111935,0.009262937154268958,-0.004176538954568376,0.3318862483770207,-0.017423584767761513,0.06314039873964439,0.1333819638120386,0.008419192426153188,0.004211005576278293,0.2045978141649361,-0.03864600508969729,0.03895964443602051,0.12236572749080166,-0.01904437746973142,-0.02567039552436956,0.2802108381489224,-0.11352567534056701,0.12201167166129645,0.6556037291115333,-0.012099000392968184,-0.0026923823404799707,0.3562567981741209,-0.010383564473999352,0.0605908329628313,0.09558298937725218,-0.010976173109355725,0.0036767409965194897,0.2290775722053825,-0.07453725966482405,0.022197361308721186,0.3617518090792593,0.01176600934059957,0.0005465998816982509,0.4227952204664432,-0.004880659691913647,0.07385369608553871,0.1386678617951933,0.009170530230164786,-0.020669703765368252,0.18671728536145848,-0.1647879415884358,-0.12886588109502684,0.1361633148607646,-0.12177242162549096,-0.16412232949639627,0.5250137731105002,0.000717992064253048,0.04960327056166447,0.3076149323988202,0.021969401939271327,0.012107260503721573,0.2724323466804799,-0.022453170084155816,-0.06839968481135938,-0.1151209971378403,-0.02774903888603386,-0.04072351205297131,0.34129899740147457,-0.12934333167670564,-0.2058244591887678,-0.11668277018879003,-0.06249580017790579,-0.13950726594799168,0.2803170600880835,0,0,0,1,0,0,0,0,1,0,0,1,1,0,0,0,0,1,0,0
2020-10-31,-0.03680760206789058,-0.005550912147850973,0.46997562140791405,-0.06609247509580651,-0.07102607483071599,0.44737318973605456,-0.009762197654924365,0.05534208205811009,0.1380173179434665,-0.02499206366006146,-0.010735903901281985,0.2635512753944825,-0.028432031250000045,-0.0327128436865054,0.30992748223922506,-0.061859122176069925,-0.05757746243289208,0.40597793223324935,-0.02106548873941705,-0.045777974076781636,0.060526490694191803,-0.028469543012772713,-0.04289968334948302,0.3383596303706196,-0.03954752352949931,-0.16367470952902163,-0.0362225243296318,-0.036450613399390375,-0.08783171076201779,0.3026020640787482,-0.12392147270969056,-0.23028920970416022,-0.2776110131422125,-0.12000522587252838,-0.15484810722751985,0.5201952890770887,-0.023739258072980163,-0.1848545062417808,-0.22987423812701624,-0.035184476245546215,-0.08545885899958894,0.31071301055406725,-0.006470943783277061,-0.28632379545471154,-0.24299258375546695,-0.05367420884763907,-0.11102646577271691,0.5269655670814417,0.11027062780361474,0.09693198949779092,0.1979882453770414,0.04336639272994636,0.04980385476201765,0.37008172556326757,-0.05432730565433419,-0.05681177429397,0.07332236125231617,-0.0700558564004724,-0.06325822835468875,0.25874333771008906,-0.0624317393106697,-0.06247374238262782,-0.0703718014971142,-0.057248379531765536,-0.07041906675895104,0.20617055337852214,0.010825813611206492,0.0355805357948189,0.08602124942945522,-0.022040125469788063,-0.007257384505853781,0.2725411618403073,0.012195270577352257,0.05315611366311934,0.27063311022196634,-0.02706978229389545,-0.028108764035239986,0.48276819181008596,-0.0691832572205121,-0.07240109946465523,-0.02116164665162057,-0.04820383219260427,-0.08237796973985512,0.16683325566360596,-0.018041781228115394,-0.048434393878935666,0.1259386607875128,-0.0505376924933042,-0.046202733007460584,0.30562693666279583,-0.024738765716000977,-0.07580092267588379,-0.06040477741876227,-0.03807823084090234,-0.03712019328231897,0.27833904460114756,-0.04046227458155682,-0.2179465606352884,-0.06821010629440671,-0.03482125095802169,-0.11645116997038618,0.5185738634498185,-0.021924452661491345,0.00623079585149533,0.05008501593436576,-0.051014980132253473,-0.02464297022878914,0.2759425955892332,-0.10587740711728422,-0.11072356812795148,-0.16504928996530666,-0.08016890111431374,-0.10011574976794857,0.37357751628896485,-0.010915586997765847,-0.23479348025217228,-0.24362071714498745,-0.03320932941516719,-0.0924822234629169,0.39996638538164503,0,0,0,1,1,1,1,1,0,1,0,1,0,0,0,1,1,0,1,1
2020-11-30,0.09549306141176483,-0.11122843747404809,0.4698622215980357,0.019377249095475113,0.02890989367913166,0.28227307290712433,0.029588249227603836,0.019058745311859138,0.1925844555716123,-0.021271142695287848,-0.0008275367147239088,0.2775516486272204,0.043439868865324804,-0.09461808371873648,0.2782601286185906,0.008349287197376931,-0.0011305076796894742,0.3744558959067664,0.18818564307441576,0.10292328264938466,0.09864997242370688,0.05021729118842688,0.11487664527767705,0.6212147547189224,0.3295505419132043,0.08891610674863926,0.05581397678946165,0.11264864900311244,0.21106234474952013,0.5363115471116914,0.3822500834467064,0.07767594090371266,-0.10339171708741912,0.08218990686248384,0.15611061563224848,0.8009991771424964,0.2728457083746092,0.06479049373855816,-0.07657850139354927,0.06042945198115812,0.15306832621942923,0.646521631737602,0.3691587285088349,0.04737925030878842,-0.13799656507925018,0.08159244050541736,0.1996932630276922,0.9108518465174378,0.08556965678958339,0.06000909663938381,0.21896813986178443,0.006315188427662877,0.09183760149542697,0.27175128376659735,0.2197418627906027,0.12226177276151207,0.10165738869546326,0.057134095987612765,0.11015232623763271,0.33933121630572066,0.06254322431089765,-0.03850759933991943,-0.013420910742033554,0.0029509207361440026,0.001336528272591453,0.15785670291299309,0.20236660791238803,0.188075091466134,0.15213597521177324,0.03951540524601249,0.1301330030105583,0.5873017572324378,0.05267744607548486,-0.06251698228470526,0.20338006960829857,0.0024012319901338675,0.025959871076672858,0.40952314194641165,0.06887423552599459,-0.040925009166542736,-0.0053817758694896245,0.003501544725782013,0.0030195380501583102,0.22157155001972836,0.060060830125371556,-0.05561469336050073,0.16071062983126705,0.0012540527142868019,0.010557224212989658,0.30223335178157984,0.14977454557771508,0.10612810454340327,0.139178918154919,0.06317683704207377,0.09239713537502126,0.3834383998645075,0.3915661688868972,0.11594228139492424,0.06719061668195447,0.10291782755251089,0.22507430061082823,0.903446448425468,0.10224844969696267,0.0795829712919256,0.11079270704782695,-0.01927526003374569,0.030780133334102233,0.425741186963625,0.2809123631322348,0.1424354224315918,-0.04305797373869413,0.1022914717387613,0.14431260443631055,0.5618639174958578,0.1971165788969036,-0.00963888871092089,-0.19130147443429335,0.04149641795600534,0.10308614051763798,0.6920269851730048,1,0,0,1,1,0,0,1,0,1,1,1,0,0,1,0,1,1,1,1
2020-12-31,0.07807928238874351,0.1760656511886367,0.4247273864858967,0.038836109887073755,0.09674869593007163,0.28268427467830504,0.012390321764472745,0.03150183488260505,0.1862045579959728,0.016233460346191775,0.006303148157199567,0.09705686757991643,0.016669100619614907,0.042217578125000044,0.06538672212267782,0.01895459593166815,0.026414341601362246,0.20434142010345854,0.049515166508324215,0.25976523495395476,0.2980285822758153,0.03593822353174003,0.10844093824293743,0.22290371466755965,0.07797183593452894,0.42978004409322934,0.21332236175938601,0.03305569594810409,0.17095136321756255,0.29471418779188024,0.0005005777890629837,0.22412254818840815,-0.017662446204025795,-0.03493203426905711,0.06280641576262647,0.41596102303667015,-0.0603093387390129,0.20371702318718854,-0.01853879313638218,-0.04331973657938193,0.01959425446937124,0.2765692630739235,0.042869132672956445,0.44705877462786314,0.007207290074694672,-0.026584826536972694,0.10056728372290413,0.4924805724726091,-0.03963359220858664,0.20406706405715203,0.16869945264149666,-0.006138779197033872,0.013672267290134155,0.14852138906920817,0.10965710675520368,0.32640007325971054,0.2864232499534649,0.06537869392580808,0.16383634350148202,0.2984735371366808,0.06237348492226724,0.08365389707587689,0.11573892230595773,0.03320606381098168,0.07012887586486238,0.17764771281882039,0.04121600377157941,0.3101352302071281,0.3499908404753709,0.039865532984127316,0.10455126231293299,0.21166502775101148,-0.04994439509393145,0.050857900196547456,0.1368401178158749,-0.008423516203318604,-0.01196958011050897,0.22233861453319256,0.00752788071669519,0.020371465110966103,0.04354925520641317,0.011864770942681124,0.026373191589040168,0.13740639946488464,0.03273440709395725,0.08153786131226437,0.060946363538634696,0.01943118110816955,0.034900195016237534,0.16618911176784176,-0.09779381389516906,0.07742592699377959,0.1469094919588052,-0.052094567449367246,-0.007213288428771891,0.27725417656484974,0.008779895897888856,0.41053601116147376,0.17906172391739505,-0.025141820521412672,0.10910749257085728,0.3864983809752035,0.0126068434535056,0.12809054732509173,0.16704155790712205,0.02421197615646542,0.03758167014898128,0.139216005627531,0.04537564626246615,0.26380022338214104,0.19432478958944466,0.024005445157742944,0.14376444387887122,0.2909090499844652,0.032048436098996325,0.28000327404142555,-0.03024779822420942,-0.02229578484801986,0.07730326722576497,0.3061204006038781,1,1,0,0,0,1,1,1,1,1,1,1,0,0,1,0,1,0,1,1
2021-01-31,-0.013161448652246,0.14626827877330761,0.24624496874412838,-0.007964970401373339,0.03381608685510806,0.374578777410921,0.14430000235981688,0.18178948175294085,0.23709760068813046,0.09840626374966677,0.12699866966369044,0.25889937690334863,-0.02424029260319871,-0.0014980272458100519,0.013119835896217458,0.0010326492735786008,0.005873849093470662,0.270482095976859,-0.011007329074884775,0.2674085597569025,0.20750100572124053,-0.06711135107329069,-0.00983710992468112,0.35112444775156104,-0.03903482064815711,0.4212473232605567,0.18394654943847488,-0.07401737318906954,-0.022871764678170647,0.4268622425455169,0.0004995020509839243,0.3727707566490088,0.08377134777144901,-0.08019324531894634,-0.05081027480522371,0.46900962611815844,-0.0015236322678626735,0.25659374490365416,0.04479412704597907,-0.05822018675469243,-0.04651278800325398,0.3403170819562877,0.014200732976354491,0.509507601246038,0.10553397450288204,-0.09480514956401076,-0.02869770459592358,0.6451057753302779,0.052475075130157034,0.17373206327447388,0.22810568583243862,0.016432114574803647,0.02790465792001684,0.3439782852914815,0.04517246818071574,0.4354430479287903,0.38562743111024966,-0.05227223660719604,0.04831517866890378,0.32859472929851996,0.045370643873535954,0.19734364583467157,0.1344465305732494,0.008260832216988367,0.05561650554222197,0.21654698130626962,0.03379595888346065,0.33371053344164636,0.35346880803307346,-0.03676462439686068,0.026369702184600996,0.2850633904655562,-0.049803320862469413,-0.08011962871159173,0.018370152105419812,-0.02530600001103034,-0.0486198170329345,0.3669492869718569,-0.04367771927800257,0.023568668959113248,-0.024880505477968273,-0.05466900358795346,-0.04741539026304087,0.2487893474038393,0.04637318790250666,0.13602640764427854,0.1371614532808869,0.04487665604674951,0.06134440605440128,0.28173753936188256,-0.012233681615074543,0.09533992694241289,0.004251790659306254,-0.014862283295544398,-0.038539377049786494,0.16693684711145326,0.015082562258960097,0.5463216654728211,0.23992554000221666,-0.07652635820744513,-0.02412355715076242,0.5123965684227807,-0.033073769457256375,0.1024106462444423,0.11024347816816582,-0.0481220476744747,-0.03187871184919022,0.254441961622245,0.004369519485870832,0.4199236523262002,0.24240375369552125,-0.06764855832523786,-0.0028100506305615003,0.4938386092578208,0.07788482530932384,0.3928368849961781,0.11282739436205858,-0.031031143234449887,0.039584996319418364,0.39286542938449,0,0,0,1,1,1,1,1,1,1,0,1,0,0,0,0,1,0,1,1
2021-02-28,-0.11414980313336287,0.046636197069780394,-0.026872261788355667,-0.07789054874210222,-0.08023987509789743,0.24656679012405994,-0.00506680903311485,0.13018080314358804,0.08422503704222595,-0.03058060393152373,0.03572388382595837,0.23040752659263894,-0.04469021823195385,-0.02892868787737124,-0.09031470803653496,-0.05153504474970472,-0.042896598142756925,0.2612938037280518,0.1447890856941758,0.20311189952761022,0.35008213509318153,0.04006240340566869,0.08644628494204709,0.28302481994236317,0.10111949208382875,0.1644156406958115,0.3005610904652489,0.03617469802383688,0.05449092829610458,0.2900518068409023,0.2767612237163479,0.20301731790845734,0.39274048073552703,0.10508848118922298,0.17918693528670482,0.43199653005055183,0.13922180251908234,0.10064613320562965,0.21193935461083102,0.07804218910939831,0.11307695862035394,0.3055307362830191,0.20178731623941304,0.22571443510228018,0.45977639976583706,0.06429291105454671,0.13610231334545864,0.6833379406711784,0.091037165100047,0.14612304171992618,0.24156296981950787,-0.012040954078848976,0.0728568301986543,0.33732297947924206,0.16166074209667225,0.3579998556468478,0.5377877774257946,0.04981927948764997,0.11649828887818425,0.2642762030679406,-0.057412699164267056,0.10974465309738868,0.04952330986203157,-0.02635050535128114,-0.007160986199944763,0.1986754546494584,0.13111995698972811,0.21470085209623035,0.46170373983000124,0.03708068584937729,0.09473555583096016,0.22160823001933364,-0.027849012297834652,-0.0652055005804546,-0.12141042998319906,-0.031276090013867774,-0.03616344189840459,0.24926989494083526,-0.06801835160831005,-0.08576680528076575,-0.14092491378386107,-0.036134989727201416,-0.0786719037558915,0.15430679785679763,-0.02517371707920757,0.0890506942004814,0.030651726873199392,-0.029032138915865535,0.018156276206973132,0.230049647578245,-0.06609038938793732,-0.07324580739537467,-0.047823006240089505,-0.03324052409853484,-0.06610673784873689,0.11057517506775369,0.23855722005539448,0.2764957037672846,0.5185710490145128,0.07792477532353281,0.1476606911802476,0.4829822442047864,-0.01753659076637437,0.000676176079547508,0.07417803816629354,0.00648024831340388,-0.024244963208990278,0.18436230086410313,0.17768467260934573,0.26913139901676897,0.48235293704181337,0.05474328900149161,0.11635948282399289,0.3887715380195111,0.20046293288003691,0.35489653879772054,0.4249458334170826,0.0711230044915463,0.16297479944185977,0.3621592522570921,0,0,0,1,1,0,1,1,0,0,0,0,1,1,0,1,0,1,1,0
2021-03-31,0.0007371677178169556,-0.08515881901421196,0.05814335924345082,0.006148856249274637,-0.046425008382587785,0.32448291462351425,0.005537913931964011,0.10957938482609664,0.10928832575431269,0.010915636659661665,-0.0027991622356551282,0.2193870307435851,0.029643891853421422,-0.05836237945075695,-0.01735619307993075,0.009082777199824088,-0.02544306315249223,0.25006393124956794,0.06760525279557084,0.2969371224284707,0.6240977954191418,0.02621925258036928,0.11035761119411203,0.26004277038431256,0.033674254096031975,0.20555560911955162,0.7230210727224831,0.0045079152473208595,0.084866723813666,0.2817813214390844,-0.012858600526715946,0.3360781404350821,0.6478019482652284,-0.047850066380172085,0.056430842007200166,0.4024601944750076,0.011584138121186083,0.24541478250470394,0.4977075951428922,-0.020512311249056503,0.06262551196991661,0.2804902775027719,0.08269906480857037,0.44348518220066424,1.0511251676666276,-0.0027361012096536186,0.1152526161174483,0.4896119354677251,0.025409974559277515,0.18791635043992638,0.4072869173858309,0.007312109377744402,0.01944750400801909,0.28281641432132204,-0.0222170109871882,0.26530887254183644,0.6424033370713031,-0.027033388035701766,0.037819043235630234,0.2421791042033401,0.05204178514011937,0.05975548779223505,0.11851137614259799,0.023894834622357086,0.015285123345877949,0.13892679587514412,-0.004446964335218517,0.22308810058315443,0.6074486173836382,-0.007190281396425746,0.04489126267578469,0.22520742061797533,0.1531656380191586,0.08334873807452436,0.1245897296055627,0.059967576666305256,0.08542797461784257,0.36452520008905,0.060945974785150625,-0.03502491332902635,-0.05507592048809906,0.01789702575791119,0.019394058773370526,0.1692660103028716,0.03607807035393895,0.06600949867375783,0.12647601276260012,0.008395672469832194,0.0018842281589899201,0.24781360366918664,0.05350403894335343,-0.0031534718605585876,0.06263851381773855,0.023229686805099847,0.031360275974553486,0.1498881312265102,-0.041593212530597445,0.24851749506157095,0.766246919424604,-0.03653303098996885,0.020946845538050818,0.3478442517922449,0.12173477924332099,0.08232633168860892,0.2019605164287177,0.033397547814224327,0.08256373190578747,0.19349335194150583,0.036614472414860044,0.3174328241681186,0.674759019132444,0.0012299502784689498,0.08619661764098141,0.34979092419458346,-0.012208018175396074,0.36485870023256406,0.6937948596616541,-0.0447756578657158,0.042819190473971425,0.34783370810886,1,0,1,0,0,0,0,0,1,1,0,0,1,0,1,1,0,1,1,0
2021-04-30,0.06878076875853023,-0.018514164846701875,0.14363166382927783,-0.005999564550958403,0.03995952002227132,0.22061444725622276,0.013291388914073554,-0.01647711827874332,0.15244210390679847,-0.012552811534443875,0.00017835214922357068,0.19664606853568112,0.09693767067179704,0.03725533138779458,0.07985334881605288,0.031438266489664635,0.08424173694143677,0.18738985614202647,0.02633574422645446,0.35952317654979904,0.7410866203434505,0.024973227038228796,0.0650327825719772,0.24255853660545396,-0.0192036847209891,0.22771601422662546,0.7581270276767784,-0.005659798909446456,0.003785710498698691,0.21232318175578385,-0.05331355108163116,0.2677397566779254,0.769879429926769,-0.0017470365657997755,-0.039050572374545456,0.35488452197724973,-0.025342805493559162,0.20966242841899274,0.5416420068815293,-0.0003492338422032004,-0.011815705940961596,0.23416550972341899,-0.01708736760815166,0.4426774103495774,1.1935444937998017,0.03109045652338227,0.03810120165296227,0.415876079115492,0.1050436485141708,0.2432184801824535,0.5116771716001465,0.03216687923101924,0.09818330613208781,0.23434635988052083,0.06351471015618415,0.27331816402159403,0.8517711621132844,0.03475153497884964,0.043162253743372236,0.22520536664069044,-0.0006143498440168704,0.006359255040998102,0.20185517050653679,-0.0019596144716240715,0.007396428061142268,0.14240425714526234,0.006544179614038637,0.19361159094785707,0.603685531185125,0.007840164615865897,0.012051574017045041,0.1956180775001518,0.08846173373418642,0.2407160629824392,0.1575686724967429,0.054740394989638785,0.13158981659634184,0.3372901447868304,-0.033597218802099094,-0.02850890895014868,-0.0018702924537078447,-0.029537339020826225,-0.015973633025189615,0.20351162377825732,0.040560945122651404,0.05470789334001247,0.23789836978632795,-0.01585043912762707,0.038088599091612885,0.19846669490780441,0.06473811150094977,0.07960853909992727,0.17924492219889898,0.022148646054643173,0.07006783545765294,0.16359352312128295,-0.03736646296550716,0.22639455742972814,0.8921310159501388,0.016439780780449276,-0.01795621122476898,0.3887866492395887,0.08644143113526992,0.19825417114337518,0.32263152851426113,0.03367753636770798,0.09255691938126587,0.2126476787651265,0.1367651523397173,0.5069214513250957,1.1475904451761072,0.059626168821868886,0.12257934244434532,0.33473333931897453,-0.002613831353176499,0.2959054410969615,0.8082048793480578,0.014479950353922355,0.0033902655211026644,0.23827399781325068,0,0,0,1,1,1,1,1,0,1,1,1,1,1,0,1,1,1,1,1
2021-05-31,-0.050497257465952794,-0.002384422018218868,0.07220326084798989,-0.016806548530383436,-0.024590991096534398,0.24931348406778472,-0.028564435233525143,-0.044492907865442466,0.09226858752943312,-0.008318720501328647,-0.025059018846656955,0.14658638079894257,-0.07047025525869377,0.04153782249503846,0.0086782949031039,-0.0071435825185603985,-0.01165956471783891,0.22719169976362732,0.045891523715404725,0.1990018732390222,0.4786497250757704,0.010608901285324768,0.05365956686707141,0.1560992061131081,0.10485689023120637,0.15015837331061932,0.41049963452267435,0.03679010614923994,0.07310375941317782,0.15312305820007804,0.09843049379344682,0.0744784424022793,0.32514344815461826,0.005060054849803208,0.04996125116310823,0.3572022286117027,0.019311902382543877,0.025580561590692108,0.16685526087044544,-0.01774321442302884,0.0006111587760884163,0.26709513615245695,0.090983162081538,0.2531435989625186,0.5806789757591806,0.00031755522411169856,0.07010393815973814,0.4259093821024017,0.0014235039219570034,0.14161931232803582,0.318871971039165,0.020918756772752234,0.049845187370485045,0.2351021349980618,0.07124818938998079,0.1279279052576292,0.6006172468326996,0.02715856960476426,0.07775234961311406,0.22705153176510057,0.046555161238283516,0.07097180116059043,0.19005471250167072,0.0048081474437797755,0.028573897447119023,0.10508169169738918,0.06781090042613269,0.10130879670392945,0.3726869786051761,0.020618660133402633,0.05434805270713494,0.18481799740360524,0.011228203099587386,0.26922770448664757,0.18329076988090764,0.03590525477657991,0.06723042887963748,0.27492219181985666,0.018657827734532173,0.05088238505247222,-0.03379247426990584,-0.02673307100661415,-0.018309183028126785,0.1771801938289778,-0.0076271337672078054,0.07006701603588517,0.1654180293707217,0.010627180040820194,0.00660359973654967,0.2210516838183881,0.011943851204704092,0.16716271566368235,0.06196905688734611,-0.021811099712571447,0.020869108760988242,0.1610515436981033,0.1582254177569824,0.11336183604116101,0.4473211291272179,-0.0040214114527008515,0.09080910141308696,0.4146755300394346,0.03289853566967671,0.235307566438393,0.22764607725784614,0.001106907290493675,0.047806456603719516,0.14080209465256968,0.03933204254739575,0.2606870933588179,0.6503896427755034,0.008960650083757127,0.07935744248814869,0.1827175295816179,0.03459688449743781,0.05618584215028677,0.4985328175397863,-0.021640054239735917,0.019555072275597496,0.29388288566229887,1,0,1,0,0,1,0,1,1,0,0,0,1,1,1,0,1,0,0,1
2021-06-30,0.09515440836150346,0.11538739787052021,0.027503019531269324,0.04960257130786361,0.060148779601238545,0.15907189773093605,0.08447156069479278,-0.02172817476005262,0.07731842863605953,0.042109641710958545,0.005219965577142549,0.17766883446785053,0.06375098635122045,0.08831377592027012,0.046961973788048006,0.01723720879627444,0.034629832894637724,0.18342594465533704,-0.03578107444135459,0.048456552113794515,0.3878987963914846,-0.0033720763774942597,-0.0012905305008088508,0.25517351105975217,-0.11407487547509387,-0.025949709216438688,0.18056742751309973,-0.03597224667137355,-0.04836863506844291,0.25304829654719363,0.032378416281539035,0.1361326350839016,0.5480515336104945,0.012628694212187153,0.07438228256859358,0.3058163933153879,-0.030903118935116436,0.002573123502020991,0.2600581782985858,-0.02126325979082877,-0.008707998614155388,0.25151590900194326,-0.0214610319349553,0.11371865854221119,0.669919910335842,-0.01842208122368527,0.03045440520531484,0.3971727161046232,0.03003469243175938,0.14649868470782135,0.40635847241771783,0.006746692132143295,0.034933349153240645,0.12801481169202714,-0.010196824782357505,0.16228724545628426,0.4735310172816718,0.0191667658290533,0.04304824841202648,0.25190462095588245,-0.008784445083033887,0.01804222362917063,0.06889809747924747,0.0015138956524620717,-0.007076688826705535,0.1274388815623742,-0.06335045955964769,0.017865345216295125,0.2570424572534118,-0.008645819548485867,-0.015522291120769527,0.19535232055414514,0.05638780351171624,0.16423362888581372,0.2789568595596694,0.03130761028550322,0.07215251773849118,0.24482178143115624,0.0834784351636424,0.06633186856635387,0.028983687289838578,0.029547224402636463,0.04780417784983837,0.18234660679478024,0.09543055660340083,0.120385817911006,0.22767453611713373,0.04118216965339161,0.06683688200708637,0.13678282453201948,0.009538425460401845,0.08941765707000227,0.08808023070490778,-0.004879100827914984,-0.0026470396334808965,0.17779209158730058,-0.0972923924948299,0.14370902952748854,0.4757313150883804,-0.055529344399160685,0.01075090287396141,0.37353110149306895,-0.009716434550384956,0.09490465613693178,0.16911921372001393,0.003668509413187415,-0.006734098336850569,0.15111441132158962,-0.0324716074283804,0.14531406305821082,0.5305017674996928,0.0033674796504148397,-0.005733257934135816,0.3489838383956677,0.035116412078837644,0.11515847494705955,0.5645627404941118,0.005419272496029137,0.045709760528712895,0.28353616747721144,1,1,0,0,0,0,0,0,1,0,1,0,1,0,1,1,0,1,0,0
2021-07-31,0.06257747458377927,0.10236763353191658,0.09084653626548844,0.002247107092420819,0.07400067203702143,0.22814060622798601,0.03653626175282687,0.01598431388496735,-0.00533307340217859,0.017134517897122947,0.05373891401718445,0.12437156810283506,-0.030696436248194958,-0.01739259339362076,-0.00457387559500233,-0.08208414019871468,-0.036593840685886225,0.3651136895752035,-0.07655277599918797,-0.050259426994382905,0.2921497944004092,-0.011225561582674626,-0.052834736823866635,0.2851727700535682,-0.04062924289386993,-0.04999389705723589,0.17403243333904594,0.004240690714515383,-0.05364303617596644,0.2651995143803641,-0.10164408312310158,0.07941159353037563,0.4112262002560165,-0.020771691789993052,-0.03451382907796885,0.33711159372217087,-0.04142737018652065,-0.023441600944715257,0.2095008877020761,0.0046031186749180275,-0.02409617482183346,0.24426853122348888,-0.1373913474931865,-0.02361842704721373,0.453172661373056,-0.04519474439711968,-0.08861265555528341,0.3723520902835828,0.10030678207516153,0.1499949834980725,0.4233651831527834,0.04547801175847277,0.08931178111466043,0.2271955226647722,-0.0002934029427547058,0.07421216281861942,0.37452613191541806,0.009293821677507585,0.00885312618068057,0.2719195845698771,0.03759932515137954,0.0488125432547204,0.07156788926652813,0.013385181372986166,0.028220487273418415,0.11031497073423381,-0.02817245429832349,-0.004599314669486931,0.18464554659434818,-0.006860635836231532,-0.02651220444124236,0.25054703519510807,0.005389668492991273,0.10453225720793013,0.3598720319974005,0.008415726098576215,0.04189271168124975,0.29269717099328235,-0.014360985852208463,0.06938948498455377,0.05954098722355705,-0.008755836253268812,0.012064454650847933,0.12143572480637226,0.049005928666968845,0.13383580858460875,0.19434828403353066,0.01032815579049906,0.06671271288865555,0.14644369526828802,0.09195498805792113,0.09523941244738188,0.21853010672165185,0.05859258031853076,0.08235966272773543,0.15323684934596193,-0.12821284108789566,0.025708229851751918,0.3123321907097134,-0.02184967233506996,-0.09269926424173103,0.4119714258496343,0.018103376968536145,0.01928991747624953,0.2431127621028466,-0.0036569894261601066,0.013310270806840219,0.14960004250842468,0.011671458051802475,0.012318115263030949,0.5400441644780798,0.030946473194054303,0.017596526072548135,0.3594626236802723,-0.08994638001195077,-0.00699296195307475,0.322364052069569,-0.02292907245938569,-0.04980563714948949,0.28957048844178057,1,1,1,1,1,0,0,0,1,1,0,1,1,0,1,1,0,0,0,0
2021-08-31,0.03187771127544603,0.23083588818955403,0.26792447761413984,0.02359935181907602,0.04807737752935104,0.18785452968278873,0.03480171238990004,0.16163987817393521,0.09746447325269458,0.017508584878505262,0.05053562186169969,0.1278544386806963,0.03105844298012017,0.08904277752572631,0.1656452187021269,0.04879141686511668,0.003047152099571626,0.16641172890690548,0.08300893090898742,-0.03468216634043453,0.14865066915146086,0.016458053461437583,0.04284268311409423,0.2096470146199846,0.043989590442753634,-0.09020507722042082,0.04499081818043904,0.001971604871731536,0.033511672018036176,0.21004490106795184,-0.01959739168758612,-0.05911251925505956,0.013843595188820945,0.0028896569169005737,-0.024893161402941955,0.3012139387016242,-0.044106281709729744,-0.08844044526392691,-0.04999812542767901,-0.017961546240214177,-0.03360974607272449,0.23684233333987142,-0.08360483542944541,-0.2081639238173687,-0.03227715453410118,-0.007452914656124188,-0.08733801155960308,0.34493576807544535,0.0668546249710038,0.23273743305993166,0.42283645951097304,0.0433610662943158,0.09614459132496855,0.13019013315526598,0.09243717710083454,0.06894265976125147,0.266126294067909,0.026800277259312555,0.08025088049452678,0.2202116000920759,-0.0013256884863369622,0.04889674257649301,0.1448711208252309,-0.00846153216751333,0.01601864833659028,0.10633735393051423,0.04617702866361517,-0.031884583168663605,0.07478205004078076,0.01157022738340685,0.03260448099457802,0.19071751131977893,0.08011608943611703,0.16359959175475924,0.4725196209971738,0.041797608645299134,0.06407797878176891,0.18261822305384134,-0.001570377851241589,0.041073630053406474,0.12716742552599358,-0.00632350250965219,-0.010310583767253467,0.1274139504737682,0.05341961148529539,0.2309547621625765,0.3370804027135217,0.023767214287409022,0.06008598880289906,0.15349817935095103,0.008537754843987111,0.19289895062983797,0.37267029121292716,-0.030421538442603313,0.06657680956269618,0.35468045672234894,-0.025450243786499294,-0.22879273989910687,-0.010590869694709237,0.008116843573242383,-0.04014651648378187,0.34609133012370935,-0.013344350963661822,0.024106773131626236,0.25604073626828705,-0.002524381311303059,0.007353788037642195,0.18274658616918565,-0.0198824328325633,-0.012076789762838325,0.23786480302779767,-0.05885740741593637,-0.010614659198768805,0.34873223726406005,-0.04905126293411388,-0.09537064638568182,-0.04357906583776283,-0.019289015830440737,-0.05621093545432665,0.26654058904519873,0,0,0,1,1,1,1,1,0,0,0,1,0,1,0,0,1,0,1,1
2021-09-30,-0.07219185081501067,0.012518286820482283,0.1275038432844573,-0.04453852118837509,-0.04385736492857806,0.21164617084631632,-0.07276284705583824,0.004572541039766342,-0.007048741584880336,-0.05807954339055066,-0.04789144050036953,0.16099008861019407,-0.055751642523802825,-0.06435238782074826,0.018070906389262342,-0.04074997314801532,-0.03400349786245793,0.1729657893347392,0.035871036671720535,0.036877893495898206,0.07656136668976177,0.0336136878127169,0.050035106020536624,0.2799266046565027,-0.015846180071804605,0.004176166940508708,-0.021363517507656304,0.00032079628497072576,-0.0023734680171809686,0.2796410046700822,0.24007309015641543,0.08825727000553307,0.31812933716382963,0.12470107828533217,0.17908831272998138,0.34621815671135947,0.05997298933811823,-0.030660925713400622,-0.0041492854562757975,0.03191374935304814,0.02896831790508525,0.24318471494578653,0.20961462895711613,-0.047224818848333405,0.14469203139368414,0.09320970316061294,0.12938648996367808,0.44853491525743056,-0.07946450148328754,0.06720969766883855,0.20485286977280892,-0.05178510169069517,-0.0373157207539323,0.19680369277731427,-0.08613341947269348,0.015252481559995701,0.17806088006174936,-0.04617482628958425,-0.04349303002279137,0.241517640500984,-0.07045006558485623,-0.03858638230538003,0.00026470690376467765,-0.029508276275670542,-0.053836472479919184,0.12277812557501838,0.024855789750509727,0.04909293794810288,0.07169174000072132,0.02503559400279798,0.03848653383882272,0.23450912674110946,-0.1116606763978848,-0.04316325176829272,0.09866964303938497,-0.06520357742889482,-0.06652412044046785,0.24939600586408625,-0.0052098750538821514,-0.035838407995885446,0.040303554309293776,0.022220164284588062,0.00022956922931594015,0.1665912359573638,-0.06596429848154128,0.017322671411055257,0.1366761284918412,-0.049579259071033444,-0.0415991414025777,0.19288728973763003,-0.06581240025759505,0.09236239725981421,0.2080263206110704,-0.038162507525785094,-0.05453418465643445,0.14856591254177745,0.059328193976974974,-0.092052699511326,0.08496761832800548,0.045373619690639355,0.05076238217999385,0.48521591660061053,-0.06047314781007418,-0.04213529926911841,0.0631251743549921,-0.04927032681525034,-0.05494861109923477,0.19870958409061862,0.06812442916241346,0.03421343334120275,0.18322397937207868,0.010956940399680981,-0.008888899425366636,0.26466255857075355,0.09391861108949007,-0.054768312722048296,0.07221476521043035,0.05120186791327841,0.05114206129491361,0.2970179934217751,0,1,0,1,0,1,1,1,1,1,0,0,0,1,1,0,1,1,1,1
2021-10-31,0.050122532303622735,0.01808107765617173,0.17543386489689317,0.02807277902473415,0.016524742458017716,0.19163850177250968,0.10389602526384523,0.05951236527392956,0.10498741804904599,0.06647480795686089,0.046129104578827684,0.17823888712458047,0.027159052314123855,0.001838902061965575,0.018285740507850035,0.010692006377117647,2.1141038017979952e-05,0.2501628116964338,0.10909920831227526,0.24578030210899504,0.17626849627763197,0.04496525167062759,0.11060313192409454,0.23628659591641876,-0.021337182564047263,0.011341918542339569,-0.029705740425779337,-0.02288218097539718,-0.017987652713749802,0.16893230243580537,0.06900849482287175,0.3230491379555067,0.44755610289974324,0.009139602685173775,0.15018218096414815,0.2494441278487722,0.09738345133368709,0.1309318335177163,0.10690737600073952,0.042562216212257864,0.11349726296698459,0.16346988326689277,0.10695161557247479,0.2606446154597075,0.2606538042872024,0.022866852979640084,0.16800157565693308,0.30270530313977445,0.08424462514915265,0.09154340764889346,0.28354517755799535,0.055275657796775235,0.05106624567329732,0.27769502358048265,0.08776330568001511,0.0920143768321684,0.19129131134848554,0.03157493584318383,0.03344802532654345,0.23257411757084853,0.015018532603762846,-0.060451455058018744,-0.017284846430759337,0.0073846559057884065,-0.0181765291479824,0.14074274163045647,0.022639599429946644,0.11788707230105655,0.10559962227465935,0.009843412186517408,0.04459705147896953,0.21096904880276288,-0.05667465370615432,-0.0787780643751178,0.016365221134769126,-0.013349646290895967,-0.07545879950123391,0.3583611345533876,0.08169546982271392,0.16266301230057856,0.2357368629632941,0.0849341097410643,0.14006705716739387,0.3062153382766825,0.1470771016542698,0.15719829040975752,0.34396876177406566,0.08990690218966124,0.1034379892959878,0.21181935992521758,0.01886803012759719,-0.0424693341434873,0.11567088761816224,0.030061097699901396,-0.012159420198975868,0.16092969604236523,0.0625823062197568,0.12121868632237143,0.14593257133623228,-0.01957213117378187,0.0704994985651326,0.33783778334330306,0.1733810602175201,0.0952506805341824,0.1274826802531972,0.08382732549139793,0.1025608271872882,0.218548408806805,0.08804777321223023,0.09721697284505959,0.12581463186729436,0.04726624697001447,0.07874234420069759,0.3084288754696178,0.058099438204067155,0.12449830148003649,0.12179791140824814,0.028270628353072924,0.10153153007805482,0.22053382750704198,1,0,1,0,0,0,1,0,0,0,0,0,1,0,1,1,0,0,0,0
2021-11-30,0.11131367558669059,0.08544530945215767,0.34198867033224056,0.06998941078296594,0.1103147858156317,0.23384015183413367,-0.02458515918163484,-0.008982833718324867,0.1605882826067535,-0.011452092188275143,0.01756207145491895,0.2165345067905797,0.056948069321350436,0.008068430253473036,0.10042645956782947,-0.005818121836153822,0.02689166967876866,0.2904786324587533,-0.07063736665157094,0.08516334410769932,0.03347690723352814,-0.049776321412150604,-0.023255720485403364,0.24619943639663253,-0.08490161750353653,-0.1002432339693885,-0.18823604974115493,-0.05467182998440134,-0.08003337204962768,0.21773106875166032,-0.059793409650539364,0.29096663983669946,0.1954052378632436,-0.03775293155702264,-0.024817942059991882,0.3569977812937712,-0.003103793360848761,0.192921461247336,0.07550754223080736,-0.009851818932115064,0.03313187977815368,0.20946775506770385,-0.06912034951129853,0.31704749601529914,0.024968669244506803,-0.05060692034791847,-0.020906817297760116,0.4353176621412402,-0.011146515594829265,-0.02284880405211198,0.20888315965970206,-0.0341828340761553,-0.005196805083664713,0.21958787111781522,-0.08569717650969155,-0.07897774691942461,-0.015123124023963097,-0.04916273891422773,-0.04373285902046764,0.24052607429524614,-0.03722634608315556,-0.09663075286299283,-0.04912054602994442,-0.03501494331715205,-0.03346952394719516,0.14501402964195667,-0.0646054026251065,0.00041991265471885697,-0.03287057002710392,-0.04267667223557248,-0.043983794933217135,0.18768919711757714,-0.016728290161467596,-0.1507393409912704,-0.004846001944626921,-0.036803420507482754,-0.030996427262620196,0.29651713072615526,-0.14719906112910253,-0.00785839478714978,0.03140309188521484,-0.09589560023530963,-0.07221597456719842,0.45432068223345085,0.005539936610340801,0.09728914028711344,0.3504896875980439,-0.015689027822252677,0.050136179443061035,0.17474220374746666,0.24201714058124169,0.17727245684917858,0.4034527253992024,0.08311933960262996,0.18559903377488807,0.5147700442520635,-0.13509233275114307,0.02935757241883108,-0.20785073434053136,-0.10025279157728784,-0.09712922726135764,0.36677987774619963,-0.021778816325061956,0.06811844173162096,0.09670532753207106,-0.016667392040990325,0.027819326999232175,0.2128046948032574,-0.0724331815054774,0.10390067612268483,0.03687571712989657,-0.04921356488166362,-0.025216535202221557,0.31528128490125334,-0.07596835103149091,0.1278444918914008,0.0062455132005407865,-0.05479843075266255,-0.029739858432493826,0.2913471685262759,1,1,0,0,0,0,0,0,0,0,1,0,0,0,0,1,0,1,0,0
2021-12-31,0.08433084910176203,0.27805921659211164,0.2540178790690586,0.017701095821615276,0.09577608756031775,0.3045859104197793,0.09627692162775969,0.22291544323981127,0.1935812445243641,0.032821595089745026,0.07521475019353163,0.1895897594606275,-0.029970681511258368,0.04531972047031685,-0.09287929552212537,-0.023596633268905598,-0.0348002412523023,0.22769203531111198,-0.008911039370863683,0.03147516706757658,0.121367932344558,0.0048899940785192,-0.026048628265296636,0.2195883035102624,-0.05359652783364521,-0.14675711502405653,-0.10157035880906651,-0.006138540355854372,-0.07079014205703493,0.19135144467000495,0.015720499832754697,0.018535937082416076,0.21718375601102857,0.00750637005688759,-0.004566437418692226,0.3012854501242193,0.01919398338315803,0.13355886715126442,0.15690673951854284,0.0059577342500301,0.022828879499330323,0.18268438440345441,0.05008206377660129,0.056854679732967206,0.11038173709345611,0.020931316409443568,0.0032569637095813952,0.2846365852651153,0.013191978104768465,0.08373890645010307,0.1478882516408866,-0.004217083204661298,-0.0039793454081935575,0.20079027762733326,-0.012876314421871649,0.027846472898079844,0.044820793696995986,-0.012617542823455175,-0.032853721192551366,0.26335630512941727,0.08899377694378696,0.08146340628421078,0.031218444171947413,0.018692339883481512,0.04228763132240698,0.1657848347750449,-0.01774070215125534,-0.04579666466902621,0.03842115882110164,-0.0010564939326270784,-0.030805929762026896,0.179804956555466,0.0836365290293466,0.031021049115419697,-0.046572999940888704,0.010421137169096317,0.012526602470688486,0.29291467518242564,0.047057870680457636,-0.06898803809739429,-0.0006341799531806025,0.025348598450447346,-0.029207409384412908,0.15134717031107434,0.02072898817416191,0.19012175176037727,0.21580491988015882,0.009636417192514068,0.014174396681503776,0.2843461155218519,0.11331101773377972,0.40425116390559346,0.5298515512173354,0.04101483531311523,0.14545813493584303,0.4320642611562233,0.021487025815918326,-0.026010590573748882,-0.030788273296117774,0.00415734956611713,-0.03934465881912008,0.2829868787329617,0.1294962106594748,0.3017177127074746,0.23225782592585142,0.03517280892220542,0.08210710991619297,0.1591851016273142,-0.019014667451327627,0.02435671003357953,0.11232196758449264,-0.0142986978147156,-0.032528381021631136,0.3174266016067585,-0.00146874379716877,0.004736615994544335,0.02576083114218819,-0.002632469067422538,-0.02001975968635772,0.18165101565293174,1,0,0,1,1,1,1,1,0,0,1,0,0,1,0,0,1,0,1,1
2022-01-31,-0.01571218465773072,0.17504768156920347,0.18958577304344004,0.028955936874443422,0.028053539359412794,0.3498149154600005,-0.09116427107999081,-0.007991590949434357,0.051452849353539554,-0.013053293328516902,-0.028259318922617682,0.24845843379193502,-0.10282991021845667,-0.0984415857467219,-0.1113319030560278,-0.03799404979172427,-0.09922981556901689,0.37726511798369594,0.03708704325634815,-0.031095384805275517,0.20881072051774718,-0.017315244603954727,0.011738804014429949,0.3046767888366157,0.07832414777624064,-0.06450216483413673,-0.04773588356991143,0.0032739066592215593,0.02718767017949064,0.27624291091526054,0.22776365870217563,0.19139127072577167,0.5783853640921395,0.05958502470541349,0.15975295256580302,0.36747028233863277,0.11913085340789165,0.15993959537537616,0.31227075566712137,0.029720213461876588,0.08949218386545388,0.25173423005430134,0.264207475143752,0.22951285514478026,0.5667425280249909,0.09218064602648912,0.2054182096398931,0.3378076317486685,-0.06591922321393962,-0.05709880745738505,-0.002407386296285563,-0.004842998201162629,-0.04435159754300444,0.2968019052680408,-0.0728530353589828,-0.14434431676324455,-0.05803887219718995,-0.04453249019191685,-0.06946763606141526,0.3699528947238877,0.007131154672410878,0.0637863815899602,0.00033815620653832035,0.016879884670457868,0.03278050474227823,0.15561718687156767,-0.05594746555720376,-0.11960685277648053,-0.01634129622431868,-0.049342162660992006,-0.058622011950395625,0.35053985556418066,-0.06864883534193833,-0.05066983626556032,-0.108131339419129,-0.01924513754002355,-0.04293572060376294,0.3671000984168534,0.06315257356902526,-0.06360384810798292,0.08611644850584677,0.01609964689782606,0.050259252314394764,0.17694951776157117,-0.07534479049105847,-0.0541065924341827,0.08715997116939667,0.007248883875433876,-0.03978855218210542,0.31037516879848304,-0.10092128411213264,0.22723685510162484,0.17243045769351006,-0.02642272601895279,-0.0341295613535475,0.31503078996192707,0.304507548746936,0.17824060387410778,0.3636539342425591,0.07011770523861216,0.20112854886544063,0.4182074255148428,-0.05888786878594421,0.04404533309780656,0.1276974919265943,0.00756809049683449,0.0046859049230563166,0.22799667013298094,0.12130071070292536,0.04443491773229136,0.15829149286622202,-0.012635606973777858,0.052199337832414594,0.34619770841535535,0.24137946998549653,0.1729521491879462,0.34271498579161475,0.06479017898168693,0.16148923873947818,0.2632099743189461,0,0,1,0,0,1,1,1,1,0,0,0,0,0,0,0,1,1,1,1
2022-02-28,-0.029352651290788345,0.031767097724974436,0.08131957028480419,-0.02889497304958244,-0.034316225771265474,0.2545844246776141,-0.037734167450864,-0.05455394552199366,-0.03515306530359341,-0.030884354645179912,-0.06725037336812523,0.26860067898878753,0.06657271892342975,-0.13766682692756715,-0.10238283751201083,-6.704204415486359e-05,-0.0274534808750323,0.6566424504227174,-0.03640707978039148,-0.025822398688348014,0.07153985528509632,-0.056462585515065555,-0.046484731143311864,0.29678330074511455,-0.07719083168223007,-0.08215675327305416,-0.16102715331278172,-0.08975885078509604,-0.0688143584579104,0.29969665804766915,0.06856254514744897,0.32504069539106095,0.7113169167765716,0.044837387533512185,0.13696262862720943,0.31703825963701576,0.11409427608167255,0.26697303632235947,0.4960221331932648,0.0654285204989431,0.1309871236961655,0.2569479342708429,0.047584409409358486,0.34015276323642385,0.765836271230363,0.024032447594077855,0.11991415073351375,0.3791858223332045,0.012793428624796155,-0.0719676475208646,-0.06593448453151918,-0.011602593972037556,-0.023260470240782594,0.42714581466851564,-0.01648341380517826,-0.1124046747358548,-0.16644538958821065,-0.045486664580856706,-0.07504505249887361,0.2699500034962315,-0.03587830210036347,0.03678528079202126,-0.04001319898570532,-0.013692481195984318,-0.01905123829922295,0.22912554327984783,-0.032807896198688624,-0.11523928461847799,-0.1055248943046111,-0.06312968512026951,-0.08253058995699303,0.28629307886513866,-0.3005534559368397,-0.3757063146745213,-0.44562081939377096,-0.09304039239356432,-0.2692123025850861,1.0300490043735921,-0.05339888184023489,0.03226773679772199,0.019599281158701132,-0.01163488381481581,-0.021086488359871702,0.2446499329535255,-0.02871640763097738,-0.11057288687067579,-0.01197119743895636,-0.0005866162293274302,-0.03545084742570159,0.3466064978773965,-0.1360205450104751,-0.097387565746759,0.020360485717456855,-0.06631654456692493,-0.12473577093264954,0.25328586938549175,-0.008009259969517846,0.33318175358009405,0.40397227825399695,-0.008163957653184561,0.08742312137857455,0.39093859977035733,0.021048617079693743,0.05624336633904892,0.14534486371488775,-0.0016606777428839203,-0.004293330226219583,0.26648458081923976,-0.010709879552225465,0.09051308205993114,0.11168369412574886,-0.050491886243241635,-0.005829336239333682,0.2891231806099119,0.05325883553941302,0.28737367243902967,0.45676096952756073,-0.0001577694628581705,0.09922047634076137,0.32254649250480416,1,0,1,0,0,1,1,1,0,0,1,0,1,1,0,1,1,1,0,1
2022-03-31,0.050412321962738815,-0.015416684376193146,0.22739326618596656,0.0562739401697272,0.04695888218252375,0.3296185920639261,-0.021575445583354336,-0.15605028693264233,0.017286122564752926,-0.004616824091582594,-0.02831467416365152,0.2680665686856163,0.10209027929954528,-0.022310249026058604,-0.007099631866120726,0.05249374378215865,0.06936259474234507,0.4236445596331037,-0.02988921421876678,-0.06896939154812465,-0.033869062961174756,-0.017951630123252404,-0.06988610617005864,0.44268214608331674,-0.07323837804192201,-0.10878292473441442,-0.23840047014632526,-0.04432090307640679,-0.12152013792335548,0.2608417205079492,0.029656397260477085,0.39655499215636225,0.4506461663801786,-0.00019161007180812373,0.06339988956928244,0.3817364139890955,0.04231195886157946,0.4021265761845687,0.5953345859761068,-0.011134898853932929,0.10606280361956832,0.36042085987452743,0.03414476769226438,0.3637824452979792,0.48409034386974814,0.0055324248534740494,0.05008428437832979,0.4391932070997799,0.03859590826750203,-0.03993402161716075,0.018488517914667213,0.02938211499169041,0.030079436832561868,0.3577031021578813,-0.009957410994181126,-0.13201977324789504,-0.12158391404103852,-0.011522759717848996,-0.03927281160803786,0.2689290429305991,0.051934851845813146,0.04265879206799039,0.11881366238499669,0.01783495127433876,0.044728044631470176,0.17570066255305203,-0.014245271983706065,-0.13396216995370747,-0.17451381069332195,-0.0016734049598428058,-0.05282690539869905,0.34759975819330663,0.09553122526427882,-0.3389028904325183,-0.3517389430673711,0.07099255738095422,-0.0365784246380767,0.48846401223290736,0.07297272692652368,0.08011287967478542,0.026599610582278777,0.037296228166060263,0.051707022369782196,0.09968795585848327,0.04186929752574464,-0.08138831132295643,0.07060785826109028,0.04314188761902815,0.03706521986238065,0.34391368836185815,0.08237507484824258,-0.11661967368001225,0.2257512422574386,0.0018965335556977436,0.015162333382106263,0.2621388176011082,0.07243020254241173,0.38359392489283106,0.3706875637497822,-0.0068634722829384875,0.030220655368403015,0.6094292298357731,0.05115012174076283,0.018598534944037404,0.30761481467025464,0.01929551833852683,0.05473730773138019,0.2563712078327293,-0.05425452250184737,0.014538994735396216,0.03924982684792555,-0.03436327255632643,-0.08826933097095191,0.48666891045221483,0.01912631535958842,0.3646935254608785,0.3889355326135835,-0.0007500679612039152,0.03900369253996527,0.46486982264905224,0,1,0,0,0,1,1,1,0,1,1,0,0,1,0,1,1,1,0,1
2022-04-30,-0.09713081026062376,-0.0968597532632689,0.05528215007625681,-0.0549751304171725,-0.04936664323028772,0.33973568542398647,-0.03723929451419772,-0.10597526561504345,-0.11277594752887365,-0.047183860002408484,-0.04457946917228317,0.30260872685564166,-0.2375250931362105,-0.16909412127520385,-0.2629558061019952,-0.17862289728133596,-0.18617207753858867,0.6323269584616824,-0.13440061747755538,-0.22292007693491533,-0.24598057931245387,-0.07661618832596184,-0.13129817515291486,0.274011777702519,-0.08789117321797257,-0.2461571387370225,-0.29019306621604624,-0.04683417323104433,-0.11543413709328898,0.247863423274315,-0.04479982291044837,0.0865198414759778,0.29620810473561376,-0.030647317378994843,-0.02362279963231506,0.422814340869604,-0.037830812027523364,0.20547385958845732,0.39876520032038276,-0.05166879407429048,-0.022240016476198554,0.31886400529613057,-0.014784772030587034,0.06281544695988317,0.32087833460242887,-0.021120519719639574,-0.0024329817681328914,0.3931170813500536,-0.17946679679591748,-0.15664037617791537,-0.2292296160415479,-0.10901553568417388,-0.1340211695741298,0.38901059522111897,-0.07455321099941836,-0.13361145061317137,-0.25266154694473886,-0.05288668986185763,-0.0757266761460893,0.31024325296141664,0.01822497725358696,0.05414396120235998,0.12234799596282997,-0.0043365786017321994,0.0317318519435168,0.21273647955453362,-0.11792292650417802,-0.1908160967813236,-0.28797746294907456,-0.07438227163353739,-0.11344743250343003,0.26418647303992526,-0.09844397147875827,-0.3600522475457969,-0.380443167111605,-0.03728957768126184,-0.03389717825498917,0.8097720209166974,0.08092626367940992,0.09817011067327508,0.02586958374089554,0.03355041716478313,0.09423656242617473,0.24140153821385354,-0.09986701260919373,-0.10575025687671258,-0.15987386689976402,-0.03909319350232876,-0.05061589005901024,0.40306447835950027,-0.052153784590309615,-0.06870368047484021,0.14030830456221066,-0.043954371811047666,-0.03164954035776513,0.31534901261472476,-0.055676771835748484,0.0015732625528159794,0.2181382067330353,-0.05552796741325361,-0.049014366696733314,0.4257002774752739,-0.0027846577049240873,0.07932100011836551,0.11129589458328337,-0.036746086466318495,0.006335316815509806,0.25737182735057623,-0.09966966036056835,-0.18539226008787724,-0.14004865171144865,-0.07548859417220644,-0.1212451054992717,0.3007363417547774,0.03220739745638235,0.1347430711561599,0.3549478239844419,-0.0010018430941590717,0.029248909582026084,0.30294086319569724,0,1,0,1,1,1,1,1,0,1,0,1,0,1,0,1,1,0,1,1
2022-05-31,-0.05635181857152605,-0.10507516074551027,-0.09710478652151766,0.006228944055756802,-0.07038644632490665,0.5064310088678108,0.041035313721476285,-0.020204629838051602,-0.059043211131754036,0.046451557262693344,0.01046969222800409,0.3093896645981377,-0.034461821896962896,-0.2094210957988294,-0.31447331862334793,0.07453004527134932,-0.12561215653681068,0.5998630734896904,0.0293305276541016,-0.1338767522509806,-0.1553448479862568,0.03201465398036851,-0.030234791874897526,0.38760085283890894,0.09648923293495715,-0.09402014178481455,-0.14622948942177394,0.0551267800644375,0.03818380584701564,0.47656543670423507,0.17665226562671243,0.1546490523834192,0.626791008974525,0.06884216955922673,0.10593102051933556,0.5061104182890411,0.1023276750529103,0.14244768658451523,0.5765546228598242,0.037497028462022186,0.05476304697787948,0.3625969512314138,0.1775429446738308,0.1905152187201382,0.6466342529651292,0.08578644917566813,0.12037189348670863,0.5769760024875045,-0.024197410498864258,-0.1546353577415941,-0.19828052517763695,0.0065234660105970566,-0.08270642721831578,0.42646060501424093,0.059376712186522074,-0.02238044131346484,-0.12717988392227575,0.05209608917866326,0.024795736277510416,0.3019638245213036,0.01144008707888311,0.08819339524838599,0.16618660969543275,0.012887847581538603,0.008169844094924494,0.17298226826924284,0.0977997761072893,-0.043580445307029536,-0.15627644899556292,0.07455567302655441,0.030652546848774165,0.3454389171329952,-0.08283997549982036,-0.06953046369850358,-0.40319297693144296,-0.01740999045430891,-0.060355799247551745,0.5665393214013583,0.04997154759366573,0.2110166217096252,0.2512277416909263,0.010985425794657111,0.05744175445487398,0.177088549465631,-0.04206709136386799,-0.09223093342883859,-0.17400192297854167,0.0240012118159727,-0.0365309446561618,0.3854671664885666,0.10617578556119467,0.12101748714349703,0.00277489025313038,0.04202557991296052,0.03781842299632743,0.24132200143265803,0.1794280891981892,0.17552062046115635,0.6133564318107578,0.0931870898405085,0.10453795905301244,0.6507236672355962,-0.008719905100619152,0.02651553385639005,0.12528739194029614,0.009959767119109841,-0.025737772615179066,0.26842004812503345,0.05381781302340505,-0.11872431292691787,-0.03250627481026813,0.04831617416867462,-0.011178452583340048,0.3763695193821874,0.12236271827849965,0.2043135458181191,0.6386786008445053,0.05576757780185515,0.10771525536676396,0.3936268240941836,1,1,0,0,0,0,0,0,1,0,1,0,0,1,1,1,0,1,0,0
2022-06-30,-0.08062692038260888,-0.21584750360576355,-0.230665947489068,-0.018894513473881602,-0.06903954376693588,0.3950850417241722,-0.0558741011294267,-0.07837925894203746,-0.22363243220541829,-0.004110984338520862,-0.03089021231414102,0.30377063427979356,-0.12716543887483922,-0.3483949098893824,-0.370213682490663,-0.05525651778191476,-0.09550208414539973,0.5339175131152584,-0.14618762298836163,-0.24043437306762716,-0.29345642357340895,-0.06474383029237296,-0.11147740989303656,0.2827281319697438,-0.12216067715473333,-0.1298924857383258,-0.22505856057693352,-0.048308764269813564,-0.07370867375806123,0.35529672688790725,-0.21808307493260304,-0.09086722117273072,0.27141543372249655,-0.13880100025806763,-0.12614822327080022,0.6290006775549359,-0.17887916783593483,-0.10353684918539308,0.256098523759579,-0.10258732500575929,-0.1176905667725624,0.41836649642459073,-0.19989780786522016,-0.055301098906176405,0.28330761401629023,-0.1201410469469375,-0.10475389925822176,0.6160420381048526,-0.0432776416513605,-0.2164738697528923,-0.2547015081257158,-0.03020200332269629,-0.04405613473837233,0.4281960894773075,-0.07714785730218321,-0.0947016607757376,-0.2202724538495031,-0.005026460354739304,-0.033470125049069877,0.37759115061887627,-0.0011257129842929814,0.008015826282187,0.043453299393617195,0.012999768807102186,0.0016468442629429259,0.20973526636723858,-0.13316897260377214,-0.1678056640233242,-0.27987932490444634,-0.05730174484839157,-0.07748578417580587,0.2873778222395211,-0.14519740508502377,-0.27482471614105375,-0.5317399575067229,-0.06653516095154133,-0.13471610651895893,0.6204389935093343,0.0085161015624875,0.120245657876485,0.2021489365466267,0.027228732665353528,0.026339117701326353,0.2688141995784836,-0.05722793885307054,-0.16503462000364877,-0.2397723548332582,-0.007815369314914555,-0.03305917555947757,0.36963174757097883,0.0011457058461352698,0.021007643642714235,-0.08802319595638497,0.03673969858902848,0.03991596920032947,0.3579616694654729,-0.23393324531618698,-0.13119655192816282,0.20731135493901443,-0.13852086467355107,-0.13947543076530577,0.577087844721736,0.04651639405681074,0.010768539665852561,0.024893577092740093,0.05593902250256244,0.03992341470775451,0.31663063516790596,-0.13263957477245203,-0.18728576828418664,-0.17752677013453677,-0.03805324282700895,-0.08513795306044725,0.45325242716474057,-0.12469344263543936,0.04755077567110044,0.43899251051112587,-0.08720781538755529,-0.05957162245623737,0.5115892848703264,1,0,1,0,1,0,1,0,0,1,0,0,0,0,1,0,0,0,1,1
2022-07-31,0.18863383443389825,0.0323424469042386,-0.043291645190910666,0.08578518560713477,0.12679051594074253,0.24686777049663247,0.006201172038230007,-0.036795057646918816,-0.12437573583583583,0.001799982261526667,-0.007776108878365773,0.2284072245458658,0.27059597129750057,0.08584137644204293,-0.06270402476032089,0.15304921403905203,0.18423666390368787,0.5410294656962925,0.0860906824077452,-0.046952704974859594,-0.25504686096441764,0.0450991587515861,0.013016096185369586,0.34479575535064894,0.1396340698273415,0.08715554388813462,-0.1750079096857945,0.06417491096912631,0.06009935612727313,0.5285247297930061,0.0848458638412597,0.032525912838905935,0.1143152867290902,0.108671019893813,-0.012767055484307677,0.44435759082598586,0.13123322591618125,0.05398189288098587,0.277551697460102,0.13429681844917307,0.04414895345385261,0.4040810002158164,0.01471979092025899,-0.02700989165964862,0.05088870405528523,0.07668936111725833,-0.046828464013864424,0.5096868621392485,0.06751831477846637,0.01937190461048255,-0.12771548422623746,0.03257223100439033,0.03813402919666986,0.4814982896074213,0.12244967570513299,0.09801215948465547,-0.027667808232245794,0.08287102162588011,0.09088626364436303,0.3255507187262855,-0.016844198169204017,-0.026701730869267193,0.028982636600425993,-0.003998000977646798,-0.007321721756388677,0.1398290978439945,0.033482031408019974,-0.024962876018456037,-0.2003062104344283,0.01623093530668096,-0.019759905318875726,0.27572226756471285,-0.013333307901132962,-0.20636513330119088,-0.4726724313781818,-0.04935192493993257,-0.08663067297997451,0.6073604640442428,-0.020072397786260243,0.01557310456732508,0.12326823359746353,-0.02966175666561388,-0.015530553439722428,0.18787464921177052,0.09309666937329775,0.013958924626945146,-0.08526657668946447,0.0706542529912546,0.07585227258781435,0.35194003848975564,-0.029144902372264525,0.04579251299638343,-0.05545666581622266,-0.01778804954403934,-0.011515275345777787,0.17863805722634854,0.035514598486946714,-0.04729797291642979,-0.06046796068533511,0.08360408305909162,-0.05332212774375322,0.4788791971269499,0.05589632371351372,0.07024705687154009,0.17127553029606668,0.0398230405341804,0.0818946753776999,0.3015785294649055,0.11999010600539939,0.01099769546367213,-0.18236042869901292,0.05875401270950076,0.05328620191922129,0.30718595213554606,0.13183096248265924,0.14865520785746922,0.3152019645102595,0.10808158246525612,0.059978977724939986,0.3300655079984991,1,0,0,1,0,1,1,1,0,1,0,1,1,0,0,0,1,0,1,1
2022-08-31,-0.05231818597514026,0.04119025446759372,-0.051496563694775066,-0.06150767000019186,0.008376955165764421,0.2335840483807461,-0.06349787007834007,-0.12257462833353372,-0.1442736060437172,-0.047773593211394405,-0.050981224678071424,0.1975629270411851,-0.09138479959114498,0.010030953782808494,-0.14285812297862843,-0.0787198107520709,0.010045452138655042,0.33033947009458053,-0.0008918199147089911,-0.08419630742808071,-0.20443428591208013,-0.03631374270205057,0.006570801257490544,0.26510095276777074,-0.05425303958577876,-0.05986450140662136,-0.1357331214296208,-0.060017468958321274,-0.021661582878596986,0.24289829843347274,0.20392259012914948,-0.036227349826640554,0.1459333222432031,0.06159778894667389,0.15765778128578822,0.2982232122732269,0.026622933071102528,-0.09377181847833882,0.029370461084374133,0.001680938352848882,0.05323872804593588,0.2503681082832879,0.17073636201040476,-0.11142710940259237,0.08118195527907246,0.045915200444387905,0.10631086774356313,0.4073470128836983,-0.08350264261898255,-0.07993786263608726,-0.19178195044503776,-0.06942743916718208,-0.053553416138934384,0.29124364011551185,0.0060377090235672615,0.03371365779737223,0.011439942881270593,-0.024182703806681305,0.04129617081220083,0.20690258952450752,-0.06968312517761877,-0.0831270514847583,-0.02974984038846651,-0.030313557846042616,-0.05864189843320189,0.1437664077730799,0.0010562467604564585,-0.13078776875972098,-0.1641731757083954,-0.03257921120725593,-0.012976149550516403,0.2659588224617868,-0.03477488536480422,-0.18067981216939466,-0.19727061218852082,-0.03815380408775093,-0.026014718968560002,0.40944226980085635,-0.025793053013315137,-0.04379323413827252,0.1253935837261566,-0.045093876370403074,-0.05934608968121824,0.16879643398424135,-0.07237922682033737,-0.04572427143245883,-0.11247870283842043,-0.0682097095617924,-0.0311043801402211,0.22440268595141957,-0.09286002732047394,-0.13475770115728314,-0.039249835279502765,-0.06723989517491447,-0.09625980479958118,0.2396146157827506,0.07343870158207255,-0.17602565959320193,-0.005996934711706259,0.029439777331982775,0.06825068626099262,0.4721723988371087,-0.03943411770218774,0.05875367419560895,0.07426041142677398,-0.03343056685680634,-0.013329187555095712,0.15355769452828977,0.0027527626465924104,-0.02910185663726128,-0.13638915310232835,-0.020647067436289523,0.03101053617102245,0.24193275356360375,0.060412871021082726,-0.011786808297786666,0.20320135387043448,0.02042552206587578,0.06413630840042028,0.33068375223758917,0,1,0,0,0,1,1,1,0,0,1,1,0,1,0,1,1,1,1,1
2022-09-30,-0.1250948823547281,-0.022379223924721803,-0.2048917472336973,-0.09528318616710207,-0.13457380678866415,0.3739317694006791,-0.07706979053190777,-0.11079514257856604,-0.1771170784439433,-0.05879596863137404,-0.08728682872221671,0.21878124742197386,-0.11594429455646693,-0.004405286343612369,-0.3091220244148092,-0.08117756420485767,-0.12878151510991387,0.39791146169119757,-0.09769920111634911,-0.02692108591747633,-0.25246762804324074,-0.08649539876380652,-0.10490486741009253,0.29526961651412176,-0.1452307335717251,-0.09717000169365564,-0.18757170686524482,-0.1094344718440462,-0.1621696770995239,0.2709984538874176,-0.03457994805886422,0.2320233591765153,0.04950754345918984,-0.04635025720172814,0.0020287154692797404,0.48488017014678675,-0.07631476915105051,0.01623023809436308,-0.10992533168640384,-0.06473981156678477,-0.07306724709899759,0.3503480636155483,-0.04717034529455666,0.08729649527392347,-0.03401400825930101,-0.0463454650716304,-0.019120810324544713,0.5029555502142583,-0.1283942752566043,-0.15550525492066858,-0.3175192661904005,-0.07144484250329375,-0.13170329636396427,0.3116313610487311,-0.12128950108163605,-0.006519443308148243,-0.10038533004496009,-0.08185752563256221,-0.10981249119325831,0.29527144594962185,-0.01197521484670494,-0.0768069297892966,-0.07113511714884435,-0.009254841216358889,-0.020847821940283895,0.18387028430690702,-0.08741594058955171,-0.07210097733181642,-0.21509269592386837,-0.07819069546553314,-0.09320475546894502,0.26938244572161646,-0.1794872391027591,-0.19329329983747345,-0.39657549480775367,-0.09055256816448531,-0.15310092195591085,0.48352754330464726,-0.003852173574524609,-0.06288565605323992,0.047949603157983134,-0.0034089990153476357,-0.018691730252661465,0.20415184306796988,-0.1056067594578467,-0.11206249288673853,-0.24394698568915396,-0.057373146019259025,-0.12055101551872616,0.2835801105493263,-0.061548439142815825,-0.1460194389525138,-0.1378868350379323,-0.035730474257887335,-0.08110256580285469,0.21222100657850626,-0.021281437703086215,0.08208163171852956,-0.13175404655761136,-0.04320898084691438,-0.028641253024607738,0.5222895459400934,-0.03315892507785678,0.002740825955190207,-0.008112932595176536,-0.022565629836741707,-0.04224875719617338,0.21012570481786103,-0.07963411558756628,0.009895351909823935,-0.16406895440419167,-0.058377373881216776,-0.07697633973730034,0.30889769321828997,-0.06988385867361235,0.03948020154841192,0.07147914792996146,-0.05212185572055761,-0.05693597978066378,0.3376490388240919,1,0,0,1,1,1,1,1,0,1,0,1,0,1,0,0,1,1,1,1
2022-10-31,0.07644790540631874,-0.07570565136080232,-0.035749789363614504,0.056486380312784634,0.012569081998492493,0.4241243397298854,-0.001136784883981501,-0.09308599275193052,-0.11190340517577779,-0.010890934440986655,-0.026159715479427414,0.3817556980681668,-0.11598200837561112,-0.26576835360930184,-0.17555641586365855,-0.104463238318099,-0.15270497198680155,0.5229028756971549,0.15921501964263585,0.07840233138551556,-0.017333494508436464,0.08307907403551562,0.08300828966418217,0.42453601800476354,0.07753761829743588,-0.11141264168612142,-0.07560463776668969,0.05014874260182545,-0.004268754200190461,0.33716784626749485,0.14658531158835597,0.40690233906220574,0.314632642162602,0.04366175840474895,0.11626811664958514,0.34177437665312455,0.1922494200634819,0.1749720954660523,0.13265657886988347,0.08547912684684911,0.12976627520566253,0.2884606754925074,0.14507464799885317,0.34181517105017845,0.1759554129897969,0.06440864062362261,0.1196156335891545,0.37077345713968185,-0.041869502683506865,-0.19961045237908026,-0.19452170360245935,-0.044296499837550574,-0.08095317470088059,0.463606477507864,0.15162963643960436,0.04184337862798215,0.10988600664559889,0.09103800804903339,0.07516144956666215,0.3413654098447326,0.06599297783652314,0.0031440351982141568,-0.011361622306795383,0.04347366313312606,0.050775838010928886,0.1706215133140054,0.17893093183040554,0.11791433544143204,0.04145073880369354,0.09331567043602451,0.10698520187022975,0.4009049489820119,-0.32789842470195163,-0.4481042453036035,-0.5606282053262679,-0.26865064034460784,-0.34694396102571756,0.9847609335664175,0.1559107013397627,0.16429856712413504,0.1808351799838841,0.07990440519147413,0.12906582435189495,0.2017923543064968,-0.03576480380367564,-0.17646941830074037,-0.17253013977061482,-0.019944945738519904,-0.05992249255904669,0.483795573184829,0.05459900255076122,-0.06638612022109858,-0.040499863753566734,0.05657369392737066,0.03172976265590166,0.30016835733050873,0.35848532295439495,0.4707447875758364,0.3066175038808885,0.13505949526637528,0.2667151316279144,0.5299033940090938,0.07689481527108155,0.03004134223967614,0.11860591662156184,0.05862944023878569,0.06325236697861025,0.20216259315208662,0.10606014685669507,0.05505831623705881,0.05434009713059429,0.052872314411406496,0.06079663496762344,0.329622526282371,0.20550464643868893,0.2292534701889115,0.28169561806022103,0.07713753630648568,0.13883241667453627,0.3076238455302568,0,1,0,0,1,0,0,0,1,1,0,1,1,1,1,1,0,0,0,0
2022-11-30,-0.015761337912892137,-0.06130955886205858,-0.018044383607570658,0.016832740926774115,0.015267488201946122,0.48449464106209755,0.08327455206532264,0.03097657265685605,-0.0760955969873297,0.04732822385010427,0.06643002970736567,0.2528166393885837,-0.002582911433363755,-0.24471912731950574,-0.23082439232488183,0.0291452654861708,-0.08951670310307758,0.5927258034329999,0.04558037012666061,0.13086345564107194,0.03813012737941901,0.016175517876753087,0.09477854522349993,0.23984858067026568,0.059502811840006054,0.004517387910310422,-0.05677837508508343,0.017734356258540585,0.07687079277470854,0.35862850120372447,-0.02972282427048445,0.16957907515630444,0.10743450284551392,-0.043844086857809494,0.021483063514304845,0.4609478469553894,0.013763378417707361,0.1876558137554558,0.05912763450078917,0.004815534177771141,0.08475106124326315,0.285131715645201,0.04122957373063452,0.21754522001166365,0.05877723126240175,-0.004426232501225091,0.08187494218676727,0.40750813702991706,0.11628159489072298,-0.07973380217990667,-0.14140573196450446,0.07343672917503219,0.04425820130837077,0.4754285483139257,0.11504487584030865,0.16546426088335142,0.20776225260123127,0.035227090705145514,0.15105985854719317,0.2122959403312204,0.03500431408914095,0.08351839271515438,0.01807863284009592,0.02637853656318767,0.05596713200899672,0.1640915097384914,0.07826746830203901,0.21750312392140758,0.06552659378074499,0.037176999445606373,0.14035252630056072,0.22447468066570722,0.24054606059641714,-0.28580076935431664,-0.4061148573588165,0.1041975259435759,-0.02078815614635876,0.6062054585178316,0.10384923827383252,0.27375506220460166,0.24351383219589962,0.06859706925061992,0.14399689224863454,0.21616276254763298,0.12135251437115335,-0.017438433953599564,-0.06620248518656324,0.0746998291621459,0.0776943855147294,0.4573313109094928,0.05310672093061575,0.08427313543768111,-0.03280242224069019,0.04054888561860848,0.10011392875898206,0.20117684225418353,0.0,0.40537438939738335,0.11853250284790362,-0.022906382859752772,0.09785483681196783,0.3498986002621232,0.0008227431989717982,0.048623782240677205,0.12021784760198018,0.03161969200673509,0.043033985404407504,0.3096085527844553,0.027877303248195595,0.10432082892142236,0.07193820576722443,0.02230099598023738,0.08105161110439973,0.24951915921988244,0.002915788878661507,0.1956569188053121,0.16030346787597605,-0.004150339214224474,0.07562890019213131,0.288639728736145,0,1,0,0,0,1,1,0,0,0,1,1,1,1,0,1,1,1,0,1
2022-12-31,-0.12392988258709792,-0.08637776075204695,-0.07935649514900767,-0.05405718280950278,-0.09153857827029799,0.2945369423620833,0.017233416456433837,0.10840085350529183,0.013708492784029858,0.017403076317053623,0.055644673597473604,0.22203091106367218,-0.12041884816753923,-0.2751121678377295,-0.2599118942731278,-0.04064687409260481,-0.11149659993262129,0.3423543651721236,-0.09384398902316649,0.07152222288240351,0.07340341255721472,0.010233386494052699,-0.053771326708903944,0.25469618850281567,-0.0533697589833374,0.07503350958114319,-0.008698004326273212,0.005569164507239099,-0.01674967751930967,0.24153186687653694,-0.03513570510793196,0.08384065392238393,0.43487218156270857,0.033904137466881146,-0.03131175812385456,0.33817026726214167,-0.016439175090474545,0.19210757009849178,0.27941928817927497,0.031498530678178316,0.00979964529738453,0.2675021694451912,-0.06743709280461851,0.099298602887129,0.28298552330400195,0.016776420775750145,-0.0332062324079353,0.36015983774932975,-0.1263491400930269,-0.10553529719071919,-0.2210165041713773,-0.039741386485127816,-0.0607354701896482,0.28035546995492583,-0.10533849744059876,0.1553800362885911,0.1717407185666593,-0.030082195414545043,-0.04136394440510849,0.20402579688359038,-0.011693019342009725,0.08940081124134802,0.004742026385670117,-0.0035201168799954274,0.012344324220409097,0.11657030158358517,-0.015707599926849003,0.25591538604704356,0.201383110654054,0.015093798670340997,0.02285820094312907,0.17682776223640986,-0.0008302160330139197,-0.13180873861324738,-0.284499676547031,0.021206569551552645,0.0629878475050134,0.4595664889709144,0.017168431420585106,0.27567179615691506,0.21530061823046487,0.007945678265051326,0.05953363664880351,0.14952759838511162,-0.05838463016906892,-0.001013996015116203,-0.08310306971394332,-0.02190129766816451,-0.003327959678156134,0.2663587253646468,0.003132332017980799,0.1708013750242996,0.008523974865502604,-0.00709217638933457,0.04315869929524285,0.2552607353865786,0.0363737205634973,0.4005926806765139,0.6168743970243673,0.044951631941372305,0.03467773404551733,0.43557268425166323,-0.00949053089434404,0.03162762836341915,0.05590033618969481,-0.005721715059552102,-0.005170703153801415,0.14603555786966063,-0.11905266334053366,-0.0005790530906382152,0.04343967599933696,-0.01820218448021038,-0.07551213018736269,0.2320602795806882,-0.004512633853184345,0.20961639777601415,0.3237619944900889,0.033405323485064864,0.01300445253919924,0.25150984529954346,1,0,1,1,1,0,0,0,1,1,0,0,1,0,0,0,1,0,1,0
2023-01-31,0.11052123707610484,-0.05745842947513058,-0.09549334794236819,0.06268266238788156,0.038985866134056746,0.2580174502364431,0.011481357006309034,0.12240272986753675,0.027011384477940048,-0.009785897029669144,0.017829912008158644,0.16977296292583213,0.22773806254068996,0.006735599331973763,-0.23129103728144262,0.09452522127296725,0.12679593113672527,0.36906959818328017,0.07125638877831886,-0.00978247561475809,0.08724501456423717,0.030093000000412706,0.03419996718428919,0.2070198242275913,0.1545434810315922,0.15186041702983766,0.04087305179600187,0.050947380408688625,0.0989056994476436,0.1939495333213747,0.032796709932225054,-0.023721087172178135,0.3243653989848596,0.021127333000831694,0.028403125345302982,0.292922661366853,-0.030475305393774188,-0.03059065629407476,0.11197427946909633,-0.020334128785290284,-0.01796349051498647,0.3201763116172622,0.027576436602165577,-0.01350244449947291,0.2794877958999131,0.01980167504088781,0.014953587302478644,0.2555483234105997,0.12025377155050299,0.04581522000118854,-0.14149226745918575,0.06233300771911132,0.056881629782904675,0.33257529922823337,0.06532108313562635,0.06879041034195477,0.13147758270719034,0.03406542293467685,0.017834274011211404,0.3141392278237817,-0.07489360058585559,-0.05457945506195838,-0.042447625802498945,-0.04973989512803656,-0.06627463231238861,0.1843360460508514,0.05140837953382582,0.12006558248933819,0.26527891129120795,0.013347808194345445,0.040103847903401046,0.19961951197499214,0.23790903855488832,0.5990764627927387,-0.07004196911640592,0.08539547440289508,0.1961540461564999,0.320802339077808,-0.03190603524338742,0.06839582455490767,0.24407381561663977,-0.023456548918979858,-0.017263109244650576,0.2094084479406353,0.0333166611056297,0.0705571485058496,-0.0938218458762049,0.044373632941904884,0.023467851785330174,0.32586738760082756,-0.13026140954834886,-0.0344281237232863,-0.09544443763949761,-0.04597773419773599,-0.09365873118430224,0.27057263368708534,0.06584371756780638,0.09888041066501074,0.5655154793022454,0.017291141106626773,0.07091635827722453,0.2909872471535139,-0.0584518023220153,-0.09802970504980679,-0.06192805656310163,0.01630563152854103,-0.03144445116736194,0.23499265035997646,0.1351416349040555,0.025698585068936408,0.107661355591953,0.06707036039880743,0.07000820817188158,0.21555535093125067,0.05176797922039755,0.05535536348133019,0.25523738345861346,0.03566492282564493,0.05567482763224407,0.290053673961215,1,0,0,0,1,0,0,0,0,0,0,1,1,1,1,0,0,0,1,0
2023-02-28,0.032413225228175024,0.023679734331696345,-0.08365365869524344,-0.020809323458095053,0.04890651220787534,0.2569145830504471,-0.07367285330699425,-0.03045319117032097,0.008078267970282438,-0.05036651787775981,-0.06654923972013116,0.19441292936700932,-0.06285429639988183,0.0029803769854899187,-0.273980982885208,-0.05210740591101626,0.0014219819739949013,0.48108139248653087,-0.028328355102926084,-0.06401158826767162,0.02442028042816946,-0.03127869673104511,-0.0019553297992238594,0.14441192784628915,-0.010822372914466971,0.08384375660420385,0.048862465094014595,-0.0042730952467979755,0.04090617948250741,0.18053521383279708,-0.13871952195298654,-0.15650979070560156,-0.06220407410479578,-0.055752240517160656,-0.09259779835623894,0.40622093884644567,-0.06893647316945484,-0.09065230147154801,-0.007192774531039281,-0.03514877586461973,-0.06372580759176227,0.2084418667066991,-0.14443606842260492,-0.1577476876065005,-0.07398222936690801,-0.09123073231915824,-0.10990641388678168,0.40663648368550503,-0.07097186264428901,-0.062363470013618194,-0.17693298140123936,-0.06710313215276997,-0.03534086660204405,0.5016726848177839,-0.016253535197809144,-0.07428566104284273,0.06800567664198054,-0.04390064193752863,-0.015619112383370659,0.21188979940396338,-0.047146188339318607,-0.12951951290864305,-0.04687943425047103,-0.04166626021194664,-0.08578408588520603,0.15163538300364404,0.030331137224139493,0.07487059095741477,0.27372054628729003,0.014084676029387122,0.04107531816559917,0.15412372671575036,0.18958260763900836,0.6082002726657174,0.09907650551301561,-0.0009336497008590738,0.18310472062090732,0.8947499521640515,0.0014140512381422,-0.01388747205515306,0.23080315406826113,-0.011141390454079358,-0.026801400470746417,0.23713210718777555,0.030220247269530987,0.03426851973239331,-0.05459664359499383,-0.036030437885387956,0.013537878836618944,0.3380181323968632,-0.06842709987271511,-0.17404771901464433,-0.10678421675738015,-0.0595189859341021,-0.12053412413090636,0.15284742522461406,-0.05108730521135685,0.07547017506805775,0.33462563107562127,-0.0219876802528175,-0.020044302978265982,0.3869588985853997,-0.02027618649359464,-0.10307329476518612,-0.0960130870476128,-0.022278806946430474,-0.04282718824939824,0.27150499998765815,0.016814559493562253,0.0018805681682794173,0.07858625405379827,-0.010716538398700126,0.05246778670706931,0.16517712728581063,-0.024693931445502693,0.008612696189840285,0.1151355899727331,-0.02743573900460161,-0.008379324468217875,0.28703328121460037,1,0,1,0,0,0,0,0,1,0,0,0,1,0,1,0,0,0,0,0
2023-03-31,0.09183597330123994,0.27108294214669737,0.19700223588961285,0.056394345878614915,0.08919860226737697,0.1955533652141073,-0.030540821740702495,-0.07351790653168433,0.05620516883438298,0.027915888371494058,-0.02664569658144411,0.21558090436339708,0.08840884356951784,0.2296428680419922,-0.08592919543781108,0.06408844705905259,0.054181832504613725,0.2879140626059382,-0.1627633827158541,-0.1308726432250802,-0.041265556978339335,-0.01933891497620932,-0.12300405388560387,0.4469695043861073,-0.10429800752737584,0.046925956476042696,0.1495185050609915,0.01268822021963878,-0.046215951374749986,0.49781849938930883,-0.08114501990663714,-0.15026396473917358,-0.010357563770459488,-0.0040978757414474876,-0.0693404258236825,0.35017038091701685,-0.010911824163987838,-0.08294416229814872,0.15456014110869565,0.027016177475784886,-0.011308246550740253,0.25631305318848974,-0.04993504646512692,-0.10109844896184184,0.060683706670942694,0.045154429750625,-0.035375589784747974,0.3902420559783087,0.10763492818010612,0.175677346354556,0.08447477567638084,0.048111408312578874,0.06483681790438944,0.3280057104001228,-0.08395643809722131,-0.04056103860673432,0.13159104168808833,0.012019402239817456,-0.05230402377516952,0.3468098445502465,0.006362731714038894,-0.11624767428166005,-0.038182660575392435,0.01218878619031516,-0.01721882403859276,0.13991831770746335,-0.09292789154882342,-0.021084594061786976,0.26743579497634884,-0.0037881507389115887,-0.047430470700260075,0.3962396047324268,0.14407556625379425,0.7611764154871805,0.5620575541085036,0.0792587892749248,0.180571551850079,0.3872275296432254,0.002335917275197552,-0.03443278901757796,0.25219983669001445,3.736208139448749e-05,-0.0019712568397335373,0.26086625708634326,0.129303609631517,0.20516216570931944,0.24446763582295739,0.07126700368578076,0.10799398382728098,0.26090198362502204,-0.00850557971050725,-0.1964370015693343,-0.05101756855203987,0.014143428031077931,-0.028175057463657116,0.1534527792077546,-0.12305757739319967,-0.07721079033880063,0.37885553475474887,0.008835040379966408,-0.06353174310477883,0.516393385649065,-0.00895774112832115,-0.10544867986708684,-0.05802475054557321,0.0032477979091767306,-0.013693300666627106,0.17136408197812944,-0.20213428285711166,-0.08892098565546325,-0.05865890981707855,-0.04798266602217649,-0.1446589769954203,0.4889024093349103,-0.02792312306338074,0.001847866623817307,0.27583779673923803,0.029511827974108895,-0.0066293973941611295,0.32457885923688207,1,1,1,1,0,1,1,1,1,1,1,1,1,1,1,0,0,1,1,1
2023-04-30,0.04508490173693458,0.18838518235833956,0.17555906177917402,0.02812374547243368,0.07458375850303778,0.20138350404427038,0.12052968071504866,0.011037921443089349,0.1505700419397551,0.04223335581508225,0.08188095491352643,0.31765143618474584,0.033823499492570575,0.048731911961873875,-0.04965755390855531,0.02042788308890331,0.06577588024692838,0.3848196965187656,0.03462893026501401,-0.1651583441745298,-0.17362143830586552,0.009951124963386793,-0.030924909963514824,0.26845948387596485,0.03290712781257121,-0.07139392860598881,0.06979499288697988,-0.004295031907947555,-0.006436756562684276,0.25798283268139816,0.03667506564634726,-0.13724268307051635,-0.17058755826122618,-0.019114360188498547,-0.0008474986292384967,0.3954429822747572,0.03811815392309792,-0.023706691781502975,-0.036616988025941044,-0.003843936445458329,0.029548918549108016,0.2035210448202088,0.059373928552094224,-0.08105249069828935,-0.07999982761528668,0.005150553167182048,0.043602566606147475,0.28363422739261196,0.06393106453416975,0.10728278428937199,0.1639557214458638,0.016361805614644398,0.07401437733211491,0.28906055977057066,0.06944017885313292,-0.03234170429431793,0.032586393733717856,0.030157209239807248,0.025674385628229768,0.1542839650299559,0.06693636418800275,0.017761965021503512,-0.03695874797588605,0.004534932323871255,0.03846849708787525,0.22178085443357004,0.08213547581775571,0.0014009383221429417,0.12643713968332082,0.02922569869102487,0.03221796117546383,0.3044727206805098,0.15627429255708236,0.6341630553189006,1.453747422125177,0.10777690653154592,0.2060649267867023,0.5337256949843853,0.09016222251437989,0.09598258779235502,0.17348263593555524,0.01820448504183969,0.05507961511959447,0.1837193374672489,0.08171109467496285,0.26912650990103315,0.36228341251172314,0.06456869848763325,0.12572405289323552,0.34699564022628543,-0.03689956895497626,-0.10700350361515343,-0.13459982923079283,-0.04115001315173805,-0.043809308366640765,0.1568663857061189,0.012515251891471069,-0.11992403728440637,-0.03728831801373145,-0.025320041819894445,-0.02582028823052729,0.3864291958714717,0.046866627140946804,0.016576633282189057,-0.08570463127191952,-0.014944160563279518,0.014443694357170633,0.2905864228096709,0.06340255895640245,-0.13580562501785753,-0.11804604590403811,0.0033064203739803233,-0.03189988770094254,0.2743814544055478,0.08082939885661555,0.050111054308863645,0.11771821967126472,0.02238019325499696,0.06408993805177898,0.26936292871726514,1,0,1,0,0,0,0,0,1,0,0,0,1,0,1,0,0,0,1,0
2023-05-31,0.053134067568332055,0.2164701883319049,0.2592349602671822,0.025184795731973297,0.05942653361439376,0.20814507710387972,-0.08520171225719564,-0.0011716355189239636,-0.019296340028027603,-0.05488175984466148,-0.03419967441872418,0.12959128062915512,0.16356272340900468,0.3088028375750467,0.30469599891824695,0.06850274677671342,0.13260432816432322,0.2639617106140654,-0.013139210941532697,-0.17020026055228432,-0.23962776234873462,-0.002906184371987197,-0.02035429166719893,0.26936964781969425,-0.036521716483977174,-0.12829017126908782,-0.04881663374269085,-0.028251281827539332,-0.03834701905661797,0.260676709983643,0.011881208495925222,-0.07292420679710754,-0.18304527977542562,-0.012189334360558246,-0.021697294389222632,0.25295827355669964,-0.04964413558743719,-0.06437674200055865,-0.1524084789023309,-0.02817338613505238,-0.06210616558066018,0.22411670456287242,-0.03870633703248716,-0.09754200178080874,-0.2142595661095401,-0.038206426100408586,-0.0592245110225883,0.25342111521344546,0.16663521126925152,0.33554374262527986,0.2907870228613445,0.04918017711545275,0.11861297941621252,0.27324153661478745,-0.021009086791852094,-0.06512103211899489,-0.13773760531106805,0.004025126342650731,-0.0037671312922852307,0.21017552620774754,-0.05332416672774931,0.024794349918534575,-0.10640259541336372,-0.019417858527636667,-0.02294048674447069,0.08078300583740812,-0.02310670152736871,-0.030445415232506656,0.008973270956596835,-0.005557924088174904,0.010869022083764834,0.19587040679619336,0.10650392231642725,0.5167591892739214,1.4184172576158742,0.08679984952143305,0.16908029022977233,0.19761418385909602,-0.06344889566925727,0.03894609811038263,0.028245416522375555,-0.04103033018313684,-0.0224513439240438,0.12907953308856532,0.07759368815309409,0.31061238801886026,0.3728298197655924,0.04225601081251962,0.10296624321222714,0.2086812465213078,-0.016093150567566328,-0.05387978188818343,-0.21632208508857498,0.00751092313937729,-0.026771209116046024,0.28741503091849785,-0.0725423584952678,-0.22549734363892426,-0.1541682505312637,-0.04978479850389017,-0.1028600540662239,0.3105572886095772,-0.012464777185661413,0.02360362776791125,-0.07105529085329587,0.004546086909663183,-0.004557927794546113,0.1298865953323678,0.03299212292739173,-0.12398640677541939,-0.151201460344897,0.01057273997785968,0.021336139914746477,0.3521965698548521,-0.06388146555908825,-0.07480568643880936,-0.06043308276931714,-0.03287169405900825,-0.06661050224135834,0.23144816961083184,1,1,1,0,0,0,0,1,0,0,1,1,1,0,0,0,1,0,1,0
2023-06-30,0.07707238781070891,0.1779157143526331,0.5009247841985796,0.05136778235199935,0.09878834875034381,0.1500705119839078,0.06029950068509615,0.08201493739336474,-0.0022581441455725715,0.03715961513326338,0.017495802283461703,0.14763599241362027,0.06182295491423573,0.2620776401867071,0.5485863641929261,0.030017153312668743,0.1129590269625882,0.2880827830293157,0.03275749566056407,0.01115167722840349,-0.12171084888085992,-0.0030751711913244995,0.012734842740010244,0.21663317578350863,0.02676181463708094,-0.007363039508659908,0.04082827567535374,-0.025804251686131763,-0.011437241506096485,0.18954392720470195,0.04724727096759618,0.0560420224904743,-0.09023000797210246,0.012191314651078367,0.0254236668870631,0.2351395338531133,0.03410843448209766,-0.026165652337293288,-0.10107991483471757,0.007826724398534601,-7.055960746393808e-05,0.20257900104785864,0.05815990720708464,0.005122272385672311,-0.09024249607110568,0.021179357378866115,0.015770884288737408,0.2947602771428147,-0.03249264967342824,0.15395727734868903,0.3533070366580757,-0.02262171971861271,0.020109054725550024,0.24332414648303347,0.01940601554339727,-0.0064626931234861296,-0.04690033034465668,-0.015616808187072229,-0.014109358787094073,0.23535533405673761,0.07104946707863347,0.07592784498924798,-0.05401961147114043,0.02140359339201736,0.03189049874970684,0.10476052760130536,0.0571303574480122,0.12486716071298143,0.10842331010550788,0.031006780806901224,0.04804100385627508,0.18354347516449562,0.05271280658623789,0.354062838223979,1.3863300627417523,0.03496419924765237,0.12923273825121262,0.27156252377403167,0.047155416499728986,0.09184078003922957,0.055482266936428326,0.03762592500849671,0.02022909844450882,0.1914520438732024,0.023934269472779324,0.18378271658021483,0.4196061018465349,0.017249389726907927,0.06611130756766803,0.24736177658290254,-0.03524467411976051,-0.09125251264600909,-0.2710445112979294,-0.04646786189289964,-0.04086705624643583,0.2325123816881732,0.09797977107373579,0.005847729602378449,-0.06216613502110957,0.03344480219364088,0.053656420244052594,0.25497938778937124,-0.022318376769014825,0.02120866178247338,-0.08595925629067336,0.001663783941117325,-0.004400178574231028,0.3048253981570502,0.06540178487152137,0.1507185423493067,0.04738050394119431,0.02463141844132899,0.055807133696478495,0.2609642772978788,0.037635309717012566,-0.013490428342444072,-0.0017117009638454306,0.016187816535825128,0.0004573604472173365,0.19249166273534934,0,0,0,1,1,1,1,1,1,1,0,1,1,0,0,0,1,1,1,0
2023-07-31,0.012785568551793691,0.15998432208154845,0.3777770068199051,0.020988935912890083,0.05743813219533567,0.12278438856402021,0.02608640397163975,0.006785430724741914,0.023795392239522206,0.0179708339887783,0.04603750020894015,0.21798983372974565,0.025467873963526566,0.30994599390635313,0.3294877038140904,0.02187766404302649,0.05611598115661476,0.2616679604570051,0.11537110764425229,0.11072126788018677,-0.0803241248317973,0.050437311573851895,0.09234532163966858,0.2618849219099585,0.03518666919960034,0.008677160156676189,-0.05975443604324027,0.016074662781431215,0.02086712345539965,0.24867386376211828,0.1361839976056125,0.16100553133050166,-0.001838680235717316,0.0716579326703799,0.11962134265550262,0.27065830139080765,0.040101920567464866,-0.011823417381571333,-0.04291835761893448,0.039243123051606155,0.04742404074679962,0.2207319925170626,0.16592174192799813,0.12464664351362131,0.026311289119330228,0.0873531042545932,0.14881768404593743,0.24947920475824942,0.10877177198212662,0.2380597281607908,0.3690939969207978,0.07854641312210853,0.08026264369343616,0.3269801101826551,0.10333585002676537,0.05288112788282029,0.010315069154863465,0.0566070026977763,0.07705241428566767,0.22799737530711636,0.012143641091364898,0.03174802937603971,0.04943248661804933,0.018654708275448906,0.035624871199085195,0.2846761434343043,0.09354248365425688,0.12637984861281248,0.15210944953432448,0.04160219445037994,0.09728922114398664,0.15053547476430398,0.11018182118271591,0.31014082633021345,1.166462940675319,0.05099618915607329,0.12501124050398582,0.3632605083905034,-0.0757431495457509,-0.07716552097813778,0.019030908526134427,-0.015512793182891671,-0.03186118567100893,0.2059486214344771,-0.013566668299083817,0.10176181106186122,0.39053848580236084,-0.016892362459903665,0.0017122950867642928,0.2856564688508372,-0.0059497629281033415,-0.06002769639970118,-0.15370141850486174,0.0011920097564419585,-0.02844653984674894,0.15638643519898943,0.1877037924316769,0.19343394383476187,0.04605599416064532,0.04990376950939268,0.16229867868237835,0.36705395906655697,0.053532950422973125,0.02571845503147907,0.05037083473409654,0.041241937815023944,0.049589818393634966,0.31890596684317213,0.08153708350389932,0.15179717753595656,0.011403053311907607,0.03239655388890661,0.08174483436433433,0.2344543421849325,-9.318333810059976e-05,-0.05667965149644372,-0.040129288180195455,0.02749334128186698,0.021442217741373337,0.25928971962744557,0,0,1,0,0,1,1,0,1,0,0,0,0,1,0,0,1,0,0,1
2023-08-31,-0.015934905125770338,0.03964474324257128,0.24732779736460309,0.048276331376619686,0.007451846171266263,0.2709367460269221,-0.04314667715226117,-0.007739740918476956,-0.005167667166279699,-0.018747663959950422,-0.04093137140620029,0.16074381236942112,0.07059181278575455,0.11074442259022876,0.4542675688914619,0.011899913165411391,0.03982696374161376,0.36937010370613105,-0.07962702585589643,0.006928579397919243,-0.14696710427958037,-0.028482218843050577,-0.033843872182655166,0.21036446772262088,-0.09610317092693021,-0.09824977294823478,-0.19337179342921096,-0.03629357480566242,-0.07932843773582587,0.144396488549808,0.039638527175500426,0.17504954890235713,0.1196157233956805,0.023648308266456697,0.06880192534756557,0.15134340784360248,0.018652834597765455,0.04088219425586015,-0.004358743390548425,0.010145656601208364,0.025313849965093116,0.16101679068539135,-0.023312333023424947,0.15700132183965954,0.08052780761300715,-0.003918566708743798,0.04042275033715015,0.17626898589603726,0.06010149125162556,0.09224389570893599,0.4540313002673755,0.04175221947270025,0.0798815279560452,0.21812529312677004,-0.0643263675677721,0.02098735753165548,-0.06757777189950809,-0.007075082729573912,-0.009072843966189792,0.17040072604505702,-0.04562898599050835,0.03748415557315021,0.06533296472423977,-0.03889420781864927,-0.02344302252104924,0.1795305770475819,-0.06408679549313212,0.048871065442892325,0.033629543299158904,-0.0284080795509275,-0.023384111951966546,0.1448110904235358,-0.05523779987254851,0.085396910641937,0.597247454178196,-0.004829538350008211,-0.010565279938568817,0.285719292903483,0.030738776193034223,-0.024989729459048315,0.033597259022298154,0.0058285379069742405,0.00048122580361331657,0.20876471845659653,0.005491913238630408,-0.02070950015534956,0.2894043460955902,0.013601761513033495,-0.013924546664512039,0.1596814678951998,0.01085727354129773,-0.06740921379242693,-0.12123267467807441,-0.018231217935746113,-0.019190822874621483,0.1760253711985468,0.016902315276906332,0.2674927485211154,0.05877206270580948,0.01413000648412921,0.059562611727068004,0.21540360662786368,-0.05601549932268057,-0.04212261216661051,0.003512142164367793,-0.04257079368457817,-0.029181950540541512,0.1652066895848664,-0.08549285706649623,0.00904289658958235,-0.10483547305651242,-0.033179677502733984,-0.04569904715472717,0.1568010866849573,0.04650384396084828,0.059961084701567025,0.002342294539324996,0.023805025382522604,0.05156351272136761,0.19502872946490635,0,0,0,1,1,1,1,1,1,1,1,1,1,0,1,0,1,1,1,1
2023-09-30,-0.08867840309965136,-0.10921138236196537,0.04110579606162301,-0.03272546292812861,-0.055076866639404365,0.22746477296905607,-0.05879513400665204,-0.09238507086925474,-0.03416146496044414,-0.03239514592939374,-0.07204970480285233,0.170004346636362,-0.07890726899285894,-0.023805855053457226,0.23070966811727844,-0.06142940130467367,-0.056353049968911995,0.3204803926156764,-0.0449948564267707,-0.05451501837521533,-0.026976620190411138,-0.03167062594360048,-0.07018894304877676,0.160642181990928,-0.0038751052990493307,-0.10981590418629328,-0.10293552533578643,-0.009404996899752938,-0.04514424747108581,0.2045471941332822,0.011520856448893335,0.16017783272160901,0.23252817904711565,-0.013938539347137402,0.01678961713681626,0.24814922004403858,0.0466789054076262,0.0828859871194847,0.05361354640178617,0.009374194595047403,0.03782628782387176,0.17168699183502922,-0.014461315458925705,0.11263301110574075,0.12087278892125308,-0.023398090092544677,-0.020781759925833865,0.2868006786623589,-0.03899552666303385,0.09140954056372408,0.26154434857411935,-0.025639595194009934,-0.005083197692267616,0.20258933500158274,-0.012632943110079897,-0.0010468934410179376,0.00502097217515729,-0.01960658137518012,-0.032450822514796585,0.19170274365356946,-0.03667753927546469,-0.03960330294991399,0.019770646038524076,-0.030784788990516176,-0.059205970510035066,0.13028059130121983,-0.008952475431758034,-0.00405194468270853,0.12932146260825217,-0.009693527210008934,-0.03427013110083954,0.1447887837130999,0.01459975337390551,0.04961186976218812,0.41648586936677945,-0.0030171479605436424,-0.0028764324778168815,0.25631307085349747,-0.0488912870739594,-0.09339766845731956,-0.01922764437595692,-0.03520599176790318,-0.03749322062085281,0.144143130477838,-0.03664289374255525,-0.063822901528781,0.09993170043592303,-0.031566543411779335,-0.03464513950007164,0.19088575789432408,-0.06246480591576686,-0.08486892681296365,-0.16905705363422818,-0.015697880342542048,-0.05581773993360306,0.21711730654502426,-0.007064886804149961,0.1834131312228282,0.19881525950851442,-0.03320747697951987,-0.007067009498247678,0.2835524557787774,0.06205198673796519,0.05916282289223207,0.07541535667182564,0.02881332368221967,0.01808803773602108,0.16144959408760914,-0.010413961118696968,-0.05116188691429524,0.11026492219419115,-0.022101987941943402,-0.04752286586309917,0.2181741506687014,0.057468938349727994,0.10314389355358844,0.09039302057036802,0.01127117928707011,0.06024828153813955,0.23136128026625558,1,1,1,0,0,1,0,1,0,0,0,0,1,1,1,0,0,1,0,0
2023-10-31,-0.009454556004615533,-0.10550488538240799,0.022616566142432015,-0.023211290779492244,-0.03366130684126467,0.16149651252217906,-0.007480785377238952,-0.11592520675756968,-0.14522754253338965,0.003598012144638174,-0.03385224129852249,0.27751057554761,0.06711028732573565,0.03242566563520999,0.28403274846707327,0.0365466406034185,0.007199986817301163,0.4137381223668802,0.016595917557577833,-0.15442548953605306,-0.03907280234774424,-0.0007019828584764465,-0.04098160349610214,0.28297590498259345,-0.009282428924569985,-0.13550774624970197,-0.1252862776232111,-0.014868004651232614,-0.03334456025323096,0.21357913595237046,0.010204123707737711,0.04283787290619623,0.2619252612159335,-0.015272378834785716,-0.011471825933565216,0.3126158064723902,-0.12699946942775975,-0.07853357404926908,-0.05266024796238655,-0.0922456010674414,-0.10727968981724667,0.34898446775350267,0.02248094534103129,-0.03536313873526542,0.15198962612294742,-0.0163345759094069,-0.015131788491032583,0.3252215240717685,-0.06305213801128262,-0.034020996769230316,0.1771178595706282,-0.0758539757980361,-0.07357354287104945,0.4035393500216902,-0.008199421002416662,-0.13313640351261757,-0.06139460755264026,-0.004978324764349673,-0.04573295632683361,0.22045314546961717,-0.04506262434431818,-0.12437304518635828,-0.07567770737203261,-0.03436756800554608,-0.06222527303349079,0.16071965699488877,-0.018386305833296923,-0.10402228712451111,0.03727145208588234,-0.029490123670675605,-0.037997863589580017,0.19184778862690757,0.0010966416193585182,-0.03805994107064525,0.27102048946201096,-0.0330506297109564,-0.008641790445829689,0.3460232438436879,0.00913824253389639,-0.022035980899473007,-0.11951452318675593,-0.005798628223146585,-0.026503472656845273,0.18619920780652086,0.07887918901116975,0.037243113184122656,0.11552729743662327,0.02433672437056522,0.033429390295061756,0.24246148834159065,-0.09852518210584904,-0.1268572068299394,-0.18765061831090613,-0.042111519039520595,-0.08479442244304691,0.2821268768973593,-0.05033278336195213,-0.036005193149743375,0.2413601889570709,-0.03582320107202752,-0.052370172625844535,0.3119064881917212,0.05121005484544816,0.06493863191107407,0.10299925233981133,0.01468050686909872,0.05935226859252962,0.14953922265777186,0.028445853798322318,-0.11915831240969765,0.045138114980608046,-0.005600839083792719,-0.028250857668673968,0.2230357662658403,-0.086160798445713,-0.0037555521337309106,-0.0026523018453843417,-0.029593447955873264,-0.05647756886272115,0.3000557625033746,1,1,1,1,1,0,0,0,0,1,0,1,0,0,1,0,0,0,1,0
2023-11-30,0.09329326669877158,0.0039070711877331465,0.05253980970755601,0.019023599804870894,0.061532168804969256,0.147262477535003,0.09767416185836097,0.019614308999691854,0.011231127106332117,0.05561506509296121,0.08114332855679662,0.1566801901075054,0.06635033823277836,0.057703457156518256,0.17577461841360664,0.016062642406267313,0.08544142511382402,0.1943789801263206,0.16414200479600982,0.060502076545067895,0.07939620924083224,0.05821375974928622,0.11376662081167321,0.2958518512641814,0.17925644282964082,0.12283134022942321,0.019869866760426458,0.051503070587359145,0.11369210187989442,0.25073696386546285,-0.004433637003208646,-0.04424659365745398,0.152400812091547,0.0013353399484785644,-0.020111242499769033,0.26240231949782844,0.007815586157749577,-0.11682720546445924,-0.06246131117007314,-0.0013566042698130998,-0.06654787540421903,0.18918488309696266,-0.009257935291283714,-0.05456328971481861,0.1139424725864302,-0.005948911709624416,-0.022009706652899252,0.24715843340245508,0.04808229518185447,-0.02307236495539955,0.06304651456092869,-0.008965942915195368,-0.0060747127795359734,0.17745142143167075,0.12105919308675195,0.05175475431603105,0.0728127057355743,0.034977026824152935,0.078096874017201,0.23604574351666036,0.04848024275780083,-0.028548530339959077,0.0003850663870275106,0.03349046599163796,0.017656684509360865,0.12891486804409716,0.12336256299417592,0.07091448997009064,0.12701252340170543,0.04525782146195878,0.07041624926305334,0.10908389523617189,0.04906207966084675,0.10381923840632812,0.20006600228130966,-0.0065802663793191885,0.033074188649000025,0.19578934491833905,-0.003597353473656195,-0.06064571564504073,-0.07689277317390464,0.0016960045615019848,-0.005969107227270842,0.13680279625027478,0.0971162123295668,0.15523351582307598,0.13441546123960157,0.026486368426767326,0.10443446908321286,0.17938298909659045,0.012153583862426265,-0.13692553795809947,-0.18600468293285677,0.012783727398173461,-0.019358285197868752,0.2274470376095659,-0.06838531303165041,-0.1307833256829789,0.12340160010113177,-0.02669843918668091,-0.07507136246790469,0.2688740837593387,0.040199735167734785,0.16563662963461656,0.11574026075011012,0.024926837603184815,0.04557729388010223,0.15378020964128256,0.13576154532399332,0.08013238990044957,0.09940277372061623,0.05687301690273694,0.09326078371351598,0.2143305747188416,-0.01855850099229961,-0.08668522873578122,-0.011635935620646909,-0.01196114305203222,-0.0465276674008962,0.20651653504847609,0,1,0,1,1,0,0,0,1,1,0,1,1,1,0,0,0,0,1,0
2023-12-31,0.013582650802682172,0.10954631174214069,0.0030341827481457084,-0.009152932013397952,0.03199931759329844,0.1441012052982925,0.055422144774764925,0.1561610391553223,0.03721431225998906,0.02637023771669611,0.08624850867355605,0.11776267152143054,0.04004385139407618,0.1736443269095791,0.1667946630094943,0.014123255673632595,0.06217878874419824,0.18963806732875418,0.10429633801158422,0.2711133890425337,0.17197076189177274,0.040031929935660626,0.13653323951610252,0.28025513049779766,0.11583519193017988,0.2866143860827943,0.12778052610070323,0.039139397421020794,0.1412655201318893,0.21776086179638665,0.004326370652428357,-0.0037979666739355045,0.12972298025571893,0.012142765416658818,0.0010007331653725249,0.18177497635444928,0.038718435682354224,-0.09497097313835501,-0.032045994793577615,0.011555757159973812,0.01427495161926795,0.18930328742594732,-0.004624035202709709,-0.003229175861358735,0.08191794144960873,0.004666263250228564,-0.012947369814675036,0.20074189324886907,0.05402558470002572,0.041141915954191255,0.16505420322826314,0.030356065381090147,0.04561832102083341,0.254851373056389,0.12950171939538646,0.22115471861269742,0.20076192685079075,0.050581944538759194,0.14049408828366383,0.26668285780845974,0.013448935332165846,0.01833844530123696,-0.025758625779489175,0.004267271020381491,0.03108768203906931,0.1476699193531087,0.08982592295407232,0.19186962102708116,0.17680899103791403,0.04079986599776597,0.11063816700072593,0.10996684802357799,0.08195020561588362,0.15364044413987887,0.23753589910323614,0.0442946262390389,0.07824697221305721,0.23122832487714015,0.07152021636441064,0.07078897180606059,-0.03299214643991921,0.03168550113473678,0.05493092719367243,0.15640225136003316,-0.007574148810489345,0.17092385299657598,0.1171959986685962,0.009292176034296773,0.03505854098627803,0.14616195878989255,-0.055136119701326036,-0.1403015376707928,-0.19500023107714215,0.020415402880901157,-0.019839770180862137,0.38433351969436835,0.004828081675231077,-0.09749305424858135,0.06144338157628981,0.013073906069383634,-0.021473481884412227,0.3033182008128046,-0.044675190419634636,0.026616447511760954,0.1097398781730956,-0.0157544521056574,-0.01481414717164864,0.13439255694453192,0.10383487299451932,0.253693201134769,0.15316080034149437,0.02855586473857885,0.1217789190967149,0.265089263912759,-0.02686386140419006,-0.1274387742871408,-0.053402893780283844,-0.007903609916337095,-0.03241275554250189,0.18580170258346104,0,1,1,0,1,0,0,0,0,0,0,1,1,1,1,0,0,0,1,1
2024-01-31,-0.006679753050698123,0.08123718240431921,-0.039919732853830325,-0.018253572766168014,-0.0336394319754143,0.2121835355017622,0.03501718793310671,0.20250258516104003,0.05253191348152986,0.0035811798151548224,0.044731459319030664,0.1574677888459857,0.03514976675719006,0.1661281930928784,0.21051391327519342,0.009105994759214031,0.029419355408093928,0.21993702718521882,0.0032448122956407754,0.30149780832206097,0.10827596487255242,0.02362681405500955,0.05431722589011234,0.2305663676825533,0.05901204225946399,0.4408532460820327,0.2429166624456025,0.05287813518574147,0.11544898799415626,0.2638488991228618,-0.04864353782209829,-0.053585285871416644,-0.018165785933693446,0.0021455020788396784,-0.014979103642052682,0.24271594719980016,-0.013714183240460587,0.022270238502669404,-0.05836631962364647,0.006227917444520115,0.005875709900799775,0.21761632790092167,-0.05683114213270246,-0.07992106276855782,-0.10119636847200741,-0.0065782954937047,-0.034170375035884715,0.26326917685750173,0.013968338521762158,0.12911024290675455,0.09129157275050437,-0.02793385332788889,0.006896640425011924,0.3341423076631632,-0.011047846505144343,0.27519961312446717,0.11190994049458114,0.005519848882994838,0.043530854333184266,0.15875042251925606,-0.006688857162287176,0.07976616975800699,-0.05046553756916594,-0.010730105296010373,0.01125807559673464,0.09311759994680441,0.01949764953224653,0.2615789624268321,0.13725644777230306,0.02024571652268592,0.0615864646808304,0.1394822177174784,0.126627904363819,0.2949845168240439,0.2412582964596357,0.0395568682185643,0.10484556975519665,0.22681182096256547,0.06658426879801449,0.1845622603390662,0.15878816232212967,0.01598247087396487,0.09539013089982196,0.1039561660427498,0.0720198023465064,0.17827610364961433,0.21902420786562415,0.01844611843158761,0.044903607274721535,0.165478673924132,-0.07542847896416127,-0.08841249754102987,-0.2119347908719269,-0.03526257930820176,-0.042416749067884396,0.16013569770911576,-0.06310109390199237,-0.12082050473493511,-0.1449544003859169,-0.03188610622011756,-0.04710073758148703,0.3945703596889388,-0.051173710758958935,-0.041217152519025246,0.021166315965073013,-0.017846110208727617,-0.03501325125889154,0.2549221601612374,0.017230767776352574,0.27300341317117294,0.13133733385239466,0.024374227882258293,0.056452082053304764,0.24019995204746447,0.004396145015512998,-0.019838407156254623,-0.006547668347899993,0.02566903624911121,0.01629657655947825,0.20673979630316955,0,0,1,0,0,0,0,0,0,0,0,1,1,1,0,0,0,0,1,0
2024-02-29,-0.018542992427710292,-0.044301409677642734,-0.0342708528977268,-0.02140549138850567,-0.03623458736562535,0.12391523521167505,0.048519574200723614,0.15037289978108936,0.148099558634621,0.03024116290058565,0.051109381396664544,0.1800001170059155,0.1389175127740745,0.20803708077438565,0.3086546599686306,0.03366303317864339,0.10126721607877731,0.360490849549232,0.022145412095299077,0.1560747910618825,0.2166883516082263,0.03425916777523019,0.0392991112709109,0.20278087597859817,-0.002677190876621327,0.22447270850307666,0.37169359778679034,0.011069136360802645,0.042797248232567586,0.18396961535868867,0.013165477743993126,-0.00550298834617835,-0.035500590552674294,0.013730310352173314,0.004989867483533805,0.19108630602594756,0.0423162210070287,0.0678109538722147,-0.030593656765226296,0.0004114901070517707,0.023295469393701973,0.1992676813607198,0.005887905333487264,-0.051899476135396694,-0.07984182323832578,0.0144104611870004,-0.006312039944582515,0.2653795335253136,-0.011705923242403937,0.025705632408522083,0.01898735682093644,-0.03062295122791736,-0.02928818592256177,0.2507490318545383,0.020304187506454907,0.1514932388322756,0.2022165913596734,0.012672105880808804,0.02031581088287915,0.19433881973733466,0.02331855751984757,0.06899828740317049,0.0010839567967655395,0.023008179347132174,0.022329756408670187,0.12328144544205633,0.06710262427541758,0.2131111675456998,0.2728717815157746,0.041413674538273604,0.07334656159797448,0.1096835617059031,0.25762562610542816,0.47697178284772446,0.662656644999841,0.0430798773768466,0.20042123706102144,0.7694400574119676,0.05274048553875699,0.2663965065000493,0.16998239175163854,-0.00027917970886726096,0.05959563138929469,0.1855780086866869,0.042318359920039184,0.09384944799334716,0.26295198208344317,0.012203819969941243,0.050119508485020114,0.19947551095643795,-0.019202459183865872,-0.1037339235578979,-0.23890902562097538,-0.027266636810745593,-0.04265355634779133,0.2156611098878102,-0.001944198421907517,-0.058415401626228936,-0.16874692656409906,0.0006316404338424508,-0.029451446306304474,0.15812447771516167,-0.0354477019184849,-0.07420113732616096,0.011559707885184789,-0.042478376866648127,-0.04970784574852183,0.17953952122896408,0.11559305209327708,0.2786763851063019,0.35964174986544717,0.08965808795937513,0.11874693242488443,0.3033359090081672,0.026080985528876832,0.03079318890769378,-0.03989885304436025,0.01737181330440718,0.035361588307724734,0.18310212366185127,0,0,0,1,1,1,1,1,1,1,0,1,0,1,0,1,1,0,1,1
2024-03-31,-0.05128625605449555,-0.11303437609733213,0.007235393301056936,-0.007044143121247459,-0.05365108877389302,0.250633514307738,-0.04197571939348799,0.03450249366958036,0.1704169380711309,-0.02086460223916764,-0.012853943355111808,0.1998842692309918,0.020479805886374214,0.17603337554089205,0.43181457434756365,0.02011907443040517,0.05790257632102125,0.19449593553296227,0.09849356557009759,0.12712834451592459,0.396658350252731,0.04809274847786371,0.10213820810566987,0.16970379222143409,0.13966475636691378,0.23919982601946765,0.5697215127484669,0.07531819004031037,0.12703767015818168,0.1484816262549687,0.1309756557552455,0.10032607636647572,0.049823362258391235,0.06978658399710103,0.1175957787894788,0.18111695111294268,0.03769502734642649,0.06470724496169789,-0.05543844808365839,0.027682431729755708,0.04450676193131997,0.15663380002252114,0.1168968861978601,0.06198282904386376,0.01422729255348032,0.046115368598252715,0.0963885915109346,0.1378379549265376,0.09006201518000756,0.07630333947793355,0.14073006372450014,0.059548184938678306,0.05011577506868803,0.26073957256742375,0.07361520842351976,0.08861050958442362,0.30413332730288256,0.055731232430552335,0.0772563085999105,0.21427979534188715,-0.0197668350204655,0.017953274986266088,0.024142988768246276,-0.0016312635408142206,-0.00033354778243233074,0.11800471253165268,0.07653457987734735,0.18341238135702542,0.37558243138469005,0.042482741554187964,0.09670752397187843,0.15475007661610643,-0.009283222861163343,0.3565952363805447,0.5992079822662177,-0.02437258565404332,0.044544395494318545,0.31504591405184257,0.04433342392463424,0.22080534203265523,0.2823439721687484,0.06532576735174156,0.06453571071445396,0.21879073428084322,0.017116453113022567,0.12315617424110514,0.346618832298176,0.009430484802826822,0.025314379091459616,0.21442452797007064,0.04480437712245644,-0.02161876570213228,-0.11039696088042372,0.010836981628981057,0.012032797095084202,0.26441751160691024,0.13407811013491955,0.055172793122846064,-0.09110000849191768,0.04376140485352087,0.0870838502539868,0.16055345424537057,0.006179363648742386,-0.05381953230724357,-0.023045649019315384,0.016670874022304938,-0.012946054420669983,0.16529042201056846,0.04263362803589743,0.17960998011883533,0.4394388665890345,0.014981315669017059,0.0925183516486443,0.13906336567534547,0.11213178592257078,0.17097813227405223,-0.009013754002542784,0.05052923128083342,0.10443052608990055,0.12768718735262313,1,0,1,1,1,1,1,1,1,1,0,1,0,1,0,0,0,1,1,1
2024-04-30,0.008825018332826673,-0.07512267587625121,0.002830516490616386,0.0041768929870755755,-0.014517579606430187,0.24534329895820287,-0.049316574757722,-0.058810837788373926,0.15064556756604808,-0.0229440848338629,-0.06178714601301971,0.1805398379349742,-0.03149041100517658,0.12757734175961954,0.31866469103052064,-0.03425631081540437,-0.01748208194971146,0.2793768073484,-0.0077748755728449526,0.09587492851813839,0.4623658121547831,0.0018813684067389147,0.02380135797587224,0.26950764290744544,-0.024029290207829734,0.10228524017687168,0.6110778368276648,0.010795256459517066,0.03590978020424651,0.27072201903025583,-0.038647071327938654,0.13092101473577955,0.07629972641000204,-0.03682262607575215,0.022616092465533866,0.16603365930778546,0.009325199235593384,0.10581102753804705,0.12765216711591365,0.00028829065310942426,0.028030220570082198,0.16800896339807822,0.00593432545892969,0.1690372663355344,0.08246570962500499,-0.016113941738174375,0.05199019421032003,0.1713090172388111,0.05318322436524081,0.16188442544911075,0.30789014591181996,0.03416079776141223,0.09541371151539302,0.4469608115617628,0.04037555442053842,0.11906948457149436,0.44022401909442666,0.0387811808249523,0.06394510966784606,0.24740780769648754,-0.08330697574657309,-0.0831477717521728,-0.0011934335103337412,-0.026847732600073337,-0.06590666900690445,0.1586708626549201,-0.03017988996469001,0.10609338320690331,0.4120775010886466,0.004689657887199106,0.010295535851941873,0.2805912701435994,-0.13511055915477543,0.1037742326993476,0.42280597796356845,-0.12494679470117442,-0.12663526861890773,0.4694791355420706,-0.008669178192085125,0.07666552079006328,0.27562589390597325,0.01461616652148412,0.024478873631672338,0.14860713702717243,-0.07619115611307059,-0.018939621674488483,0.1587015680038717,-0.0556878338854353,-0.05917716566317077,0.22372322647421194,-0.07005438768519245,-0.05391426654993714,-0.13727790923826266,-0.017619044042445964,-0.046981251045080996,0.21538814373719625,-0.1316752278941108,-0.019497485125590353,-0.14927279392465687,-0.07872905376102235,-0.07991984160052246,0.20496224184297368,0.05579091710843054,-0.051067241158901266,-0.08061763353186302,0.025655263106963977,-0.0015606365230377284,0.2898731922933293,0.03435051321911997,0.19044756963068865,0.5285111255012913,0.01581425934025682,0.03855536211273014,0.1868827204223972,-0.00846745239631308,0.16106575662439937,0.13770974905254252,-0.015122592826622205,0.04032332348295009,0.15802466407460267,1,0,0,1,0,0,0,0,1,1,0,1,1,0,1,1,0,0,0,0
2024-05-31,0.11258585597553328,0.09943307427281023,0.014774397613097623,0.02404401497576636,0.08610412800599487,0.24820333349144516,-0.035215090787236614,-0.14447839545570584,-0.010519536182618472,-0.017484054398952065,-0.04530538720652322,0.13297051110651542,-0.04482459248906101,-0.006419638348314716,0.20774869508052607,-0.04320852925990992,-0.03192495883917168,0.13175157552604858,0.08432773020449669,0.13769568604905547,0.32081703087347124,0.03186701505006151,0.059730950465322286,0.20058559142075555,0.021307995487233944,0.11954557850035918,0.37638113482156443,-0.012824904922436708,0.011512850658199625,0.18861296643439088,-0.0411369467717142,0.04999114509068936,0.02152139966012001,-0.028247146433048154,-0.06668769647067685,0.19624030410125531,0.01996461994907439,0.10114780471900109,0.15409309227403156,0.011482188528908699,0.01944474854152256,0.16568597525170695,-0.055007515425717246,0.08256439690668871,0.04009981936289142,-0.024556361740969868,-0.044078695878367435,0.20217618372174065,0.03528989303697894,0.29358836622137563,0.30159215693831487,-0.000987394796443053,0.05920368700027634,0.1603175660771094,0.061753286258060314,0.17089276641197082,0.3542699875547899,0.00526682125597544,0.0680550942572773,0.16800163202001683,-0.013770031809471006,-0.07497745971179826,-0.03673722269414248,-0.015509824059072308,-0.01822425458922139,0.16832896160619934,0.05723674960900582,0.09177192502215958,0.3138695570284864,0.02173253917558493,0.040036501538672775,0.2331032698250735,0.05694168570250757,-0.06294799055700273,0.42847405571395547,-0.007805520353210915,-0.03176194230442664,0.2253682703963416,-0.021206851136619798,0.018430560257384432,0.24171635378170708,-0.02777889377132081,-0.020765664427032315,0.17394364762727083,0.045341848611841984,0.0023106555866321266,0.09959584986227932,-0.010076542918474707,-0.0018074544930731795,0.19038661683475216,0.05026020786491103,0.1236853410488652,-0.03084981568255396,0.010977631140558941,0.05956595195461323,0.2521893873734573,-0.03551925174418313,-0.07142850727072314,-0.10887319475885293,-0.0344334149737241,-0.08674435893789467,0.17188212012561774,0.004868354409423681,0.03206829951215484,-0.09756530021401333,-0.024138024988993867,0.01273039281648547,0.21952983633219625,0.007261881471275933,0.07981513134623142,0.36101742150351623,-0.010714139687376445,0.016421035851351906,0.17752669079818986,0.016968567854726002,0.13273699433261688,0.16129127910643715,0.008597796006085234,0.001633130870494659,0.1904919714904256,1,0,1,0,0,0,0,0,1,0,0,0,1,0,1,0,0,0,0,0
2024-06-30,0.10105071723704073,0.2404025686003013,0.09089153323333887,0.024603184194055938,0.10499579352766286,0.3302049970338197,0.02132900887579514,-0.06837945063646989,-0.04954884410824245,-0.006757940083060965,-0.009297742782786389,0.1825295733890812,0.0776823115481764,0.0678565436064773,0.25994258604731124,0.041206450119872784,0.05210835233869959,0.24945414308464856,0.035772200087096584,0.06641479743456413,0.1893072907676112,0.006038553347795128,0.030259901444041892,0.20274157425815895,0.024705321869217034,0.008687190017231616,0.25431331364442,0.03903336968810911,0.02677075908286053,0.23691182029712182,0.007043512660869222,-0.10547379300684123,-0.004903078373164282,0.015722408655463704,-0.03599545266094761,0.21960097532706152,-0.011626479130613099,-0.0067920796055028765,0.06645888743530004,0.002486678200531278,-0.014327880053847108,0.21643580029586465,0.029611439463109956,-0.023409619012256244,0.05269848626311924,0.03338997516138331,-0.006651250129048547,0.22742826511784564,0.05954943357616704,0.172802471558114,0.3004284909626982,0.026434026344386297,0.05957476613731605,0.17398305266731443,0.0046419862075171014,0.10047450952040982,0.1859993351998408,-0.00263172191972727,0.013961848910404306,0.20538021186122718,0.006057402802752243,-0.06615866848584107,-0.05185716961238729,-0.004084845263951364,-0.009946860133770663,0.1105200632643483,0.014699166815385523,0.02261873214874477,0.20196271904518892,0.023212684997164557,0.03043722399776172,0.18896591329943732,0.08065664910603676,0.027211989488337363,0.410069539014011,0.011029861194926438,0.05106172345466131,0.23950039031037526,8.524618627925307e-05,-0.04923564036362804,0.15225359470665412,-0.04182961563419696,-0.037062077340624944,0.23046526507105153,0.0778450769286656,0.054610997721354915,0.19533205883367488,0.022344310311793958,0.05820190054595753,0.12960847189924043,-0.007801574805781031,0.024601605420942363,0.0013671973955720063,-0.005597573223527275,0.010953911952056972,0.23470617163499655,0.041473928307747876,-0.14015228746162078,-0.08592519197962656,0.048438563738306684,0.010482045382474325,0.30197540812652895,0.06180933439553438,0.04435449955483994,-0.021839356878253224,0.03495184687578923,0.025379296142845176,0.2494565571131216,0.0030401082715105776,0.036824006211274796,0.21566241556355004,0.020324023511165024,-0.0007961282831926431,0.2315306296130683,0.009913147704275094,-0.007991734290088703,0.1691149229979787,0.022089620070162352,-0.0007880578622042611,0.22275458095494474,1,1,0,1,1,0,1,1,0,1,1,1,0,0,0,1,1,1,0,1
2024-07-31,0.008217062586515,0.3135335326085671,0.20751095494258087,-0.013887277282321309,0.05000965352216946,0.2324370984371244,0.03199667018613872,0.0019949303769224436,-0.054085400792836746,0.022418123556339653,0.02294346707268713,0.2646248883763669,-0.06510002136230486,0.0445809817180951,0.2047680373981915,-0.013332020344139717,-0.000585839576645597,0.24376705934268,-0.015147722445078116,0.0975690328766512,0.2008484092208762,-0.03717760874991016,-0.0026072666179430826,0.26261316728862294,0.003092114323391293,0.06672568740638041,0.17621931424237447,-0.005258907624732134,0.026972242612919306,0.2853095477602324,-0.0255872302319764,-0.09998857874160993,0.007470447008999459,-0.01312147046377321,-0.020509473637134956,0.17918425348894015,0.02373184764657288,0.01541296266634462,0.11143646812170482,0.021893488055517718,0.02312880656972638,0.1932384984896528,0.008159731566843798,-0.017441623979893572,0.12969583491353687,-0.0037945469339492055,0.020687612293029956,0.20817357791124697,-0.0739582361161405,0.04807063421735025,0.22581632776321525,-0.04826902533275912,-0.03895946811439688,0.2966515662485248,0.09325390419908475,0.19946221284649135,0.34303657652667563,0.04513520341067512,0.08751712051482419,0.22318970263768736,0.08094243491675845,0.0525597226503598,0.00902571393907392,0.031180508672888907,0.05571455647532386,0.23046942532405232,0.024657278868873034,0.11528810661419309,0.23438490615376173,0.014645289888999269,0.05164951217571745,0.21693278766620724,-0.06804709897820638,0.08222283411377496,0.2195770213641539,-0.032561351912268055,-0.03362705008983102,0.4577057895028117,-0.11423420359262015,-0.11640693908908728,-0.05175776295222667,-0.09527845967076487,-0.11123039585528371,0.3886740684425361,-0.08911778242218538,0.06118550925511479,0.05608849905499036,-0.05792405921993771,-0.04735594576220792,0.22445813084292277,0.11286430396583969,0.15666209119174024,0.16093340125150912,0.04975479272396477,0.07729616993616051,0.2290491001658867,0.03426861534931103,0.030488921442959116,0.003587225258012472,0.012273300501888462,0.0414867197693658,0.25069214488926633,0.15639036367380466,0.19519154462468835,0.13511762655953352,0.07043383155321115,0.12359441353664757,0.3091334513245838,-0.026734434177783983,0.0027073648722157895,0.19769519406140756,-0.0028734081782061383,0.0036058289734417492,0.327897759344599,0.03862324134417716,0.03036486989572862,0.17366356963022223,0.029087657187638616,0.03881431942029234,0.2026948093849063,1,1,0,0,0,1,0,0,0,0,1,1,1,1,0,0,0,1,0,0
2024-08-31,0.042777523238474835,0.18159585068139994,0.31111383713833973,0.03232222117134609,0.03423545494328328,0.22966863820733313,0.017608282095867844,0.10694001212157045,-0.04668731650497826,0.021375147338211997,0.05984044466671001,0.13884243290628825,0.0631328558001667,0.0008971832757371789,0.005180753234931057,0.037591623758298276,-0.021988548609618963,0.30001022136721744,0.0843533807792689,0.028030211236318214,0.1663681069548002,0.04789453200132221,0.013676505022025554,0.18721173433500496,0.07628875951913572,0.02136183808505443,0.13630416358066166,0.04582148918151274,0.009230091766107895,0.2472158526417136,0.08360711985831171,0.0065259029499558086,0.033162308123933615,0.034767916235869833,0.02426179717020127,0.18731481149403287,0.007107809388490205,-0.049880378045956464,0.015022337296189292,0.020810519315839215,-0.019356017966542405,0.16618956154362366,0.047998751378675264,0.08423211038658907,0.12747952000188012,0.015766410688995647,0.018780827696542657,0.21107381008361695,-0.019680538638079947,-0.055451036972806955,0.22660329494203002,0.0019535031006068238,-0.057350353939110255,0.24681890581243676,0.09057600614082362,0.12811259882252823,0.31644313822888215,0.03636426516632696,0.05741647284758877,0.20899043570338938,0.018148427244240928,0.13116890047386054,0.05399015508670235,0.03496930211067362,0.07234779344637943,0.11948964163453538,0.1288540480604723,0.12003568747481785,0.21793547836037774,0.05973991261970779,0.0764469985263676,0.1496582250097869,0.06795190650273808,0.09285565601004042,0.04744693525352539,0.0054418751452243175,0.033228052460630764,0.28328212977730466,0.028211733235174785,-0.07211792092987346,-0.033337709721565356,0.031044475323119602,-0.02348099745284027,0.14366136684194003,0.023016265669728142,0.010572379929509435,0.008979004033583982,0.01195360489736541,-0.03187477997603583,0.1888716396333493,-0.04666447169527954,0.003733075732011759,0.15346023341410264,0.005476282213808359,0.007150367441535632,0.1600454443133447,-0.020921354601975972,0.004548651941640225,-0.10419953128142456,-0.004660962338907115,-0.04533509302627847,0.25679419601295406,0.000627122566617011,0.19150782994895388,0.23485622121915384,0.021867362859003148,0.0766660752414079,0.16337271055929764,0.10620884746174264,-0.007133833324659555,0.06173435610535449,0.06718366549556865,0.024922181297309054,0.19066961000204294,0.01719303781978132,0.038790057956109125,0.1484782489740082,0.010770504131275116,0.024239786024065513,0.21347932120491067,0,0,1,0,0,0,0,0,0,0,0,0,1,0,1,0,0,0,0,0
2024-09-30,0.017467299869756925,0.059017117623828996,0.38347631615834055,0.04130359893543778,0.04865065792226875,0.23509601542281322,0.006533141716640323,0.11060911846656185,0.0282385257256228,-0.0076637876776812774,0.021706692525350846,0.17677307718525112,0.043865556476496925,-0.0683499908447266,0.031213677090282665,0.007919253367099754,0.04048702904947943,0.27343955645455803,-0.01990922011757379,-0.024219467412426532,0.07725488321935003,0.0031930609281527467,0.006523891052866215,0.20450463848253786,-0.0006385961117297834,-0.022845761752848914,0.014503155532513912,0.03884895368262575,0.03080703142571939,0.29921446543266855,-0.07478692254873809,-0.070789171200065,-0.18331573060259754,-0.011441540746532364,-0.029128073963063272,0.2769472686177741,-0.004596077740655291,-0.049963421334014435,-0.058568002469589486,0.031197799618458033,0.009106718474871656,0.22123595736441168,-0.0457228486975535,-0.0226098523966185,-0.05758669276531392,0.003645263985077918,-0.015197147471076144,0.26093355292188325,0.016464923927442587,-0.10348704330732994,0.07570305347895778,0.048719211745694935,0.019149609713624782,0.26047192297274074,-0.02967191704374217,0.06964836296350407,0.2216334622388576,0.014568501896842223,0.009904034551372565,0.3062253465094349,-0.022910893880272343,0.11819526814279024,0.043618812851555555,-0.015879837085717163,0.0037827488166359835,0.12459946504089625,-0.06201065036602571,0.015315719125793104,0.07243869151350202,-0.0008553602754768352,-0.0015541418512239336,0.2537015849591292,0.09912725472541739,0.12460464544947891,0.1531757078481717,0.065941327499484,0.10757692255298279,0.23237981467197233,-0.034869007568251065,-0.10491880412931309,-0.11773179788909194,-0.01822988117024149,-0.021033732643027436,0.1851603985221499,0.03154808084728633,-0.06141024917499083,0.02470835206971711,0.014301011196985236,0.025734191240242454,0.18355206619522674,-0.002413019267608729,0.05456089360504546,0.08134384503463199,-0.009701082171819864,-0.011348869797203953,0.20968075352945326,-0.04013247171298495,-0.09563964852807905,-0.2228644588065145,0.01563400860540387,-0.03787611282104475,0.2886002235425578,-0.005839793904307666,0.17765186036981073,0.28616239682723266,-0.001227997212478904,0.012163141800549448,0.14564147715368989,-0.033863561028062206,-0.06640066781397813,-0.0017646562533151222,0.026829540647565597,0.016362593670005587,0.3746636454344768,-0.006104721047803907,0.03488991152610055,-0.0013118443727578866,0.027781399101126425,0.015678061009077204,0.26194966138577813,0,1,1,1,1,1,1,1,1,1,0,1,1,0,0,0,0,0,1,1
2024-10-31,0.0010635682643806987,0.08076409774581106,0.23502166822675208,-0.02047197345486873,-0.005529815290643558,0.19914263939143045,0.014918504730179416,0.04855298175681777,0.08128978111281504,-0.018063739260790856,-0.008968275921056756,0.16241205190642521,0.024400895904555187,0.15762010278597516,0.0010202844947486689,-0.004632445070701929,0.011094886516302527,0.24037910242096744,0.06547790297507339,0.148503427073037,0.13687687087077927,0.002757515951042455,0.03487509995103211,0.23964851601438913,0.04664820665306246,0.14161190502058618,0.0531118554230956,0.008716434165443987,0.03674909292534467,0.3401251147557298,-0.02561818062500698,0.05510541036074401,-0.09159570010988005,0.02060499242884739,0.014943430656335632,0.3223028907993396,-0.016066040471562015,0.040271005320171804,-0.051449846310996805,-0.00851435960368141,0.013716112001633585,0.14758499148909285,-0.06080216481870304,-0.002293084529785938,-0.04865766851305209,-0.0369676166867855,-0.022781942075492667,0.19383316176428284,0.031652956147156575,0.07589982221254665,0.025673763340934075,0.03531096109154186,0.05443228270471767,0.21029566562009278,0.06519231172472861,0.13470702227819653,0.19586750012333565,0.003032508400838907,0.03224014746429216,0.2060314943410718,-0.003987556361716216,-0.0010953806701757829,0.08779651058699334,-0.013377389988229127,-0.020713012529019137,0.13546969633402745,0.08794971190687972,0.14561288313190235,0.17850592569354484,0.006143289703076871,0.03166939320460238,0.22929098732656172,-0.026065209802738964,0.19420978963588031,0.2582651879820539,-0.02456631303284651,0.022185273334555555,0.26546982104854927,-0.07133789831639226,-0.08285488980811528,-0.1873517358572384,-0.04849588869641652,-0.08884608792384763,0.17272829728924446,-0.024463483111505147,0.030197392830361824,0.0028444076263955953,-0.03249995424870189,-0.034318656922682655,0.2556178971505268,-0.0014112752531491024,-0.04841956106437917,0.04754428704246516,-0.024457481811797188,-0.025602833672834002,0.22008994405855278,-0.10737353763426927,-0.07854070132663937,-0.14835496447042973,-0.06546628109016883,-0.05733500221511101,0.2892623481200341,-0.04765920476201402,-0.006067668483625388,0.15525403758976242,-0.018103000958543114,-0.029000789702118834,0.3319142174666,0.18079294883998331,0.2551026757341637,0.09763140341137855,0.03862856541576898,0.11370721279345353,0.25226803370783496,-0.047316039766293394,0.02570523291822102,0.023072033743347875,-0.03340217457326533,-0.007226061574491793,0.17411749350007702,0,0,1,1,1,0,1,1,0,1,0,1,0,0,0,0,1,1,1,0
2024-11-30,0.05170682577337815,0.06653089430294545,0.22592427019642258,0.042068055860579934,0.037696813724190426,0.15082257431394328,0.0476315077345415,0.04072688636849331,0.16615938823046617,0.014334847939451167,0.02765561782187098,0.2019610219682344,0.1152897328156477,0.17951772703346625,0.1656947608980046,0.016552161829730627,0.06887285728546999,0.3747228791951889,0.1360591555062225,0.17493210085920197,0.2063838830645035,0.03969704208625102,0.10840993667024001,0.327275170745454,0.11420387344514515,0.16333323306218084,0.16580140311816427,0.03781048047652824,0.09392399832936227,0.34163294493042806,-0.004043559139365049,-0.00685417777795283,-0.03498523661659192,-0.02042956106760707,0.00039913750922937474,0.2727744798905614,0.09919245690464185,0.13080218228998142,0.05050573405122538,0.024618893402715614,0.06689215606415222,0.19056238911534162,0.09265327770383114,0.08565080380264911,0.12967352665132403,0.011591550047934884,0.0384093997715953,0.3080148886986107,-0.012623457540310579,0.07507743936565303,-0.021953403744189637,-0.026656834094090698,0.0035662946759795755,0.30787696389287617,0.17532221703425144,0.248451169402919,0.34548846228616203,0.043035530384416765,0.1295963547451855,0.5076292733491102,-0.02255868233130509,-0.06524426355226365,0.065654226709847,0.004982936017996931,-0.0196642422160882,0.12837671946441648,0.12527047678420744,0.14049154725644364,0.251820907424946,0.03751719852470514,0.10423759197251758,0.45724985501839766,0.011875062401373482,0.123315387322668,0.20513247669798051,0.005990580946886093,-0.0012721769497749946,0.23925880585000092,-0.006645822020092118,-0.12231934387283938,-0.19847273223348805,0.016491425362923362,-0.03938307711593181,0.21133826760297217,0.04419234897876567,0.03631197587586832,0.027936732518496044,0.012213069668368215,0.0074826802326264374,0.18631905891620568,-0.059466284322145846,-0.059466284322145846,-0.07906005233379343,0.002506757078611699,-0.05005472833146174,0.2789062605255373,0.09658087554703543,0.04581693932491193,0.009974344412662095,0.018426177597735904,0.022849970761025906,0.3232895947394712,0.08095672358082306,0.022856715017722795,0.2362526476346729,0.023122569107115076,0.04357823003820038,0.3180623206715728,0.18005082397053052,0.31247032606153824,0.30087871520093956,0.05247000182646855,0.17515520718190913,0.5159530258202097,0.018404588309736125,0.029958321679935507,0.047503448455306074,-0.011105233683858184,-0.008249403698596058,0.1971667745013417,1,0,1,0,1,0,0,0,1,0,0,0,1,0,1,1,0,0,0,0
