Date,AAPL,ABT,AMZN,BAC,C,COP,CVX,EOG,GOOGL,GS,JNJ,JPM,META,MRK,MSFT,PFE,SLB,UNH,WFC,XOM
2018-01-02,40.304176330566406,50.506080627441406,59.45050048828125,24.637495040893555,56.57960510253906,42.35491943359375,89.45237731933594,80.424560546875,53.22063064575195,213.1442413330078,110.76420593261719,85.90128326416016,180.00738525390625,41.5934944152832,78.870361328125,23.830419540405273,54.93655014038086,193.0904541015625,48.6533203125,58.58041000366211
2018-01-03,40.29715347290039,50.61775588989258,60.209999084472656,24.555095672607422,56.75461959838867,43.13587188720703,90.10443878173828,81.62390899658203,54.12862777709961,211.16015625,111.822265625,85.98880767822266,183.23208618164062,41.534305572509766,79.2374038696289,24.006990432739258,56.36686325073242,195.11599731445312,49.02763748168945,59.73093795776367
2018-01-04,40.484336853027344,50.53185272216797,60.47949981689453,24.8764591217041,57.45460510253906,43.6335334777832,89.8239974975586,81.6386489868164,54.33888244628906,214.1112518310547,111.81430053710938,87.22063446044922,182.89474487304688,42.207557678222656,79.9348373413086,24.05930519104004,57.76557922363281,195.96292114257812,49.64089584350586,59.8136100769043
2018-01-05,40.945255279541016,50.67790222167969,61.457000732421875,24.991811752319336,57.378536224365234,43.549320220947266,89.6767349243164,82.5363540649414,55.05943298339844,213.01918029785156,112.73714447021484,86.66071319580078,185.39512634277344,42.16317367553711,80.92585754394531,24.105079650878906,58.16067886352539,199.69969177246094,49.975372314453125,59.76540756225586
2018-01-08,40.793182373046875,50.53185272216797,62.34349822998047,24.818775177001953,56.70894241333008,43.99338912963867,90.11844635009766,82.9336929321289,55.25382995605469,209.92628479003906,112.88034057617188,86.7887191772461,186.81398010253906,41.919029235839844,81.00843811035156,23.836956024169922,59.108943939208984,196.2335662841797,49.40991973876953,60.034080505371094
2018-01-09,40.78850555419922,50.61775588989258,62.6349983215332,24.94237518310547,57.30244445800781,44.353240966796875,89.63468170166016,82.1978759765625,55.183406829833984,211.7019805908203,114.6703109741211,87.22865295410156,186.4071807861328,42.02259826660156,80.953369140625,23.810800552368164,59.18796920776367,197.21139526367188,49.58514404296875,59.77918243408203
2018-01-10,40.779136657714844,50.54045104980469,62.71649932861328,25.173093795776367,57.561153411865234,44.138851165771484,90.2095947265625,82.41862487792969,55.05199432373047,212.02713012695312,114.53508758544922,88.18852233886719,186.37741088867188,42.392513275146484,80.5863265991211,23.850038528442383,59.74112319946289,195.74462890625,50.270057678222656,59.30381774902344
2018-01-11,41.01077651977539,50.88572311401367,63.83399963378906,25.263734817504883,57.49266052246094,45.310279846191406,92.95109558105469,84.7217025756836,55.14671325683594,212.69403076171875,115.18741607666016,88.66045379638672,186.3079376220703,42.61446762084961,80.82493591308594,23.908891677856445,60.886962890625,196.7836151123047,50.18244171142578,59.88943099975586
2018-01-12,41.434261322021484,50.79077911376953,65.26000213623047,25.70045280456543,58.46659851074219,45.97636795043945,93.67327117919922,85.13375091552734,56.069087982177734,214.27804565429688,115.95911407470703,90.124267578125,177.97335815429688,43.39868927001953,82.2197036743164,23.895809173583984,61.613956451416016,199.62112426757812,49.81610107421875,60.29587173461914
2018-01-16,41.223690032958984,50.445499420166016,65.24299621582031,25.741655349731445,58.67204284667969,45.04997253417969,92.55845642089844,83.55536651611328,56.07156753540039,215.47018432617188,116.83424377441406,89.80430603027344,177.00099182128906,45.921531677246094,81.07266235351562,23.935056686401367,60.98179626464844,203.34043884277344,49.77627182006836,59.91695785522461
2018-01-17,41.904537200927734,50.920265197753906,64.75,25.69221305847168,58.94594192504883,45.83089828491211,92.80387115478516,83.65851593017578,56.48812484741211,211.4602813720703,116.92967987060547,90.38021850585938,176.21714782714844,45.89193344116211,82.71522521972656,24.314346313476562,61.013389587402344,208.1685333251953,50.87534713745117,60.62656021118164
2018-01-18,41.941993713378906,50.98931121826172,64.66600036621094,25.939411163330078,58.88508605957031,45.754337310791016,92.26396942138672,84.18170166015625,56.33291244506836,209.22605895996094,116.88196563720703,90.5962142944336,178.4000244140625,45.2260856628418,82.67851257324219,24.190095901489258,60.34962844848633,212.29823303222656,50.93109130859375,60.233863830566406
2018-01-19,41.75481033325195,51.19648361206055,64.72899627685547,26.13716697692871,59.57752227783203,45.746681213378906,92.06066131591797,84.27752685546875,56.70631790161133,213.51934814453125,117.23199462890625,90.39624786376953,179.87838745117188,45.337059020996094,82.58676147460938,24.157400131225586,60.38911056518555,212.464111328125,51.1461181640625,60.040985107421875
2018-01-22,41.413204193115234,51.42091751098633,66.3655014038086,26.318450927734375,59.79814910888672,46.45107650756836,92.94405364990234,86.08287048339844,57.73085403442383,218.02120971679688,117.85250854492188,91.45210266113281,183.9266357421875,45.314857482910156,84.06414794921875,24.150859832763672,63.05220031738281,212.64743041992188,51.55229568481445,60.798797607421875
2018-01-23,41.42256164550781,51.127418518066406,68.12699890136719,26.30197525024414,59.76771545410156,46.297950744628906,91.86431884765625,86.83448791503906,58.32643127441406,216.82907104492188,112.83261108398438,91.35612487792969,187.87567138671875,45.647789001464844,84.33026123046875,24.078920364379883,62.59385299682617,214.08802795410156,51.36115264892578,60.83325958251953
2018-01-24,40.76276779174805,53.27679443359375,67.87550354003906,26.442045211791992,60.45252227783203,46.313255310058594,92.12374877929688,87.29874420166016,58.08443069458008,221.48924255371094,113.02352142333984,92.52394104003906,185.09747314453125,45.26308059692383,84.25687408447266,24.150859832763672,61.77989959716797,213.77371215820312,52.14960479736328,60.991703033447266
2018-01-25,40.035099029541016,54.571598052978516,68.89749908447266,26.442045211791992,60.44489669799805,45.539974212646484,91.6048812866211,86.54711151123047,58.62248611450195,224.28211975097656,114.87716674804688,92.5479736328125,186.0202178955078,45.351863861083984,84.724853515625,24.347047805786133,61.10821533203125,214.06185913085938,52.285011291503906,60.88147735595703
2018-01-26,40.128700256347656,54.74423599243164,70.10250091552734,26.532690048217773,60.93187713623047,46.2366828918457,91.9835205078125,86.77555084228516,58.891265869140625,223.54013061523438,115.61703491210938,93.04388427734375,188.5205841064453,45.89933395385742,86.31233978271484,25.5111026763916,61.329463958740234,216.93429565429688,52.507999420166016,61.31550216674805
2018-01-29,39.298095703125,54.649288177490234,70.88400268554688,26.598602294921875,60.840576171875,45.67778015136719,90.08340454101562,85.90603637695312,58.83770751953125,227.1582489013672,114.30436706542969,92.94792175292969,184.5319061279297,45.59600067138672,86.18384552001953,25.517642974853516,60.35750198364258,216.00885009765625,52.42039489746094,60.633460998535156
2018-01-30,39.06646728515625,53.89830017089844,71.89099884033203,26.26900863647461,59.82097244262695,44.75902557373047,87.80469512939453,84.86701965332031,58.38594055175781,224.20704650878906,113.30992126464844,92.07601165771484,185.66302490234375,44.87095260620117,85.1010513305664,24.719802856445312,58.903507232666016,206.61448669433594,51.990325927734375,59.78607940673828
2018-01-31,39.1740837097168,53.6566047668457,72.54450225830078,26.36788558959961,59.71446228027344,45.02699279785156,87.88880920410156,84.74173736572266,58.62644577026367,223.3317108154297,109.93682861328125,92.52394104003906,185.434814453125,43.835201263427734,87.18408203125,24.22279167175293,58.14486312866211,206.7279815673828,52.38853073120117,60.14432907104492
2018-02-01,39.25596618652344,53.673866271972656,69.5,26.779888153076172,60.26228713989258,45.440433502197266,88.0430679321289,85.86180114746094,58.595211029052734,226.94981384277344,111.39268493652344,93.48383331298828,191.5865478515625,44.2864875793457,86.49585723876953,24.3085994720459,59.670005798339844,205.36599731445312,52.484676361083984,61.36375427246094
2018-02-02,37.552650451660156,53.25090026855469,71.49749755859375,26.326690673828125,58.84128952026367,44.19245529174805,83.14204406738281,83.1427001953125,55.50128173828125,216.78738403320312,109.53105926513672,91.412109375,188.79843139648438,43.32472610473633,84.22014617919922,24.163389205932617,58.23179626464844,202.4499053955078,51.33099365234375,58.235965728759766
2018-02-05,36.61443328857422,50.69581604003906,69.5,24.93413734436035,55.97639465332031,42.829612731933594,78.96322631835938,80.73308563232422,52.6840705871582,207.67535400390625,103.73152923583984,87.0286865234375,179.84864807128906,41.726680755615234,80.75151824951172,22.88294792175293,56.382652282714844,192.09512329101562,46.596065521240234,54.92216491699219
2018-02-06,38.14460372924805,50.80803298950195,72.14199829101562,25.708698272705078,57.16057205200195,42.829612731933594,82.16044616699219,79.78251647949219,53.77703094482422,215.6702880859375,104.87715148925781,89.67633819580078,183.8671112060547,41.03121566772461,83.80720520019531,23.28556251525879,56.53387451171875,196.60025024414062,45.89104080200195,53.978302001953125
2018-02-07,37.32803726196289,50.644039154052734,70.83899688720703,25.74988555908203,57.290443420410156,42.592262268066406,80.83525848388672,77.94769287109375,52.33793258666992,214.33641052246094,104.55095672607422,90.28426361083984,178.7770233154297,41.341949462890625,82.22888946533203,23.087554931640625,55.50728225708008,197.15904235839844,46.09934997558594,53.006927490234375
2018-02-08,36.300899505615234,48.572357177734375,67.5250015258789,24.505659103393555,54.90683364868164,40.762413024902344,78.73884582519531,74.45482635498047,49.97248077392578,205.37442016601562,100.52547454833984,86.29276275634766,170.24400329589844,40.491146087646484,78.00779724121094,22.196529388427734,53.637149810791016,188.9870147705078,44.38484573364258,52.40752410888672
2018-02-09,36.74491500854492,49.34922409057617,66.9800033569336,24.991811752319336,56.28962326049805,40.042686462402344,79.58021545410156,73.74004364013672,51.884674072265625,207.83377075195312,103.04735565185547,88.0205307006836,174.7387237548828,40.594722747802734,80.91668701171875,22.546340942382812,51.878421783447266,192.91587829589844,44.96969223022461,52.74160385131836
2018-02-12,38.22495651245117,49.556400299072266,69.3115005493164,25.642772674560547,57.11472702026367,41.11263656616211,79.9167709350586,76.00228118896484,52.295780181884766,211.05174255371094,103.6360855102539,89.38037872314453,175.03640747070312,41.00902557373047,81.7884292602539,22.876352310180664,53.191490173339844,197.0455322265625,45.26612091064453,53.18703842163086
2018-02-13,38.607887268066406,49.75493240356445,70.72550201416016,25.69221305847168,57.43558120727539,41.04336166381836,79.43299102783203,75.50858306884766,52.27494812011719,213.0275115966797,103.38945770263672,89.93230438232422,171.8018035888672,40.616912841796875,82.43077850341797,23.061161041259766,52.459354400634766,197.8749237060547,46.467891693115234,53.10352325439453
2018-02-14,39.319698333740234,50.307376861572266,72.55249786376953,26.36788558959961,58.60447311401367,42.729129791259766,79.6713638305664,78.66983032226562,53.19534683227539,218.9049530029297,103.15875244140625,92.01200866699219,178.1221923828125,40.616912841796875,83.72151184082031,23.226160049438477,52.4195671081543,199.7433624267578,47.709693908691406,53.214881896972656
2018-02-15,40.63999557495117,51.360477447509766,73.08799743652344,26.540924072265625,58.887142181396484,41.98246383666992,79.68553161621094,79.35511779785156,54.12070083618164,223.1566162109375,104.39978790283203,92.3959732055664,178.5587921142578,41.42333221435547,85.42708587646484,23.569372177124023,52.69014358520508,197.33360290527344,48.08624267578125,53.04087829589844
2018-02-16,40.50843048095703,51.9388313293457,72.43450164794922,26.343170166015625,58.68849563598633,42.067138671875,79.40933990478516,79.31827545166016,54.32600021362305,223.1066131591797,105.92724609375,91.7320556640625,175.97900390625,41.645267486572266,84.81858825683594,23.932390213012695,52.745849609375,200.25843811035156,48.03017044067383,53.270545959472656
2018-02-20,40.3721809387207,51.03246307373047,73.4175033569336,26.310209274291992,58.413475036621094,42.213401794433594,78.58792877197266,79.55408477783203,54.7271842956543,220.83071899414062,104.1134033203125,91.75605773925781,174.63951110839844,40.67610168457031,85.4823989868164,23.767385482788086,52.21266174316406,197.89244079589844,48.03017044067383,52.72072219848633
2018-02-21,40.18893814086914,50.920265197753906,74.14600372314453,26.260772705078125,58.82600402832031,41.374359130859375,77.22831726074219,77.96977996826172,55.23101043701172,219.5885009765625,103.34966278076172,92.13999938964844,176.5247344970703,40.35795974731445,84.34841918945312,23.60237693786621,51.24973678588867,196.55661010742188,47.853912353515625,52.12217330932617
2018-02-22,40.524879455566406,50.920265197753906,74.26699829101562,26.112457275390625,58.268333435058594,42.267276763916016,77.8160629272461,78.91299438476562,55.040096282958984,217.9462127685547,103.34966278076172,91.97200775146484,177.5963134765625,40.372764587402344,84.56969451904297,23.589168548583984,51.69538497924805,198.26783752441406,47.11683654785156,52.79727554321289
2018-02-23,41.22966003417969,51.54176330566406,75.0,26.392602920532227,58.887142181396484,43.91455078125,79.72801971435547,80.19517517089844,55.942138671875,222.39797973632812,105.02825927734375,93.8357925415039,181.86282348632812,40.594722747802734,86.71780395507812,23.932390213012695,52.920928955078125,200.9481964111328,47.40525817871094,53.95957565307617
2018-02-26,42.04486846923828,52.249576568603516,76.09750366210938,26.713970184326172,59.32259750366211,43.56045913696289,81.15135192871094,80.6814956665039,56.716243743896484,226.14112854003906,105.7408447265625,95.0036392211914,183.4900665283203,41.47512435913086,87.97166442871094,24.480205535888672,53.10396194458008,204.35317993164062,48.04620361328125,54.87130355834961
2018-02-27,41.90859603881836,52.26683807373047,75.5989990234375,26.639812469482422,58.35234069824219,42.97544860839844,80.45030975341797,78.80244445800781,55.41747283935547,223.36505126953125,105.42060089111328,93.87577819824219,180.04710388183594,40.48374557495117,86.84687042236328,24.288801193237305,53.24721908569336,203.00860595703125,47.43730545043945,53.93869400024414
2018-02-28,41.84516906738281,52.07695388793945,75.62249755859375,26.45029067993164,57.672401428222656,41.8054313659668,79.25357818603516,74.7348403930664,54.74354553222656,219.8119659423828,103.98744201660156,92.38797760009766,176.93154907226562,40.113834381103516,86.45042419433594,23.96538734436035,52.23653793334961,197.4558563232422,46.79637145996094,52.71375274658203
2018-03-01,41.11220932006836,50.747615814208984,74.67250061035156,26.036745071411133,56.27434158325195,41.47443389892578,79.33856201171875,74.55801391601562,53.13136672973633,214.67054748535156,101.90576934814453,90.73220825195312,174.57005310058594,39.729122161865234,85.60224914550781,23.516571044921875,51.90230178833008,195.96292114257812,45.915077209472656,52.33790969848633
2018-03-02,41.39646911621094,51.325958251953125,75.01249694824219,26.16080665588379,56.28962326049805,41.612972259521484,79.0552978515625,74.7569580078125,53.76265335083008,215.79074096679688,103.13878631591797,90.64420318603516,175.24476623535156,40.217403411865234,85.78662872314453,23.727771759033203,52.101226806640625,196.6089324951172,45.995208740234375,52.58152770996094
2018-03-05,41.539772033691406,52.11146926879883,76.18049621582031,26.574350357055664,56.85498046875,41.5590934753418,80.12456512451172,75.022216796875,54.289302825927734,219.9708709716797,103.9153823852539,92.03602600097656,178.995361328125,40.24700164794922,86.33056640625,23.839982986450195,52.650352478027344,199.39413452148438,46.139400482177734,53.082637786865234
2018-03-06,41.5045280456543,52.551700592041016,76.88200378417969,26.557811737060547,56.579925537109375,41.612972259521484,80.47863006591797,74.43272399902344,54.59378433227539,223.1560516357422,102.65837097167969,92.11601257324219,178.3801727294922,40.173011779785156,86.0355453491211,23.681575775146484,53.024375915527344,197.4733428955078,45.72279357910156,53.01999282836914
2018-03-07,41.1192512512207,52.90562057495117,77.25,26.615707397460938,56.47300338745117,41.62068176269531,80.6131820678711,74.3295669555664,55.294986724853516,221.83517456054688,103.3149185180664,91.77204895019531,182.27955627441406,40.29878234863281,86.53340148925781,23.71457862854004,52.70606994628906,198.42495727539062,45.34625244140625,51.6837158203125
2018-03-08,41.56795883178711,53.406280517578125,77.59300231933594,26.632251739501953,56.61813735961914,41.23579788208008,80.26620483398438,74.12319946289062,56.00611114501953,222.6627960205078,105.73284149169922,91.7800521850586,180.9202117919922,40.513336181640625,87.05892181396484,24.090784072875977,53.111915588378906,196.8570098876953,45.4423828125,51.586273193359375
2018-03-09,42.282142639160156,54.89961624145508,78.94450378417969,27.06233787536621,58.14607238769531,42.38274002075195,83.00664520263672,75.75176239013672,57.56621551513672,226.36634826660156,107.1259765625,94.41972351074219,183.78773498535156,40.79448318481445,89.00421142578125,24.26899528503418,54.7353630065918,197.4701690673828,46.652156829833984,51.89251708984375
2018-03-12,42.6909065246582,54.91687774658203,79.91950225830078,27.161588668823242,58.07732391357422,42.13643264770508,82.7021713256836,74.16746520996094,57.81863021850586,228.54830932617188,106.18923950195312,94.11576080322266,183.32139587402344,40.95724105834961,89.21624755859375,24.163389205932617,54.18625259399414,195.14010620117188,46.48390579223633,52.36577224731445
2018-03-13,42.27977752685547,54.554344177246094,79.40899658203125,26.764583587646484,57.22930908203125,41.53600311279297,82.46849060058594,73.7253189086914,56.528289794921875,224.49365234375,107.56631469726562,92.98789978027344,180.4638214111328,40.96464157104492,87.04048919677734,24.255796432495117,53.43023681640625,198.79287719726562,46.115379333496094,51.871620178222656
2018-03-14,41.920352935791016,54.26084518432617,79.55000305175781,26.58262062072754,56.12919998168945,41.53600311279297,81.52665710449219,73.60741424560547,56.97361373901367,221.0659637451172,105.94100952148438,91.94801330566406,182.7558135986328,40.89746856689453,86.52418518066406,23.991785049438477,52.86521530151367,197.4263916015625,45.37028884887695,51.224369049072266
2018-03-15,41.96968460083008,54.02777862548828,79.11599731445312,26.549543380737305,56.02987289428711,41.58987808227539,81.84530639648438,72.69367980957031,57.05890655517578,222.88853454589844,106.53347778320312,92.17999267578125,182.42840576171875,41.233306884765625,86.82842254638672,24.143592834472656,52.005760192871094,201.01783752441406,45.530517578125,51.795082092285156
2018-03-16,41.821685791015625,54.53705596923828,78.58399963378906,26.607439041137695,56.12919998168945,42.28267288208008,81.71785736083984,74.02006530761719,56.25605010986328,223.7161865234375,107.02989959716797,92.33998107910156,183.64881896972656,41.5467529296875,87.21565246582031,24.27559471130371,52.60259246826172,199.5988006591797,44.78543472290039,52.28226089477539
2018-03-19,41.182682037353516,53.742923736572266,77.24649810791016,26.450288772583008,55.54092788696289,41.23579788208008,80.6485824584961,72.56103515625,54.5526237487793,219.47763061523438,104.27568054199219,91.61207580566406,171.21636962890625,40.770591735839844,85.63911437988281,23.97859001159668,51.488468170166016,197.13731384277344,44.44892501831055,51.60714340209961
2018-03-20,41.168575286865234,54.0795783996582,79.32550048828125,26.450288772583008,55.709007263183594,42.105621337890625,81.08055114746094,74.66854095458984,54.34086990356445,220.02935791015625,105.05230712890625,91.7000503540039,166.84072875976562,40.77805709838867,85.86038970947266,23.97859001159668,52.172882080078125,198.6527099609375,43.984256744384766,51.495784759521484
2018-03-21,40.23591995239258,53.88104248046875,79.09300231933594,26.359312057495117,56.01459884643555,43.906856536865234,82.87918853759766,77.2107925415039,54.25161361694336,218.90908813476562,105.03629302978516,91.7800521850586,168.07106018066406,40.81538009643555,85.26113891601562,23.938980102539062,53.907718658447266,195.18386840820312,43.89613342285156,52.22657775878906
2018-03-22,39.66740036010742,52.59486389160156,77.24600219726562,25.26755142211914,53.715030670166016,43.491180419921875,80.51405334472656,76.8497085571289,52.225852966308594,211.17599487304688,101.98582458496094,87.94855499267578,163.60610961914062,40.38998031616211,82.78108978271484,23.496767044067383,52.14104080200195,188.5177459716797,42.08548355102539,51.15476989746094
2018-03-23,38.74884033203125,51.360477447509766,74.77799987792969,24.12616729736328,51.87385559082031,44.44568634033203,80.00418090820312,78.0066146850586,50.90675354003906,205.03968811035156,100.16035461425781,85.59687042236328,158.14894104003906,39.860111236572266,80.37484741210938,22.764144897460938,51.04281997680664,186.1876983642578,40.84368133544922,50.73021697998047
2018-03-26,40.588321685791016,52.7156982421875,77.79299926757812,25.17657470703125,53.31012725830078,45.4771614074707,81.68244934082031,79.2667007446289,52.27246856689453,213.0821075439453,101.99385070800781,88.23651885986328,158.81370544433594,40.33027648925781,86.45964813232422,23.12715721130371,51.29749298095703,191.89901733398438,41.89320373535156,51.50275421142578
2018-03-27,39.54758834838867,52.03377914428711,74.85250091552734,24.4156551361084,52.16416931152344,45.523345947265625,81.19384765625,78.35295104980469,49.934295654296875,206.71170043945312,101.84972381591797,86.52472686767578,151.03475952148438,40.11385726928711,82.48607635498047,23.107362747192383,51.31339645385742,190.92669677734375,40.93980407714844,51.2939567565918
2018-03-28,39.110626220703125,51.127418518066406,71.57099914550781,24.308130264282227,52.14888000488281,45.20772933959961,79.38104248046875,76.50336456298828,49.847015380859375,208.4757080078125,102.0418472290039,86.38875579833984,151.8384552001953,41.11391067504883,82.41233825683594,23.298765182495117,50.30272674560547,191.39968872070312,41.2442512512207,50.674537658691406
2018-03-29,39.4160270690918,51.72303771972656,72.36699676513672,24.804378509521484,51.56827163696289,45.63880157470703,80.75481414794922,77.57185363769531,51.43191146850586,210.5573272705078,102.60232543945312,87.96454620361328,158.54580688476562,40.65119171142578,84.14556884765625,23.424169540405273,51.55214309692383,187.45785522460938,41.98934555053711,51.92729949951172
2018-04-02,39.1576042175293,50.246952056884766,68.59950256347656,24.241968154907227,51.72869110107422,44.71510314941406,79.4802017211914,75.84756469726562,50.21646499633789,206.78697204589844,99.72801208496094,86.26878356933594,154.18006896972656,39.7556266784668,81.6102294921875,23.13375473022461,50.51759719848633,190.2609405517578,41.140106201171875,50.959896087646484
2018-04-03,39.559326171875,50.92888259887695,69.60250091552734,24.473548889160156,52.31696319580078,46.20842361450195,81.3142318725586,77.42448425292969,50.5164794921875,209.48727416992188,102.76244354248047,87.4526138305664,154.8944549560547,40.36758804321289,82.70733642578125,23.549571990966797,51.56010055541992,196.72560119628906,41.724952697753906,52.212669372558594
2018-04-04,40.3158073425293,51.325958251953125,70.52850341796875,24.713403701782227,52.9510612487793,45.846641540527344,81.0663833618164,76.76126098632812,51.06345748901367,211.19271850585938,104.41178131103516,88.78043365478516,153.89236450195312,40.70343780517578,85.12284851074219,23.846580505371094,51.576011657714844,200.41343688964844,42.389930725097656,52.10826873779297
2018-04-05,40.59535598754883,51.67124557495117,72.5875015258789,25.077322006225586,53.64628982543945,46.539424896240234,83.05621337890625,76.91602325439453,51.20876693725586,213.85960388183594,104.65199279785156,89.94615936279297,158.09933471679688,40.69596481323242,85.1689224243164,23.58257293701172,52.339988708496094,200.65870666503906,42.67033767700195,52.90864562988281
2018-04-06,39.55699157714844,49.69451141357422,70.2614974975586,24.506635665893555,52.408634185791016,45.61570739746094,81.26466369628906,75.11064910888672,50.08356475830078,208.97732543945312,102.56232452392578,87.70314025878906,155.97596740722656,39.822784423828125,83.18675231933594,23.212961196899414,51.21791458129883,196.18251037597656,41.84512710571289,52.10826873779297
2018-04-09,39.94931411743164,50.255592346191406,70.30400085449219,24.70513153076172,53.05038070678711,46.66257858276367,82.12857055664062,76.17915344238281,50.58641052246094,210.83326721191406,103.66719055175781,88.75634002685547,156.70028686523438,41.912445068359375,83.68458557128906,23.40437126159668,51.138328552246094,195.1050567626953,41.86115646362305,52.10826873779297
2018-04-10,40.70107650756836,51.04974365234375,71.81099700927734,25.20965576171875,53.86783218383789,47.98655700683594,84.16091918945312,79.33301544189453,51.400177001953125,214.49496459960938,104.28369140625,90.4526596069336,163.75494384765625,42.158714294433594,85.62991333007812,23.727771759033203,53.08803939819336,198.6614990234375,42.15758514404297,53.63942337036133
2018-04-11,40.51078414916992,50.45412826538086,71.35250091552734,24.729944229125977,53.394161224365234,48.671630859375,84.44414520263672,80.61518859863281,50.83286666870117,211.46029663085938,103.78728485107422,88.93318176269531,165.02496337890625,41.94229507446289,84.68953704833984,23.622173309326172,53.75651931762695,194.3779754638672,41.60477828979492,53.88997268676758
2018-04-12,40.9101676940918,51.026580810546875,72.42500305175781,25.350257873535156,55.10544967651367,48.679344177246094,84.43000793457031,81.0425796508789,51.439353942871094,217.0196990966797,104.42780303955078,91.1440658569336,162.59402465820312,42.34529495239258,86.2752456665039,23.971988677978516,53.76447677612305,196.4278106689453,42.22168731689453,53.74382019042969
2018-04-13,41.04877471923828,50.73168182373047,71.53949737548828,24.647232055664062,54.24982452392578,49.95713424682617,84.9185791015625,81.94679260253906,51.37736129760742,213.95156860351562,104.57992553710938,88.67594146728516,163.23898315429688,42.66621398925781,85.8143081665039,23.971988677978516,54.074832916259766,196.46279907226562,40.771568298339844,54.17533874511719
2018-04-16,41.30484390258789,51.40821838378906,72.07499694824219,24.7547607421875,53.53166961669922,50.59602355957031,85.4709243774414,81.94679260253906,51.876243591308594,215.5901641845703,105.49263763427734,88.60357666015625,163.5465850830078,43.77073287963867,86.8192138671875,24.110584259033203,54.5284423828125,201.7537078857422,40.6994514465332,54.66250991821289
2018-04-17,41.873355865478516,51.867919921875,75.19149780273438,24.845735549926758,53.27955627441406,51.19643020629883,86.00912475585938,82.04273223876953,53.52560806274414,212.03707885742188,104.51585388183594,88.60357666015625,167.34677124023438,44.233436584472656,88.57086944580078,23.97859001159668,54.63987731933594,208.96287536621094,40.515174865722656,54.516361236572266
2018-04-18,41.779388427734375,51.62506103515625,76.39199829101562,24.423925399780273,52.69895935058594,51.12716293334961,87.6802749633789,83.29755401611328,53.3287353515625,212.34642028808594,102.25806427001953,87.88806915283203,165.0646514892578,43.972251892089844,88.9120101928711,24.08418846130371,55.97681427001953,207.07960510253906,40.37097930908203,55.13579177856445
2018-04-19,40.59535598754883,51.93730163574219,77.84549713134766,24.961528778076172,53.69210433959961,51.042476654052734,87.6023941040039,84.17593383789062,54.025978088378906,212.48858642578125,102.12195587158203,89.8175277709961,166.79110717773438,43.763267517089844,88.60777282714844,24.110584259033203,55.9290657043457,206.51893615722656,41.29232406616211,55.274967193603516
2018-04-20,38.93208312988281,51.33883285522461,76.37449645996094,25.027700424194336,53.478214263916016,50.642215728759766,86.61100769042969,84.12425994873047,53.4244499206543,210.64096069335938,101.40937042236328,89.6165542602539,164.9852752685547,43.90507888793945,87.58442687988281,24.176593780517578,55.09347152709961,205.90579223632812,42.10952377319336,54.982669830322266
2018-04-23,38.81930923461914,51.03525924682617,75.89299774169922,25.077322006225586,53.08094787597656,50.403594970703125,87.51033782958984,84.76642608642578,53.25038146972656,206.21849060058594,101.54547882080078,89.18241119384766,164.5487060546875,44.96482467651367,87.90709686279297,24.288801193237305,54.83880615234375,205.27503967285156,42.14957046508789,55.37938690185547
2018-04-24,38.278987884521484,50.57555389404297,73.00450134277344,24.969804763793945,52.805908203125,50.27272415161133,86.77388000488281,84.58189392089844,50.71285629272461,202.7239990234375,101.03309631347656,88.76435089111328,158.44659423828125,44.84541702270508,85.85116577148438,24.46040153503418,54.33745574951172,205.1699676513672,42.06946563720703,54.53028106689453
2018-04-25,38.4457893371582,50.87045669555664,73.00849914550781,24.92844581604004,52.9892463684082,50.08029556274414,86.9013442993164,85.1797866821289,50.73021697998047,199.9985809326172,101.48945617675781,88.42669677734375,158.44659423828125,44.502113342285156,85.1043930053711,24.209585189819336,54.990013122558594,205.76559448242188,42.550167083740234,55.330665588378906
2018-04-26,38.579681396484375,51.60770797729492,75.89800262451172,24.87055015563965,52.85174560546875,51.55054473876953,87.96353149414062,86.81842041015625,51.73788833618164,200.71755981445312,102.49022674560547,88.51515197753906,172.80392456054688,44.337928771972656,86.90216827392578,24.321796417236328,55.28445816040039,207.6314239501953,42.01337432861328,56.277198791503906
2018-04-27,38.13332748413086,51.65975570678711,78.63099670410156,24.93671417236328,52.70658874511719,49.9956169128418,89.66304779052734,86.20578002929688,51.14974594116211,200.47508239746094,102.69843292236328,87.95235443115234,172.23834228515625,44.3827018737793,88.34040832519531,24.420801162719727,54.97409439086914,210.3907470703125,41.94927215576172,54.14055252075195
2018-04-30,38.82401657104492,50.41943359375,78.30650329589844,24.746484756469727,52.15653610229492,50.41899490356445,88.5937728881836,87.22440338134766,50.51152420043945,199.24615478515625,101.27324676513672,87.45392608642578,170.66073608398438,43.93492126464844,86.21992492675781,24.163389205932617,54.560279846191406,207.07960510253906,41.62881851196289,54.1126823425293
2018-05-01,39.72613525390625,51.017906188964844,79.11299896240234,24.77129364013672,52.14124298095703,50.580623626708984,88.41675567626953,86.77413940429688,51.61093521118164,197.85833740234375,100.88896942138672,87.45392608642578,172.5062713623047,43.27071762084961,87.58442687988281,23.364765167236328,54.432945251464844,207.4737548828125,42.10952377319336,53.55590057373047
2018-05-02,41.48104476928711,50.17657470703125,78.48400115966797,24.46527099609375,51.942604064941406,50.380496978759766,88.86285400390625,86.10243225097656,50.8819580078125,195.66802978515625,98.87935638427734,86.76253509521484,174.6990966796875,42.76323318481445,86.21073150634766,23.028152465820312,54.63987731933594,204.5042266845703,41.813087463378906,53.451507568359375
2018-05-03,41.55620574951172,50.24596405029297,78.60399627685547,24.150981903076172,51.904415130615234,50.79615783691406,89.2310791015625,85.63004302978516,50.89435958862305,195.1330108642578,98.50304412841797,86.21583557128906,172.66502380371094,42.93489074707031,86.72702026367188,22.942350387573242,53.89179992675781,205.108642578125,41.60321044921875,53.270545959472656
2018-05-04,43.18659973144531,50.94852066040039,79.04750061035156,24.233688354492188,52.15003967285156,51.46586227416992,88.89118194580078,84.63357543945312,52.119232177734375,196.4120635986328,99.43177795410156,87.17253112792969,175.23484802246094,43.099063873291016,87.73191833496094,22.99515724182129,54.74330520629883,206.64161682128906,42.30549621582031,53.521114349365234
2018-05-07,43.499061584472656,51.45158767700195,80.00700378417969,24.514902114868164,52.57988739013672,51.39656066894531,88.47338104248047,84.06522369384766,52.53876876831055,198.30145263671875,98.951416015625,87.92826843261719,176.5842742919922,42.82294845581055,88.70919799804688,23.05455780029297,55.07756805419922,204.78457641601562,42.50727844238281,54.105743408203125
2018-05-08,43.7081413269043,50.92250061035156,79.61949920654297,24.7547607421875,54.498870849609375,52.14324188232422,89.62762451171875,85.09862518310547,52.49562454223633,198.13429260253906,98.1667709350586,89.23066711425781,177.52684020996094,42.3602294921875,88.3311996459961,23.087554931640625,55.34016799926758,203.25155639648438,42.93510437011719,54.34931945800781
2018-05-09,44.01590347290039,51.520973205566406,80.4000015258789,25.408157348632812,55.22808074951172,52.88218688964844,91.1501235961914,86.94390106201172,54.00117874145508,202.08859252929688,98.88735961914062,91.17623138427734,181.23773193359375,43.24832534790039,89.37299346923828,23.212961196899414,56.40654754638672,200.78135681152344,43.39520263671875,55.62994384765625
2018-05-10,44.6454963684082,52.52710723876953,80.4540023803711,25.548763275146484,55.70398712158203,53.374839782714844,91.22093200683594,87.80012512207031,54.820411682128906,203.5181427001953,100.36053466796875,91.88371276855469,184.08538818359375,43.330421447753906,90.26727294921875,23.35291862487793,56.5975341796875,204.72320556640625,44.11360549926758,56.875755310058594
2018-05-11,44.4757080078125,53.134254455566406,80.14550018310547,25.57357406616211,55.92658615112305,53.67243576049805,91.94320678710938,86.66342163085938,54.716766357421875,203.08346557617188,101.87372589111328,91.53797912597656,185.5340118408203,44.5468864440918,90.07366943359375,23.65949058532715,56.56570816040039,208.7263641357422,43.95217514038086,57.14291000366211
2018-05-14,44.371925354003906,53.79343795776367,80.0770034790039,25.738990783691406,55.74235534667969,53.788360595703125,92.33269500732422,87.60083770751953,54.87644958496094,203.91110229492188,100.92898559570312,91.57013702392578,185.186767578125,44.539432525634766,90.37789916992188,23.89942169189453,56.97951126098633,212.77334594726562,43.97639083862305,57.52957534790039
2018-05-15,43.96866226196289,52.509761810302734,78.80599975585938,25.821706771850586,55.78841018676758,54.17481994628906,91.87242126464844,88.74495697021484,53.79884719848633,201.9464569091797,100.18440246582031,90.8707046508789,182.88482666015625,44.181209564208984,89.72332763671875,23.786117553710938,56.97951126098633,209.79505920410156,44.194339752197266,57.50144958496094
2018-05-16,44.37900161743164,52.709251403808594,79.36399841308594,25.689363479614258,55.22808074951172,53.98933410644531,91.74493408203125,89.6823501586914,53.760169982910156,201.4448699951172,100.36053466796875,91.11991882324219,181.77352905273438,44.59168243408203,89.95481872558594,23.779457092285156,58.181190490722656,211.73974609375,44.42842483520508,57.66315841674805
2018-05-17,44.09836959838867,52.96078109741211,79.08799743652344,25.48259735107422,54.928707122802734,54.615413665771484,92.4735336303711,93.11465454101562,53.61983108520508,199.88987731933594,99.15957641601562,90.81443786621094,182.3291778564453,44.084190368652344,89.056640625,23.799449920654297,59.23163986206055,212.82589721679688,43.76651382446289,57.56471633911133
2018-05-18,43.93800735473633,53.524566650390625,78.71849822998047,25.027700424194336,53.700592041015625,53.7574577331543,91.33064270019531,92.84890747070312,53.04359436035156,198.13429260253906,99.47181701660156,89.34320068359375,181.25755310058594,44.13642501831055,89.22332763671875,23.752796173095703,59.1202392578125,214.29751586914062,43.346763610839844,57.15695571899414
2018-05-21,44.24931716918945,53.87151336669922,79.27300262451172,25.26755142211914,54.061344146728516,54.615413665771484,92.40922546386719,94.07420349121094,53.756202697753906,198.719482421875,99.05549621582031,90.16326904296875,183.05349731445312,43.71103286743164,90.37147521972656,23.859434127807617,59.709110260009766,217.1532745361328,44.024818420410156,57.84593200683594
2018-05-22,44.13845443725586,53.24702072143555,79.06999969482422,25.548763275146484,54.56028747558594,54.205726623535156,91.59492492675781,91.35051727294922,53.324771881103516,198.9702911376953,98.40696716308594,90.85465240478516,182.36886596679688,43.6214714050293,90.27889251708984,23.806108474731445,58.6745719909668,214.77059936523438,44.60601043701172,57.3960075378418
2018-05-23,44.42145919799805,53.637332916259766,80.09300231933594,25.17657470703125,53.91549301147461,53.42509078979492,91.93065643310547,90.7747802734375,53.852901458740234,198.81143188476562,98.83930969238281,90.43657684326172,185.4447021484375,44.15882110595703,91.35298919677734,23.97273063659668,58.45175552368164,213.96473693847656,45.3486328125,57.75453567504883
2018-05-24,44.371925354003906,54.21845245361328,80.15350341796875,24.986339569091797,53.20162582397461,52.90723419189453,90.43775939941406,88.5604019165039,53.827613830566406,197.38185119628906,97.87855529785156,89.423583984375,184.48226928710938,44.12898254394531,91.02886962890625,23.91941261291504,56.67710494995117,212.6244659423828,44.129756927490234,56.432823181152344
2018-05-25,44.47332763671875,54.09701919555664,80.50749969482422,24.944988250732422,52.53383255004883,50.603885650634766,87.28055572509766,86.9217529296875,53.75967788696289,196.47061157226562,97.97533416748047,88.9653549194336,183.48013305664062,44.0991096496582,91.07518768310547,23.779457092285156,54.59210968017578,214.569091796875,44.31542205810547,55.33609390258789
2018-05-29,44.31298065185547,53.1689453125,80.64350128173828,23.952484130859375,50.438316345214844,50.78938293457031,86.70911407470703,85.77767944335938,52.965736389160156,189.79920959472656,96.30570983886719,85.16265106201172,184.29376220703125,43.584163665771484,90.7511215209961,23.792787551879883,54.170326232910156,212.13392639160156,42.741371154785156,55.13222122192383
2018-05-30,44.2186393737793,53.83681869506836,81.24449920654297,24.390838623046875,51.182891845703125,52.59804153442383,89.40202331542969,88.39799499511719,53.431880950927734,192.25741577148438,97.57203674316406,87.10819244384766,186.208740234375,44.56927490234375,91.62149047851562,24.02604866027832,55.29241943359375,214.5603790283203,43.77458190917969,57.29756546020508
2018-05-31,44.07007598876953,53.368438720703125,81.48100280761719,24.11678695678711,51.19057083129883,52.0879020690918,88.78772735595703,86.95867156982422,54.54916000366211,189.50564575195312,96.48313903808594,86.03091430664062,190.28672790527344,44.4274787902832,91.51963806152344,23.946073532104492,54.6478157043457,211.55572509765625,43.580867767333984,57.11478042602539
2018-06-01,44.864830017089844,54.131717681884766,82.0770034790039,24.415746688842773,51.6434326171875,52.78355026245117,88.46629333496094,87.3572769165039,56.28480911254883,191.5778350830078,97.80595397949219,87.14840698242188,192.47950744628906,45.196189880371094,93.32522583007812,24.15934181213379,54.87859344482422,213.16757202148438,44.14588928222656,57.52957534790039
2018-06-04,45.23979949951172,54.66081237792969,83.26349639892578,24.415746688842773,51.68948745727539,52.48210144042969,87.33055877685547,87.59347534179688,57.179412841796875,192.86985778808594,98.36250305175781,87.1886215209961,191.7750701904297,46.2857780456543,94.14005279541016,24.292633056640625,54.96613693237305,214.288818359375,44.25892639160156,56.92496109008789
2018-06-05,45.588836669921875,54.66948318481445,84.81749725341797,24.183223724365234,51.24428939819336,52.21931457519531,87.666259765625,86.05077362060547,57.07923889160156,191.5694580078125,97.98340606689453,86.69821166992188,191.4376983642578,45.81561279296875,94.62151336669922,24.285974502563477,54.87796401977539,214.11361694335938,43.992523193359375,56.721073150634766
2018-06-06,45.7468376159668,55.11182403564453,84.7874984741211,24.947250366210938,52.372657775878906,52.46664810180664,88.13056945800781,85.72600555419922,56.87741470336914,194.83303833007812,99.04000854492188,88.72417449951172,189.85012817382812,46.2186164855957,94.8993148803711,24.2459774017334,55.22264862060547,217.81019592285156,44.86431121826172,57.69127655029297
2018-06-07,45.62421417236328,54.79958724975586,84.46499633789062,24.98877716064453,52.54151153564453,53.70332717895508,90.6877670288086,87.0472412109375,56.25605010986328,195.85659790039062,99.47557830810547,89.07789611816406,186.71475219726562,46.26338195800781,93.4085464477539,24.319292068481445,55.791778564453125,218.09930419921875,44.90467834472656,58.267765045166016
2018-06-08,45.209136962890625,54.87763977050781,84.19950103759766,24.92234230041504,52.55687713623047,53.664695739746094,90.3163070678711,86.85533905029297,56.17124557495117,195.8062744140625,100.0643539428711,89.3271255493164,187.6276092529297,46.703712463378906,94.10303497314453,24.439254760742188,55.655521392822266,219.5884552001953,44.945030212402344,58.77396011352539
2018-06-11,45.098289489746094,54.756221771240234,84.45600128173828,24.96385955810547,52.28053665161133,54.48399353027344,91.11634826660156,87.10628509521484,56.57738494873047,196.39349365234375,98.93517303466797,89.1020278930664,190.048583984375,46.51713562011719,93.56595611572266,24.192665100097656,56.00823211669922,222.30392456054688,44.80781173706055,58.42243576049805
2018-06-12,45.34592819213867,54.57406234741211,84.9375,24.830984115600586,51.89674377441406,53.664695739746094,90.77346801757812,87.44584655761719,56.93889617919922,195.16860961914062,98.83837127685547,88.58749389648438,190.9019012451172,46.59922409057617,93.80672454833984,24.192665100097656,54.99018478393555,222.1287078857422,44.70287322998047,57.944366455078125
2018-06-13,44.97330856323242,54.322532653808594,85.24299621582031,24.781156539916992,51.6511116027832,53.81155776977539,90.7663345336914,87.283447265625,56.74251937866211,196.1753692626953,98.91095733642578,88.41061401367188,190.9118194580078,46.71117401123047,93.38077545166016,24.139345169067383,54.48518371582031,221.50680541992188,44.525291442871094,57.30459976196289
2018-06-14,44.996883392333984,54.60875701904297,86.19300079345703,24.49880027770996,50.78373718261719,52.659873962402344,90.36631774902344,86.75199127197266,57.53001403808594,196.02435302734375,98.73351287841797,86.85095977783203,195.27755737304688,46.297542572021484,93.90858459472656,24.09935760498047,54.77375411987305,223.66172790527344,44.1862678527832,57.57175064086914
2018-06-15,44.53466796875,54.56540298461914,85.79850006103516,24.316099166870117,50.9218864440918,50.51885986328125,88.60200500488281,84.27926635742188,57.48835754394531,194.5729522705078,98.89483642578125,86.74646759033203,194.32504272460938,46.6510124206543,92.714111328125,24.23265266418457,53.57135009765625,225.02427673339844,44.3799934387207,56.7070198059082
2018-06-18,44.51107406616211,54.48733901977539,86.18949890136719,24.415746688842773,51.23660659790039,51.477298736572266,89.9806137084961,86.0802993774414,58.69390106201172,194.1283416748047,97.85435485839844,86.9715576171875,196.76585388183594,45.86884689331055,93.39004516601562,24.09935760498047,53.73967361450195,224.04849243164062,44.46071243286133,56.81950378417969
2018-06-19,43.79179382324219,54.07099533081055,86.73899841308594,24.299484252929688,51.25963592529297,51.214500427246094,89.67346954345703,86.41985321044922,58.45140075683594,191.55271911621094,98.86257934570312,86.46504974365234,195.95225524902344,45.89894485473633,93.39004516601562,24.139345169067383,52.66552734375,222.42221069335938,44.46071243286133,56.73512649536133
2018-06-20,43.98280334472656,53.89753341674805,87.50399780273438,24.282880783081055,51.72018814086914,52.14975357055664,89.49488067626953,88.15443420410156,58.71819305419922,191.1332244873047,98.43508911132812,86.45703125,200.42715454101562,46.08696746826172,94.32524108886719,24.299299240112305,52.5452995300293,222.23757934570312,43.97639083862305,56.55937576293945
2018-06-21,43.73754119873047,53.55926513671875,86.51100158691406,24.324398040771484,51.912078857421875,50.32562255859375,87.56627655029297,86.0655517578125,57.9926872253418,190.42845153808594,97.95919036865234,86.43289947509766,199.9310302734375,46.01175308227539,93.64930725097656,24.192665100097656,51.936073303222656,221.4288787841797,43.88758850097656,56.025062561035156
2018-06-22,43.610198974609375,53.724056243896484,85.78350067138672,24.075258255004883,51.5820198059082,52.38935470581055,89.35917663574219,87.47535705566406,57.98525619506836,189.623046875,99.08033752441406,85.01795196533203,200.169189453125,46.229854583740234,92.9733657836914,24.332626342773438,53.370941162109375,223.60891723632812,43.54050064086914,57.21319580078125
2018-06-25,42.96166229248047,52.709251403808594,83.15750122070312,23.65172004699707,50.469017028808594,51.12175369262695,87.58055877685547,86.23530578613281,56.49705123901367,185.86451721191406,98.8786849975586,84.24614715576172,194.82113647460938,45.936546325683594,91.10295867919922,24.2459774017334,52.4490966796875,220.39151000976562,43.556640625,56.06021499633789
2018-06-26,43.49462890625,52.743953704833984,84.55449676513672,23.701555252075195,50.898860931396484,52.04926300048828,88.68772888183594,88.33895111083984,56.166786193847656,185.89805603027344,98.68511962890625,84.30242919921875,197.4505157470703,45.665802001953125,91.74185943603516,24.2459774017334,52.92203140258789,219.5652313232422,43.12882995605469,56.692935943603516
2018-06-27,43.430965423583984,52.46639633178711,83.02549743652344,23.452409744262695,50.24641799926758,53.13137435913086,90.00202941894531,91.47602081298828,55.38920974731445,184.7235107421875,98.08826446533203,83.00003051757812,194.3151092529297,45.034061431884766,90.31591796875,24.132678985595703,53.5553092956543,218.15869140625,43.00774383544922,57.44519805908203
2018-06-28,43.74696350097656,53.1429328918457,85.07250213623047,23.80950927734375,51.336402893066406,52.87631607055664,89.75918579101562,91.15862274169922,55.877174377441406,187.44174194335938,98.4028091430664,84.35868835449219,194.7021026611328,45.34993362426758,91.32518768310547,24.23265266418457,53.71562957763672,215.2841796875,43.2902717590332,57.62799835205078
2018-06-29,43.65499496459961,52.90007400512695,84.98999786376953,23.4108829498291,51.36709976196289,53.81155776977539,90.30918884277344,91.84505462646484,55.99668502807617,185.05072021484375,97.87046813964844,83.77182006835938,192.80694580078125,45.650753021240234,91.30668640136719,24.179332733154297,53.731666564941406,215.67095947265625,44.751304626464844,58.16230010986328
2018-07-02,44.14318084716797,52.908748626708984,85.68900299072266,23.485626220703125,51.55131912231445,53.01542282104492,88.75200653076172,90.3466796875,56.637386322021484,187.30752563476562,98.06405639648438,84.47930908203125,195.82325744628906,45.47026824951172,92.6030044555664,24.212661743164062,52.27273941040039,217.5521697998047,45.46164321899414,57.48035430908203
2018-07-03,43.374359130859375,52.743953704833984,84.697998046875,23.070396423339844,50.706974029541016,53.76517105102539,89.0948715209961,90.36883544921875,55.35647964477539,184.891357421875,98.97549438476562,83.2974853515625,191.22935485839844,45.65828323364258,91.71408081054688,24.22598648071289,52.77775955200195,217.11264038085938,44.84816360473633,57.817813873291016
2018-07-05,43.72339630126953,53.19497299194336,84.98650360107422,23.186664581298828,51.09075927734375,53.278228759765625,88.55915069580078,90.951904296875,56.59672546386719,185.19332885742188,100.82257080078125,83.83905792236328,196.90476989746094,46.357704162597656,92.37152862548828,24.57254981994629,53.25069046020508,220.20693969726562,44.589874267578125,57.867034912109375
2018-07-06,44.32948684692383,53.91488265991211,85.53150177001953,23.278013229370117,51.535972595214844,53.83473587036133,88.67344665527344,91.78601837158203,57.28057861328125,186.07423400878906,101.42748260498047,84.11388397216797,201.64755249023438,46.778865814208984,93.66780853271484,24.732498168945312,53.731666564941406,220.43551635742188,45.11454391479492,57.88108444213867
2018-07-09,44.94500732421875,54.15773391723633,86.95099639892578,24.12508773803711,52.91762924194336,54.87818145751953,89.9948959350586,93.09988403320312,57.88557434082031,191.2758331298828,101.66947174072266,86.7166748046875,203.14584350585938,46.64349365234375,94.30672454833984,24.765823364257812,54.781761169433594,222.99362182617188,45.82487869262695,58.28183364868164
2018-07-10,44.89076614379883,54.478668212890625,87.15350341796875,23.9423885345459,52.372657775878906,55.450172424316406,91.13777160644531,93.71990966796875,57.87862777709961,190.3194122314453,102.7422103881836,86.18318176269531,201.95516967773438,46.85407638549805,94.55671691894531,24.945768356323242,55.703617095947266,224.63746643066406,45.70379638671875,58.816139221191406
2018-07-11,44.30826187133789,54.270484924316406,87.75,23.81781578063965,52.12701416015625,54.14391326904297,88.23056030273438,92.01484680175781,58.092864990234375,189.32107543945312,101.82271575927734,85.99727630615234,200.9629364013672,46.55324172973633,94.4271011352539,24.799142837524414,54.781761169433594,223.80235290527344,45.25983810424805,58.06386947631836
2018-07-12,45.051124572753906,54.66256332397461,89.83100128173828,23.892560958862305,52.58757019042969,55.22603225708008,88.7591552734375,91.63101196289062,59.570648193359375,190.62982177734375,103.04874420166016,86.3691177368164,205.30885314941406,47.124820709228516,96.47342681884766,25.005746841430664,54.08436584472656,225.08580017089844,45.22755432128906,58.134185791015625
2018-07-13,45.121883392333984,54.941368103027344,90.65149688720703,23.709857940673828,51.42851257324219,55.651123046875,88.60200500488281,92.97439575195312,59.72734832763672,189.95021057128906,101.57268524169922,85.97301483154297,205.70571899414062,47.297786712646484,97.62157440185547,25.012414932250977,54.5733642578125,227.41534423828125,44.68672561645508,58.57005310058594
2018-07-16,45.02283477783203,53.82615661621094,91.12449645996094,24.731325149536133,53.31678771972656,54.55356216430664,87.8448486328125,92.11321258544922,59.3350944519043,194.1702423095703,100.57251739501953,89.38416290283203,205.61643981933594,47.07217788696289,97.14009094238281,24.912450790405273,54.0443000793457,225.90333557128906,46.00247573852539,57.993560791015625
2018-07-17,45.150184631347656,54.714847564697266,92.19650268554688,24.92234230041504,53.232337951660156,54.32169723510742,87.0805435180664,91.8988265991211,60.156803131103516,193.81796264648438,104.13758850097656,89.31946563720703,208.35496520996094,47.02703857421875,98.10306549072266,25.092391967773438,53.49919891357422,220.0223388671875,45.655372619628906,57.867034912109375
2018-07-18,44.90255355834961,56.413780212402344,92.14600372314453,25.02199363708496,53.61613082885742,54.375797271728516,86.80912780761719,91.35183715820312,60.14836883544922,194.00247192382812,103.08098602294922,90.15205383300781,207.72982788085938,47.33540344238281,97.33452606201172,25.099048614501953,53.755714416503906,224.53196716308594,45.6634407043457,57.80376052856445
2018-07-19,45.2515983581543,55.56867599487305,90.64849853515625,24.639976501464844,52.95600891113281,53.865657806396484,86.90911102294922,90.4721450805664,59.46353530883789,192.65176391601562,101.58074951171875,88.82640838623047,206.4697265625,47.01200866699219,96.66786193847656,24.89911460876465,53.64349365234375,222.34310913085938,45.46971130371094,57.65610885620117
2018-07-20,45.14783477783203,55.16788864135742,90.68499755859375,25.02199363708496,53.1325569152832,54.3351936340332,87.33767700195312,90.44259643554688,59.40303421020508,194.3800048828125,101.50814819335938,89.94995880126953,208.3053436279297,47.01953125,98.39936065673828,24.879127502441406,52.978153228759766,222.14088439941406,45.5342903137207,57.22726058959961
2018-07-23,45.18791198730469,55.06333923339844,90.0999984741211,25.536884307861328,53.892478942871094,54.31192398071289,86.66625213623047,90.81959533691406,60.05365753173828,196.11668395996094,102.13729095458984,91.62318420410156,209.2677764892578,47.14739227294922,99.97343444824219,24.799142837524414,52.69758605957031,222.1760711669922,46.81773376464844,57.22726058959961
2018-07-24,45.51572036743164,56.10884475708008,91.46199798583984,25.60332679748535,54.55259323120117,54.98712921142578,88.46629333496094,92.85980987548828,62.3918342590332,197.89523315429688,104.33924865722656,92.26985168457031,212.9984893798828,47.6963996887207,99.68639373779297,25.125720977783203,52.521240234375,223.07272338867188,47.100257873535156,58.35916519165039
2018-07-25,45.9449462890625,56.83199691772461,93.18049621582031,25.80263328552246,55.051544189453125,55.49936294555664,89.21630859375,94.9000244140625,63.27404022216797,198.5747833251953,103.74236297607422,93.10242462158203,215.80645751953125,48.50110626220703,102.62162017822266,25.318986892700195,52.72966384887695,224.03968811035156,47.00339889526367,58.766910552978516
2018-07-26,45.80107879638672,57.20663070678711,90.4000015258789,25.694673538208008,54.75983810424805,55.724430084228516,88.53772735595703,95.25486755371094,63.74812698364258,198.9272003173828,105.08131408691406,92.8356704711914,174.88758850097656,48.14011001586914,101.50125122070312,25.432289123535156,53.595401763916016,225.9209442138672,47.06798553466797,59.22389221191406
2018-07-27,45.039337158203125,56.858131408691406,90.8635025024414,25.794328689575195,55.02851104736328,55.45280456542969,89.9806137084961,95.46923828125,62.13098907470703,199.37188720703125,106.10565185546875,93.78947448730469,173.52822875976562,47.7490348815918,99.70491790771484,25.59889793395996,53.73967361450195,224.99789428710938,47.32628631591797,57.59284210205078
2018-07-30,44.7869987487793,56.77970886230469,88.96099853515625,26.00194549560547,55.489044189453125,56.08920669555664,91.3092041015625,96.02364349365234,60.99785232543945,200.47088623046875,106.6057357788086,94.35531616210938,169.72804260253906,48.74176788330078,97.5660171508789,25.7188663482666,54.17254638671875,223.14305114746094,47.21327209472656,57.4662971496582
2018-07-31,44.876625061035156,57.10206985473633,88.87200164794922,25.64484405517578,55.182029724121094,56.01158905029297,90.19489288330078,95.31402587890625,60.85801315307617,199.1956329345703,106.88804626464844,92.91649627685547,171.2362060546875,49.53895950317383,98.22341918945312,26.611934661865234,54.12443923950195,222.59805297851562,46.244632720947266,57.30459976196289
2018-08-01,47.52029800415039,56.43992233276367,89.8584976196289,25.952116012573242,55.21272659301758,55.73220443725586,89.56631469726562,92.82284545898438,61.14414596557617,198.0294647216797,106.98484802246094,93.49039459228516,170.31346130371094,49.25318145751953,98.40862274169922,26.83852767944336,53.435081481933594,222.7299041748047,46.53520965576172,56.51719284057617
2018-08-02,48.909358978271484,56.26566696166992,91.71649932861328,25.977033615112305,55.14362716674805,55.53816604614258,88.40200805664062,93.08897399902344,61.54780578613281,196.30958557128906,105.86367797851562,93.8864974975586,174.99671936035156,49.05012512207031,99.60307312011719,26.650327682495117,52.8579216003418,225.11215209960938,47.05183792114258,56.17974853515625
2018-08-03,49.05085754394531,56.83199691772461,91.16449737548828,26.168041229248047,55.916072845458984,55.32861328125,88.60916900634766,90.48695373535156,61.40053176879883,196.39349365234375,106.42828369140625,94.64630889892578,176.39573669433594,49.58408737182617,100.03824615478516,27.248531341552734,52.817840576171875,226.11431884765625,47.48772430419922,56.38362503051758
2018-08-06,49.30555725097656,56.8406867980957,92.38749694824219,26.17634391784668,55.92379379272461,55.67012023925781,88.78772735595703,91.5883560180664,61.376220703125,197.9372100830078,106.48477172851562,94.67057800292969,184.24415588378906,49.80219268798828,100.12161254882812,27.584609985351562,52.69758605957031,225.7098846435547,47.536155700683594,56.36955642700195
2018-08-07,48.843318939208984,56.40507125854492,93.1240005493164,26.168041229248047,55.93151092529297,56.578147888183594,89.41631317138672,91.98014831542969,62.27728271484375,199.53123474121094,106.03307342529297,95.01814270019531,182.3787841796875,50.07294464111328,100.8160629272461,27.450176239013672,53.45109558105469,226.4923095703125,47.479644775390625,57.135860443115234
2018-08-08,48.876346588134766,56.4921989440918,94.32599639892578,26.408876419067383,56.30228042602539,55.40623092651367,88.48770904541016,90.75305938720703,62.549530029296875,198.30636596679688,105.79915618896484,95.2121353149414,183.7381134033203,50.15566635131836,101.38087463378906,27.83329963684082,53.23467254638672,227.51202392578125,47.7783088684082,56.7562370300293
2018-08-09,49.2607421875,56.31794738769531,94.9260025024414,26.242778778076172,55.5993766784668,55.68564224243164,87.52338409423828,90.41303253173828,62.70474624633789,196.13343811035156,105.82334899902344,94.4765625,181.6643829345703,49.63674545288086,101.54752349853516,27.55772590637207,52.425045013427734,229.95582580566406,47.51811981201172,56.467979431152344
2018-08-10,49.11402130126953,55.78647232055664,94.31500244140625,25.902294158935547,54.27079772949219,55.83306884765625,88.10199737548828,90.75305938720703,62.11214828491211,192.635009765625,105.46040344238281,93.5469970703125,178.85643005371094,49.68939208984375,100.92717742919922,27.510665893554688,52.938079833984375,228.8745880126953,47.20100402832031,56.411155700683594
2018-08-13,49.43114471435547,55.26373291015625,94.80999755859375,25.312658309936523,53.42112731933594,55.15788269042969,87.4591293334961,89.81426239013672,61.920230865478516,190.3278045654297,105.03292083740234,92.05968475341797,178.6480712890625,50.1782341003418,100.19566345214844,27.430011749267578,52.080360412597656,229.3580322265625,46.843231201171875,55.8003044128418
2018-08-14,49.639404296875,55.4379768371582,95.98249816894531,25.570104598999023,54.077701568603516,55.996070861816406,87.55912780761719,90.97482299804688,62.391334533691406,192.59300231933594,104.4521713256836,92.67401885986328,179.6997833251953,49.98269271850586,101.4456787109375,27.362796783447266,51.94408416748047,231.61727905273438,47.217262268066406,55.62273406982422
2018-08-15,49.755367279052734,55.29857635498047,94.13099670410156,25.21299934387207,53.02718734741211,52.635528564453125,84.24475860595703,85.33462524414062,61.105960845947266,192.3329315185547,105.20227813720703,91.9061050415039,178.13211059570312,50.66706848144531,100.07002258300781,27.66526222229004,49.93205261230469,229.09439086914062,47.15221405029297,54.64963912963867
2018-08-16,50.48428726196289,55.899749755859375,94.32599639892578,25.511966705322266,53.73009490966797,53.869544982910156,84.85054016113281,85.68209838867188,60.70130157470703,195.4790496826172,106.85578918457031,92.77101135253906,173.3397216796875,51.78013610839844,100.05143737792969,27.840017318725586,50.092369079589844,231.28321838378906,47.696998596191406,55.402549743652344
2018-08-17,51.49244689941406,56.38764572143555,94.11100006103516,25.528579711914062,53.8150634765625,54.14892578125,84.95149993896484,84.83937072753906,60.29416275024414,195.79788208007812,108.46086883544922,92.77101135253906,172.4467315673828,51.93809127807617,99.99566650390625,28.29034423828125,50.36492156982422,230.60633850097656,47.859619140625,55.58722686767578
2018-08-20,50.99073028564453,56.31794738769531,93.83550262451172,25.63654327392578,54.47935104370117,54.73101043701172,84.91544342041016,84.83937072753906,60.5966682434082,197.81137084960938,110.40472412109375,92.64974975585938,171.15684509277344,52.772884368896484,99.33572387695312,28.451662063598633,50.902000427246094,230.66786193847656,47.997859954833984,55.97788619995117
2018-08-21,50.891326904296875,56.413780212402344,94.1709976196289,25.761112213134766,55.02778244018555,55.01816940307617,85.05244445800781,85.3716049194336,60.37152862548828,200.21917724609375,109.17063903808594,93.2155990600586,171.2759246826172,52.02080535888672,98.50847625732422,28.33740234375,51.91203308105469,230.0437469482422,47.94091796875,55.99210739135742
2018-08-22,50.893707275390625,57.21533203125,95.24500274658203,25.727888107299805,54.93508529663086,55.879634857177734,85.7591781616211,86.72434997558594,60.586753845214844,200.79808044433594,108.5737533569336,92.93267059326172,172.28799438476562,51.923030853271484,99.51231384277344,28.27691078186035,52.17654800415039,229.2086181640625,48.11168670654297,56.79471206665039
2018-08-23,50.997840881347656,57.354736328125,95.1449966430664,25.61162567138672,54.69563293457031,55.918460845947266,85.16781616210938,86.0442886352539,60.557491302490234,198.28118896484375,108.97711181640625,92.7386703491211,171.55374145507812,51.87038803100586,99.97709655761719,28.36428451538086,51.82384490966797,229.806396484375,47.66447448730469,56.16964340209961
2018-08-24,51.15638732910156,57.58997344970703,95.26950073242188,25.653152465820312,54.587486267089844,56.35307312011719,85.8240737915039,86.8278579711914,61.330604553222656,197.2493133544922,109.65459442138672,92.6982650756836,173.29010009765625,51.923030853271484,100.75787353515625,28.49871253967285,52.304813385009766,232.32052612304688,47.72138595581055,56.55321502685547
2018-08-27,51.5776481628418,58.23469924926758,96.38400268554688,26.00194549560547,55.916072845458984,56.531585693359375,86.7904281616211,87.7074966430664,62.29859924316406,203.53309631347656,109.54905700683594,94.33914947509766,176.07823181152344,51.88542175292969,101.8732681274414,27.94754981994629,51.98416519165039,234.7818603515625,48.05475616455078,57.10726547241211
2018-08-28,51.994163513183594,58.19112777709961,96.64099884033203,25.968727111816406,55.90834426879883,55.918460845947266,86.43707275390625,87.204833984375,61.78236389160156,203.34011840820312,109.06190490722656,93.87841033935547,174.88758850097656,51.614688873291016,102.48673248291016,27.89379119873047,51.35890579223633,236.03895568847656,48.03038024902344,57.022003173828125
2018-08-29,52.77040481567383,58.487369537353516,99.90499877929688,25.86076545715332,56.02421569824219,57.07483673095703,86.69667053222656,87.80359649658203,62.714168548583984,203.19703674316406,109.50032806396484,93.57124328613281,174.53038024902344,51.750057220458984,104.12263488769531,27.89379119873047,51.69557571411133,236.4696807861328,47.94091796875,57.43397521972656
2018-08-30,53.25556564331055,58.39153289794922,100.11900329589844,25.752809524536133,55.19771194458008,57.09039306640625,86.4010009765625,87.8996810913086,62.20785140991211,201.51353454589844,109.57344055175781,93.11052703857422,176.25685119628906,51.547000885009766,104.05756378173828,27.89379119873047,51.57533264160156,235.93353271484375,47.53437423706055,57.18537139892578
2018-08-31,53.870887756347656,58.23469924926758,100.635498046875,25.686372756958008,55.02778244018555,56.98948287963867,85.4274673461914,87.39704132080078,61.08513259887695,200.17518615722656,109.36231994628906,92.61742401123047,174.3616943359375,51.5845947265625,104.41079711914062,27.9072322845459,50.62944412231445,235.99505615234375,47.550636291503906,56.943870544433594
2018-09-04,54.043636322021484,58.46995162963867,101.97550201416016,25.86076545715332,55.1513671875,56.74112319946289,85.72311401367188,86.99047088623047,60.06902313232422,200.04891967773438,108.57472229003906,93.07818603515625,169.82728576660156,51.103275299072266,103.83450317382812,27.80640983581543,50.03152084350586,236.03895568847656,47.81083679199219,57.02911376953125
2018-09-05,53.691017150878906,57.50286865234375,99.74099731445312,25.893983840942383,54.97370529174805,56.65575408935547,85.7591781616211,87.14571380615234,59.46353530883789,199.9647674560547,110.31231689453125,92.62551879882812,165.87826538085938,51.6071662902832,100.84150695800781,28.129032135009766,49.30432891845703,235.27413940429688,47.932804107666016,57.78913116455078
2018-09-06,52.79880905151367,57.354736328125,97.91549682617188,25.7437801361084,54.154937744140625,54.746551513671875,83.09814453125,85.37901306152344,58.714229583740234,197.4058380126953,111.13237762451172,92.22944641113281,161.26451110839844,52.17874526977539,101.07388305664062,28.081993103027344,48.64984130859375,237.84095764160156,47.103431701660156,57.14986038208008
2018-09-07,52.372825622558594,57.68583297729492,97.60350036621094,25.75212287902832,53.79188919067383,54.49818420410156,82.64381408691406,84.61759948730469,58.39685821533203,196.89234924316406,111.49776458740234,92.40727233886719,161.77049255371094,52.39684295654297,100.5812759399414,28.36428451538086,48.23775863647461,236.63255310058594,46.67247772216797,58.12295150756836
2018-09-10,51.669944763183594,57.982051849365234,96.95050048828125,25.71873664855957,53.78416061401367,55.219970703125,82.55725860595703,84.5067367553711,58.27138900756836,195.20889282226562,111.40845489501953,91.91417694091797,162.901611328125,52.31411361694336,101.66880798339844,28.270183563232422,48.46399688720703,229.09120178222656,46.72126770019531,58.037715911865234
2018-09-11,52.9763069152832,58.02560806274414,99.35749816894531,25.7437801361084,53.62969207763672,55.46830749511719,82.9466781616211,85.91121673583984,59.01176834106445,193.7779541015625,112.46397399902344,92.49615478515625,164.64793395996094,51.95311737060547,103.39765930175781,28.4382266998291,48.738731384277344,230.24659729003906,46.65621566772461,58.85454177856445
2018-09-12,52.318389892578125,58.34798049926758,99.5,25.393295288085938,54.46390914916992,55.856361389160156,83.50199127197266,86.44344329833984,58.09981155395508,192.04393005371094,113.1541519165039,91.40495300292969,160.73861694335938,52.539730072021484,103.83450317382812,28.505430221557617,49.142723083496094,231.68434143066406,45.4853401184082,59.04631423950195
2018-09-13,53.58216094970703,59.680999755859375,99.49349975585938,25.151294708251953,54.18584442138672,56.306522369384766,83.86976623535156,86.20691680908203,58.62248611450195,192.19546508789062,113.58448028564453,91.76060485839844,160.10357666015625,53.26923751831055,104.94991302490234,28.801170349121094,49.30432891845703,234.17164611816406,44.72102737426758,58.47100830078125
2018-09-14,52.97393035888672,59.61129379272461,98.5094985961914,25.343231201171875,54.48706817626953,57.04380416870117,84.64860534667969,87.0939712524414,58.41619110107422,192.96145629882812,113.25968933105469,91.74446868896484,161.05612182617188,52.98908996582031,105.37748718261719,28.875120162963867,49.4739990234375,234.01287841796875,44.50148010253906,58.89717483520508
2018-09-17,51.56344985961914,58.95783996582031,95.40149688720703,25.26812744140625,54.74971008300781,57.61811447143555,84.74235534667969,86.88699340820312,57.51613235473633,191.8251190185547,113.64134979248047,92.01927185058594,159.3296661376953,53.32225036621094,104.23418426513672,28.908716201782227,49.263938903808594,232.7427520751953,44.159976959228516,59.245216369628906
2018-09-18,51.64864730834961,59.60257339477539,97.05249786376953,25.209705352783203,55.12047576904297,58.2390022277832,85.1894760131836,88.29887390136719,57.87714767456055,192.66685485839844,114.11222076416016,92.39112091064453,159.05186462402344,53.32225036621094,105.22875213623047,29.24478530883789,49.28007888793945,232.2311553955078,44.314456939697266,59.40147399902344
2018-09-19,51.679405212402344,59.680999755859375,96.32099914550781,25.868946075439453,56.94339370727539,58.61930847167969,86.18462371826172,88.83112335205078,58.232208251953125,198.298095703125,114.04730224609375,95.0747299194336,161.7903594970703,52.98908996582031,103.82521057128906,29.076749801635742,49.4739990234375,234.03048706054688,44.89990234375,60.11176681518555
2018-09-20,52.072261810302734,59.933631896972656,97.21499633789062,26.027502059936523,57.769901275634766,58.487361907958984,86.1197509765625,88.12147521972656,59.09012222290039,199.83004760742188,115.2814712524414,95.89111328125,164.72731018066406,53.59483337402344,105.56336212158203,29.406099319458008,49.74872970581055,234.96556091308594,45.16823196411133,60.24671936035156
2018-09-21,51.51137161254883,60.16018295288086,95.75050354003906,25.893983840942383,57.275535583496094,59.20138168334961,87.35292053222656,88.30625915527344,58.12559127807617,198.0960693359375,116.01224517822266,95.26062774658203,161.661376953125,53.83715057373047,106.2047348022461,29.614471435546875,49.3931999206543,235.2124786376953,44.712890625,60.49531936645508
2018-09-24,52.25213623046875,62.24249267578125,96.71800231933594,25.651981353759766,57.036075592041016,59.8067626953125,88.42742919921875,91.65489196777344,58.494544982910156,196.0421905517578,114.055419921875,94.34724426269531,164.12205505371094,53.59483337402344,106.5858383178711,29.527088165283203,49.77296829223633,235.82102966308594,44.11931610107422,61.51102828979492
2018-09-25,52.583457946777344,62.904632568359375,98.72750091552734,25.593568801879883,56.781192779541016,60.621665954589844,88.96831512451172,92.87459564208984,59.20517349243164,195.70553588867188,112.56954193115234,94.08049011230469,163.62594604492188,53.49640655517578,106.38134002685547,29.432987213134766,50.524410247802734,232.42527770996094,44.09491729736328,61.440006256103516
2018-09-26,52.16456604003906,63.46222686767578,98.74250030517578,25.142948150634766,55.962406158447266,59.97748947143555,87.9442367553711,92.63068389892578,59.213600158691406,192.65838623046875,112.17980194091797,92.97309112548828,165.65005493164062,53.25409698486328,105.94446563720703,29.359054565429688,49.19121170043945,231.89598083496094,43.22490310668945,60.9285888671875
2018-09-27,53.23662185668945,63.61906051635742,100.64900207519531,24.984403610229492,56.34862518310547,60.16374588012695,88.31927490234375,93.87991333007812,59.87314987182617,191.6987762451172,112.22850799560547,92.56893157958984,167.52532958984375,53.54941177368164,106.34416198730469,29.50691795349121,49.42552947998047,233.43077087402344,42.94844436645508,60.92150115966797
2018-09-28,53.42359924316406,63.9152717590332,100.1500015258789,24.583845138549805,55.41399002075195,60.07062911987305,88.18224334716797,94.30128479003906,59.85926818847656,188.75274658203125,112.18791961669922,91.2109375,163.17945861816406,53.71600341796875,106.30697631835938,29.62119483947754,49.22352600097656,234.6568145751953,42.73702621459961,60.38876724243164
2018-10-01,53.783321380615234,64.57744598388672,100.21800231933594,24.742399215698242,55.560760498046875,62.003116607666016,89.703857421875,95.72057342529297,59.93116760253906,189.6702423095703,113.422119140625,91.74446868896484,161.17518615722656,54.162742614746094,107.45956420898438,29.755611419677734,49.764888763427734,237.35585021972656,42.48497009277344,60.949886322021484
2018-10-02,54.26137161254883,64.3073501586914,98.56549835205078,24.68398094177246,55.460350036621094,60.75358581542969,89.9562759399414,96.09757232666016,59.88703536987305,190.29312133789062,114.06352996826172,92.1243667602539,158.08938598632812,54.32932662963867,107.03199768066406,29.722007751464844,50.00728988647461,238.70533752441406,42.38740539550781,61.41160583496094
2018-10-03,54.92165756225586,62.76524353027344,97.63800048828125,25.034467697143555,55.892913818359375,60.978660583496094,90.36732482910156,96.37847137451172,60.07993698120117,191.73251342773438,112.88619995117188,92.98926544189453,161.1652374267578,54.04159164428711,107.05058288574219,30.11857032775879,50.59713363647461,238.94345092773438,42.81021499633789,61.191410064697266
2018-10-04,53.95608901977539,62.57356643676758,95.47100067138672,25.393295288085938,56.093727111816406,60.75358581542969,90.10771942138672,96.26759338378906,58.37105941772461,191.47996520996094,113.14604187011719,93.82764434814453,157.61312866210938,53.928009033203125,104.83838653564453,30.044631958007812,50.78297424316406,236.6678009033203,43.50947952270508,60.78655242919922
2018-10-05,53.080440521240234,62.36445999145508,94.48249816894531,25.226396560668945,55.93924331665039,60.83897399902344,90.38175964355469,96.87374877929688,57.912845611572266,189.9901123046875,112.94302368164062,93.2985610961914,156.10499572753906,53.78414535522461,104.22489929199219,30.185781478881836,50.904170989990234,237.44403076171875,43.249298095703125,60.6160774230957
2018-10-08,52.957374572753906,62.24249267578125,93.22100067138672,25.259782791137695,56.070552825927734,60.75358581542969,90.02838897705078,95.97190856933594,57.32223129272461,189.6870574951172,113.17849731445312,93.86836242675781,156.02561950683594,54.109745025634766,103.03511047363281,30.434476852416992,50.855682373046875,237.27645874023438,43.639583587646484,61.17720031738281
2018-10-09,53.691017150878906,62.11179733276367,93.51599884033203,25.017780303955078,55.52986526489258,61.62285232543945,91.45626831054688,97.83470916748047,56.78913879394531,187.63320922851562,113.02422332763672,93.2171859741211,156.6705322265625,54.77608108520508,104.34574127197266,30.562175750732422,50.99304962158203,238.24661254882812,43.5257453918457,61.44710922241211
2018-10-10,51.2037239074707,60.04692459106445,87.76249694824219,24.4002628326416,54.03135299682617,58.2778205871582,88.41301727294922,93.48812866210938,54.16036605834961,180.88243103027344,111.8306884765625,90.73452758789062,150.2012939453125,53.34495544433594,98.67577362060547,29.91693115234375,49.142723083496094,232.0459442138672,42.63132858276367,60.03363037109375
2018-10-11,50.751708984375,59.57645034790039,85.96800231933594,23.665916442871094,52.81863021850586,56.49277114868164,85.40579986572266,89.9029769897461,54.08993911743164,179.2662811279297,108.67214965820312,88.01580810546875,152.15597534179688,51.769981384277344,98.44342041015625,28.77428436279297,47.76911544799805,226.78903198242188,41.826351165771484,57.959598541259766
2018-10-12,52.564510345458984,60.65248489379883,89.43049621582031,23.749364852905273,53.94636535644531,57.54103469848633,84.92984008789062,90.31692504882812,55.5677375793457,180.02383422851562,108.69652557373047,87.0553207397461,152.54295349121094,52.860347747802734,101.84538269042969,29.426265716552734,47.93880844116211,228.98524475097656,42.37112045288086,57.803321838378906
2018-10-15,51.44038772583008,60.101348876953125,88.04750061035156,23.29874610900879,53.45973587036133,57.10457992553711,84.33130645751953,90.60523223876953,54.6701545715332,181.16017150878906,108.76146697998047,86.55879974365234,152.3246307373047,52.595340728759766,100.01425170898438,28.9826602935791,48.116554260253906,229.54981994628906,43.28995132446289,57.40556716918945
2018-10-16,52.57398223876953,62.06972885131836,90.99800109863281,23.807781219482422,53.84596633911133,57.51765441894531,84.74235534667969,90.53858947753906,56.18959426879883,186.6147003173828,110.88067626953125,88.4146957397461,157.5436553955078,53.928009033203125,103.17457580566406,29.527088165283203,48.22159194946289,240.41648864746094,43.68836975097656,57.67547607421875
2018-10-17,52.34680938720703,61.43983459472656,91.58650207519531,24.116533279418945,53.94636535644531,56.48887252807617,84.58370971679688,88.96859741210938,55.91734313964844,192.1533660888672,113.23536682128906,89.39960479736328,158.1787109375,54.38233184814453,102.9050064086914,29.95724868774414,47.8660774230957,235.7681884765625,44.28193664550781,57.8885612487793
2018-10-18,51.12326431274414,59.61144256591797,88.53600311279297,23.57412338256836,53.0040168762207,56.574607849121094,84.71350860595703,87.79116821289062,54.44551086425781,189.35037231445312,113.267822265625,87.98326110839844,153.71372985839844,54.67765426635742,100.85081481933594,29.574138641357422,47.211605072021484,235.3359832763672,43.17612075805664,58.13714599609375
2018-10-19,51.90188217163086,59.13028335571289,88.20149993896484,23.63253402709961,53.18940734863281,56.49665832519531,85.19666290283203,87.13948822021484,54.8060302734375,191.04225158691406,112.9024658203125,87.83675384521484,152.85052490234375,54.78365707397461,100.99951934814453,29.910200119018555,47.243919372558594,234.0040740966797,43.00535583496094,58.22240447998047
2018-10-22,52.218994140625,59.94386291503906,89.46499633789062,22.84812355041504,51.435977935791016,56.153770446777344,84.52599334716797,86.08789825439453,55.11299514770508,186.53054809570312,112.60201263427734,86.57508087158203,153.5748291015625,54.95023727416992,101.90116882324219,29.82282829284668,45.90262985229492,231.26095581054688,41.99710464477539,57.63996505737305
2018-10-23,52.71125030517578,59.98761749267578,88.43499755859375,22.547710418701172,50.77170944213867,53.94812774658203,81.77843475341797,82.2889404296875,55.28854751586914,183.97158813476562,112.80500793457031,85.67158508300781,153.18785095214844,54.59435272216797,100.47901916503906,29.64134979248047,44.51285934448242,233.61599731445312,41.923919677734375,56.709468841552734
2018-10-24,50.90316390991211,58.5616340637207,83.20999908447266,21.85508918762207,49.28091812133789,51.19695281982422,79.47796630859375,78.60106658935547,52.4227294921875,176.07606506347656,111.61956024169922,84.0761489868164,144.9028778076172,53.413116455078125,95.10651397705078,28.552486419677734,42.83222579956055,226.08343505859375,40.809959411621094,55.132633209228516
2018-10-25,52.0178337097168,59.200252532958984,89.1084976196289,22.188880920410156,50.184661865234375,53.012882232666016,80.4659423828125,79.3267822265625,54.7271842956543,180.14169311523438,112.43151092529297,85.35411071777344,149.774658203125,52.97392272949219,100.6649169921875,29.17757225036621,43.06653594970703,233.06910705566406,42.16785430908203,55.62273406982422
2018-10-26,51.18952560424805,58.60536575317383,82.1405029296875,22.021984100341797,49.59761428833008,53.371395111083984,80.42989349365234,78.91206359863281,53.74331283569336,178.75283813476562,111.2136001586914,84.18196868896484,144.2380828857422,53.3071174621582,99.41938018798828,28.633136749267578,42.743343353271484,227.7239532470703,41.67186737060547,55.06871795654297
2018-10-29,50.22868728637695,58.88532257080078,76.94400024414062,22.20557403564453,49.70574951171875,52.49070358276367,78.55489349365234,75.56482696533203,51.31239700317383,180.5457305908203,111.68450927734375,85.34593963623047,140.98362731933594,54.102169036865234,96.52862548828125,29.05658721923828,41.57174301147461,226.259765625,42.46870040893555,54.727783203125
2018-10-30,50.47955322265625,59.48895263671875,76.52100372314453,22.347434997558594,49.84477996826172,54.181941986083984,79.93949890136719,78.13451385498047,52.045345306396484,184.57766723632812,114.28279113769531,86.8518295288086,145.08145141601562,55.177398681640625,96.41710662841797,28.82806396484375,42.274696350097656,227.81216430664062,42.842735290527344,55.956565856933594
2018-10-31,51.79537582397461,60.31129455566406,79.90049743652344,22.948259353637695,50.56314468383789,54.478084564208984,80.51642608642578,78.00863647460938,54.08201217651367,189.70388793945312,113.66569519042969,88.74027252197266,150.6081085205078,55.73771667480469,99.2799301147461,28.94232749938965,41.458621978759766,230.52005004882812,43.28181457519531,56.5958366394043
2018-11-01,52.59056091308594,61.36985778808594,83.27649688720703,23.206953048706055,50.84894943237305,54.22871398925781,80.1702651977539,79.1564712524414,53.85390090942383,191.05068969726562,114.33961486816406,88.70770263671875,150.56842041015625,55.36669921875,98.45270538330078,29.352327346801758,41.74142837524414,230.1495361328125,43.550148010253906,57.299034118652344
2018-11-02,49.102176666259766,61.404850006103516,83.27649688720703,23.273712158203125,51.2689208984375,52.87260437011719,82.73756408691406,75.7944107055664,53.13534164428711,193.34024047851562,114.22589111328125,88.21930694580078,149.1793212890625,54.72307205200195,98.67577362060547,28.854955673217773,41.53133773803711,230.2201690673828,43.590789794921875,58.20819091796875
2018-11-05,47.70825958251953,61.57982635498047,81.38999938964844,23.415573120117188,52.34221267700195,53.800045013427734,85.77360534667969,78.75656127929688,52.35379409790039,192.5237274169922,115.4601058959961,88.79724884033203,147.52230834960938,55.36669921875,99.93061065673828,29.251510620117188,41.98381423950195,230.2201690673828,43.63145065307617,57.98800277709961
2018-11-06,48.224185943603516,62.07847213745117,82.1405029296875,23.540740966796875,51.860015869140625,54.16635513305664,85.7447509765625,79.48228454589844,53.040122985839844,192.08604431152344,115.76056671142578,89.2123794555664,148.77252197265625,55.51057815551758,100.12580108642578,28.908716201782227,42.080780029296875,232.45172119140625,43.54200744628906,58.236595153808594
2018-11-07,49.68672561645508,63.42573165893555,87.77449798583984,23.81612777709961,53.0888557434082,54.57942581176758,87.1654281616211,80.830078125,54.957767486572266,194.67860412597656,117.53060913085938,90.74267578125,150.35012817382812,56.85081481933594,104.06688690185547,29.842985153198242,42.274696350097656,242.23348999023438,43.566402435302734,58.97529983520508
2018-11-08,49.513370513916016,63.82815933227539,87.74549865722656,24.091508865356445,52.71553421020508,52.147789001464844,86.07649993896484,77.64572143554688,54.28285598754883,194.99009704589844,117.97718811035156,91.47525787353516,146.71864318847656,57.15370178222656,103.8717041015625,29.70075225830078,41.67677688598633,244.01516723632812,43.57460403442383,58.037715911865234
2018-11-09,48.55867004394531,63.67943572998047,85.62149810791016,23.799434661865234,51.14448165893555,52.00749969482422,86.18462371826172,78.13451385498047,53.40957260131836,187.41439819335938,118.00960540771484,90.5880126953125,143.831298828125,56.684226989746094,101.84538269042969,29.99199867248535,40.72333908081055,243.9269561767578,43.47623825073242,58.02336883544922
2018-11-12,46.11257553100586,61.7285270690918,81.84249877929688,23.15688705444336,49.938987731933594,50.76829528808594,84.65581512451172,74.97981262207031,52.03790283203125,173.44140625,118.2369613647461,88.68329620361328,140.4478759765625,56.555503845214844,99.33572387695312,29.87685203552246,39.955726623535156,240.24893188476562,42.910640716552734,57.277198791503906
2018-11-13,45.651851654052734,60.79245376586914,81.55850219726562,23.16522789001465,50.38229751586914,49.66157913208008,83.1846694946289,72.95811462402344,51.968971252441406,172.5996551513672,117.4737548828125,89.2042465209961,141.0531005859375,56.49495315551758,99.40077209472656,29.47723960876465,38.250850677490234,237.4617156982422,43.2303352355957,55.964176177978516
2018-11-14,44.3623046875,60.722496032714844,79.95050048828125,22.70625877380371,49.38678741455078,49.973331451416016,83.45148468017578,72.6248550415039,52.29677200317383,170.44479370117188,117.1246109008789,87.3646469116211,143.0970458984375,56.101165771484375,97.9911880493164,29.064058303833008,38.630611419677734,233.70416259765625,42.74671936035156,55.5265007019043
2018-11-15,45.457122802734375,61.87727737426758,80.97200012207031,23.282054901123047,50.24229431152344,50.822837829589844,85.1627426147461,75.23158264160156,53.11351776123047,171.49696350097656,117.32762145996094,89.59493255615234,142.7299346923828,56.669097900390625,100.14759826660156,29.26725959777832,38.84877014160156,233.68653869628906,43.2959098815918,56.10050964355469
2018-11-16,45.96058654785156,63.023311614990234,79.67050170898438,23.15688705444336,50.5145149230957,51.532081604003906,86.69926452636719,77.90493774414062,52.97565841674805,170.13336181640625,118.53739929199219,89.52983093261719,138.44357299804688,57.592891693115234,101.0904312133789,29.47046661376953,38.96189880371094,239.12872314453125,43.3942756652832,56.6529426574707
2018-11-19,44.139076232910156,61.711055755615234,75.614501953125,23.15688705444336,50.25785446166992,51.78147506713867,86.96143341064453,78.28262329101562,50.94989776611328,166.8505859375,119.95026397705078,90.21357727050781,130.52569580078125,57.812461853027344,97.66445922851562,29.924266815185547,39.03460693359375,234.66554260253906,43.70573806762695,56.83951187133789
2018-11-20,42.030189514160156,60.416290283203125,74.77300262451172,22.84812355041504,48.63236618041992,49.87200927734375,84.54378509521484,75.80181121826172,51.10015869140625,161.0593719482422,118.91088104248047,88.27629852294922,131.3988494873047,56.623661041259766,94.94791412353516,29.484010696411133,37.89532470703125,230.65232849121094,43.066402435302734,55.22516632080078
2018-11-21,41.98270034790039,59.95259475708008,75.83650207519531,22.756330490112305,48.89679718017578,51.03328323364258,85.61424255371094,78.49739074707031,51.74383544921875,162.1199188232422,115.28961944580078,87.61697387695312,133.77024841308594,56.63123321533203,96.2548599243164,29.192752838134766,38.49324417114258,229.81434631347656,42.97623062133789,55.64847946166992
2018-11-23,40.916385650634766,59.58519744873047,75.10299682617188,22.505990982055664,48.025733947753906,49.723934173583984,82.7232894897461,74.5724868774414,51.082801818847656,159.17381286621094,115.48446655273438,86.8111343383789,130.70431518554688,56.54037857055664,96.21749877929688,29.219852447509766,37.46709060668945,230.7581787109375,42.48441696166992,54.16327667236328
2018-11-26,41.469730377197266,60.197566986083984,79.06649780273438,22.99833106994629,49.5656623840332,50.42536544799805,83.72821807861328,75.93510437011719,52.36421203613281,163.58457946777344,115.51715087890625,88.93563842773438,135.31808471679688,57.12342834472656,99.39146423339844,29.355318069458008,37.67716598510742,234.7626190185547,43.34510040283203,55.232330322265625
2018-11-27,41.37948989868164,60.98493194580078,79.07099914550781,23.14853858947754,49.35566329956055,50.87739562988281,83.89569854736328,75.49816131591797,52.18270492553711,163.00376892089844,117.02882385253906,89.31007385253906,133.94886779785156,57.80489730834961,100.01690673828125,29.849767684936523,37.3297233581543,239.16397094726562,43.59919357299805,55.28256607055664
2018-11-28,42.970645904541016,63.71445083618164,83.88749694824219,23.724328994750977,51.00449752807617,51.71133041381836,86.02931213378906,76.84596252441406,54.14202117919922,166.95997619628906,119.65996551513672,90.30313110351562,135.6951446533203,58.47880935668945,103.73233032226562,30.411943435668945,37.49940490722656,247.8079071044922,44.55002975463867,56.287044525146484
2018-11-29,42.64053726196289,64.0905990600586,83.67849731445312,23.398883819580078,50.47562789916992,52.116607666015625,86.54634094238281,78.10486602783203,54.28037643432617,164.67808532714844,119.1778793334961,89.58680725097656,137.60018920898438,58.99370574951172,102.86414337158203,30.82511329650879,37.08732986450195,249.2191619873047,44.295921325683594,56.72471618652344
2018-11-30,42.410179138183594,64.78172302246094,84.50849914550781,23.699296951293945,50.390071868896484,51.578834533691406,86.61188507080078,76.50531005859375,55.02769470214844,161.16221618652344,120.0358657836914,90.5066146850586,139.51515197753906,60.07648849487305,103.5176010131836,31.312786102294922,36.44091796875,248.96261596679688,44.49264907836914,57.0404167175293
2018-12-03,43.89208221435547,64.97418212890625,88.61799621582031,23.81612777709961,50.67784881591797,53.862396240234375,87.87166595458984,80.05989837646484,55.360443115234375,161.95668029785156,119.47203063964844,91.36128234863281,139.99142456054688,59.98564910888672,104.6378173828125,31.15023422241211,37.4105224609375,253.3602752685547,44.459861755371094,58.274505615234375
2018-12-04,41.96133041381836,62.550880432128906,83.41999816894531,22.522672653198242,48.4223747253418,52.155582427978516,85.37394714355469,77.0681381225586,52.68803787231445,155.7701416015625,119.32499694824219,87.28325653076172,136.8560028076172,59.220882415771484,101.3051528930664,30.574506759643555,36.038265228271484,246.4761962890625,42.44343948364258,56.99018478393555
2018-12-06,41.49348068237305,62.585880279541016,84.95950317382812,22.052757263183594,46.71134948730469,51.913970947265625,84.40544128417969,75.6314697265625,53.462135314941406,155.58424377441406,119.2269058227539,85.62272644042969,138.54278564453125,59.34202194213867,101.93061828613281,30.46613311767578,34.567970275878906,244.97190856933594,41.87784957885742,56.243995666503906
2018-12-07,40.013954162597656,61.19488525390625,81.45649719238281,21.339481353759766,45.38139343261719,51.36840057373047,84.09957885742188,76.72748565673828,51.900047302246094,151.84864807128906,118.83467102050781,84.0761489868164,136.34999084472656,58.09264373779297,97.8511734008789,29.7481632232666,35.156089782714844,238.18502807617188,41.197513580322266,55.70588302612305
2018-12-10,40.277565002441406,62.043495178222656,82.05149841308594,20.777257919311523,44.385887145996094,50.8150520324707,83.69908905029297,75.3204345703125,52.22734451293945,151.13868713378906,118.69578552246094,82.50520324707031,140.74551391601562,58.62266159057617,100.43701171875,30.073284149169922,34.28208923339844,235.8402099609375,40.000755310058594,54.91663360595703
2018-12-11,40.047203063964844,62.84831619262695,82.16200256347656,20.626205444335938,43.72481155395508,51.00209426879883,84.08504486083984,75.58704376220703,52.647369384765625,149.42306518554688,119.7090072631836,81.69933319091797,140.9737091064453,58.38793182373047,101.37052154541016,29.809123992919922,33.6858024597168,236.4507598876953,39.148292541503906,55.01709747314453
2018-12-12,40.158817291259766,63.45197296142578,83.177001953125,20.575857162475586,43.538143157958984,50.869606018066406,84.19427490234375,76.96446990966797,53.246421813964844,149.33853149414062,120.19928741455078,82.2284164428711,143.37489318847656,59.06941223144531,101.82793426513672,29.910724639892578,33.849178314208984,239.47698974609375,39.131900787353516,54.54355239868164
2018-12-13,40.5981559753418,63.14577865600586,82.91899871826172,20.475162506103516,43.374813079833984,51.53986358642578,84.42728424072266,76.14985656738281,53.23699188232422,148.6793212890625,120.80394744873047,82.30982971191406,143.88088989257812,59.826629638671875,102.17333984375,30.188430786132812,33.5061149597168,240.8130645751953,38.54991912841797,55.232330322265625
2018-12-14,39.29911804199219,61.90351486206055,79.59549713134766,20.542287826538086,42.791507720947266,50.3084602355957,82.89077758789062,74.11335754394531,52.154441833496094,146.01710510253906,108.67780303955078,81.63418579101562,142.9382781982422,58.31684875488281,98.9806900024414,29.66689109802246,31.93779754638672,234.50408935546875,38.14827346801758,54.22785186767578
2018-12-17,38.933387756347656,61.019920349121094,76.04550170898438,20.533897399902344,42.19264221191406,49.19396209716797,81.88589477539062,71.24746704101562,50.86212921142578,141.994140625,105.523681640625,80.59230041503906,139.09841918945312,57.36370849609375,96.04946899414062,29.199533462524414,31.89696502685547,228.35433959960938,38.205650329589844,53.12291717529297
2018-12-18,39.439231872558594,61.30861282348633,77.5739974975586,20.533897399902344,41.94376754760742,48.25092315673828,79.9124526977539,69.61830139160156,51.74284744262695,144.94371032714844,106.56962585449219,80.20974731445312,142.54141235351562,56.67745590209961,97.05767059326172,28.718624114990234,30.90860939025879,223.84156799316406,38.13188552856445,51.65924835205078
2018-12-19,38.20905685424805,60.363807678222656,74.75399780273438,20.290552139282227,41.08047103881836,47.759918212890625,78.5216064453125,68.85552978515625,51.348602294921875,143.04209899902344,104.27348327636719,79.19226837158203,132.20254516601562,56.25044250488281,96.79627227783203,28.427371978759766,30.867778778076172,221.48785400390625,37.43514633178711,50.783897399902344
2018-12-20,37.244869232177734,59.82140350341797,73.04149627685547,20.231801986694336,40.65271759033203,46.762325286865234,76.44622802734375,66.45614624023438,50.75947189331055,142.3322296142578,104.81279754638672,78.50851440429688,132.36129760742188,56.03693771362305,94.76122283935547,28.413833618164062,29.569011688232422,214.52406311035156,37.738433837890625,49.24129867553711
2018-12-21,35.796207427978516,58.85032272338867,68.87249755859375,19.61083984375,39.07389450073242,46.60643005371094,75.88552856445312,64.61962127685547,49.15621566772461,135.26673889160156,104.66574096679688,76.65264129638672,123.97709655761719,55.58706283569336,91.69927215576172,28.400287628173828,29.160602569580078,210.89617919921875,36.98431396484375,48.8753776550293
2018-12-24,34.8700065612793,57.354366302490234,67.197998046875,19.073781967163086,38.31169891357422,44.43199157714844,73.54074096679688,61.361244201660156,48.829925537109375,132.1396484375,100.37580108642578,75.00025939941406,123.0940170288086,54.25267028808594,87.87187957763672,27.465579986572266,28.74402618408203,206.11795043945312,35.73838806152344,47.00273895263672
2018-12-26,37.325626373291016,60.90619659423828,73.54499816894531,20.231801986694336,40.00718307495117,47.9313850402832,78.20117950439453,65.90078735351562,51.96302795410156,137.7008056640625,103.53807830810547,78.10966491699219,133.13522338867188,56.425838470458984,93.87437438964844,28.57638931274414,29.90391731262207,215.32931518554688,37.369571685791016,49.248477935791016
2018-12-27,37.08336639404297,61.78978729248047,73.08200073242188,20.44998550415039,40.26383972167969,48.50032424926758,79.60660552978516,65.75267028808594,52.21345901489258,139.79673767089844,104.11006164550781,78.98876953125,133.47256469726562,57.47809982299805,94.4531478881836,29.023426055908203,29.675209045410156,217.64761352539062,37.32038879394531,49.463722229003906
2018-12-28,37.102378845214844,62.192203521728516,73.9010009765625,20.466768264770508,40.31051254272461,48.06386184692383,79.11872863769531,64.81217956542969,51.90501022338867,137.7853240966797,103.99564361572266,78.81784057617188,132.162841796875,57.47045135498047,93.71568298339844,29.097942352294922,29.89574432373047,217.88650512695312,37.52531051635742,48.91124725341797
2018-12-31,37.46098327636719,63.27701187133789,75.09850311279297,20.676555633544922,40.489383697509766,48.593841552734375,79.2206802368164,64.5826187133789,51.81970977783203,141.1827850341797,105.45014953613281,79.46087646484375,130.0692901611328,58.263458251953125,94.8172378540039,29.565288543701172,29.47099494934082,220.4348602294922,37.77120590209961,48.92561340332031
2019-01-02,37.50372314453125,60.801212310791016,76.95649719238281,20.945085525512695,41.63267135620117,49.3966064453125,80.604248046875,67.10042572021484,52.301727294921875,145.39169311523438,104.38789367675781,80.83650970458984,134.62355041503906,57.638221740722656,94.39716339111328,29.294363021850586,30.385847091674805,215.4531707763672,38.476139068603516,50.001861572265625
2019-01-03,33.76807403564453,57.9317512512207,75.01399993896484,20.609420776367188,40.87825012207031,48.46134567260742,79.06047058105469,66.62648010253906,50.85319519042969,143.26187133789062,102.72913360595703,79.68767547607422,130.71421813964844,56.456329345703125,90.9244613647461,28.474788665771484,30.712562561035156,209.5777130126953,38.172874450683594,49.234130859375
2019-01-04,35.20961380004883,59.58519744873047,78.76950073242188,21.46535301208496,42.87705993652344,49.684967041015625,80.69892120361328,69.5516357421875,53.46163558959961,147.94406127929688,104.45325469970703,82.62539672851562,136.87588500976562,58.15673065185547,95.15331268310547,29.12502670288086,31.929636001586914,212.0287628173828,39.30402755737305,51.049381256103516
2019-01-07,35.13124465942383,60.47751998901367,81.47550201416016,21.44856834411621,43.25037384033203,49.46673583984375,81.74751281738281,69.98855590820312,53.35502243041992,148.76380920410156,103.78321075439453,82.6828384399414,136.97509765625,57.516212463378906,95.27465057373047,29.280807495117188,32.81180191040039,212.43582153320312,39.049922943115234,51.31484603881836
2019-01-08,35.80094909667969,59.75141525268555,82.8290023803711,21.4066104888916,43.13372039794922,50.12920379638672,81.39069366455078,70.73649597167969,53.82365036010742,148.21450805664062,106.1937484741211,82.52690887451172,141.42022705078125,57.943233489990234,95.96546173095703,29.416278839111328,33.2202262878418,215.27618408203125,38.96796417236328,51.68794631958008
2019-01-09,36.408912658691406,60.74872970581055,82.97100067138672,21.616395950317383,43.849239349365234,51.78926086425781,82.48300170898438,73.45428466796875,53.63917541503906,149.1441192626953,105.35209655761719,82.38743591308594,143.1069793701172,57.500980377197266,97.33773803710938,29.355318069458008,33.6858024597168,215.58595275878906,39.18107986450195,51.960575103759766
2019-01-10,36.52528381347656,60.433780670166016,82.81099700927734,21.59122657775879,43.89590072631836,52.95051956176758,82.61408233642578,73.40243530273438,53.49932861328125,148.7469024658203,105.98944854736328,82.37922668457031,143.0771942138672,56.79184341430664,96.71224212646484,28.657670974731445,34.02070617675781,216.67431640625,39.140098571777344,51.69511413574219
2019-01-11,36.16667175292969,60.65248489379883,82.02799987792969,21.84296417236328,44.090335845947266,51.74250030517578,81.95143127441406,71.7362289428711,52.78721237182617,149.5329132080078,106.02213287353516,81.98533630371094,142.68032836914062,57.112091064453125,95.96546173095703,29.043743133544922,34.09421920776367,219.15185546875,39.23844909667969,51.45833969116211
2019-01-14,35.622840881347656,60.00210952758789,80.8604965209961,22.12828254699707,45.83249282836914,51.13460159301758,81.35430908203125,72.95072174072266,52.14452362060547,151.04571533203125,104.82096099853516,82.83055877685547,144.2579345703125,55.94544219970703,95.26533508300781,28.698307037353516,33.75115203857422,219.4969024658203,39.68928146362305,51.39377975463867
2019-01-15,36.3519287109375,61.93568420410156,83.72799682617188,22.279321670532227,47.73796463012695,51.461944580078125,81.64558410644531,73.00997924804688,53.88018035888672,152.0514373779297,105.70347595214844,83.43779754638672,147.7902069091797,56.80708312988281,98.02852630615234,28.942153930664062,34.07788848876953,227.29249572753906,39.07451248168945,51.42245864868164
2019-01-16,36.7960205078125,61.3643798828125,84.18900299072266,23.873701095581055,48.36793518066406,51.17356872558594,81.12127685546875,73.23259735107422,54.028953552246094,166.56277465820312,104.6248550415039,84.11064147949219,146.39117431640625,56.8909797668457,98.37390899658203,28.522201538085938,33.693973541259766,231.35400390625,40.11552429199219,51.40093994140625
2019-01-17,37.01451110839844,61.9796142578125,84.66100311279297,24.32683563232422,48.58571243286133,52.264686584472656,81.529052734375,73.51466369628906,54.50551986694336,168.26150512695312,105.48284912109375,84.4552993774414,147.14527893066406,57.64583969116211,99.06474304199219,28.76603889465332,33.7919921875,229.85853576660156,40.35321807861328,51.752498626708984
2019-01-18,37.24248123168945,62.77061462402344,84.80999755859375,24.586973190307617,49.09124755859375,52.91935729980469,83.28402709960938,74.99905395507812,54.91115951538086,171.17727661132812,106.79023742675781,85.8257064819336,148.87173461914062,57.85173034667969,100.54901885986328,28.80668067932129,36.536521911621094,234.92877197265625,40.992584228515625,52.36955261230469
2019-01-22,36.40654373168945,62.83213424682617,81.6084976196289,24.410749435424805,48.103511810302734,51.24371337890625,81.8057632446289,71.88925170898438,53.48941421508789,167.06982421875,105.24588775634766,84.47173309326172,146.42098999023438,57.821224212646484,98.65398406982422,28.630573272705078,35.907569885253906,235.096923828125,40.86963653564453,51.580326080322266
2019-01-23,36.55379104614258,61.443511962890625,82.0009994506836,24.268096923828125,48.3212776184082,51.32943344116211,81.11399841308594,71.67398834228516,53.77604293823242,166.41061401367188,105.24588775634766,84.25837707519531,143.17642211914062,57.523860931396484,99.61552429199219,28.556062698364258,35.37663269042969,236.27374267578125,41.0827522277832,51.15700149536133
2019-01-24,36.26405715942383,62.2784423828125,82.74649810791016,24.402362823486328,48.77235794067383,51.532081604003906,82.65776824951172,72.17127227783203,53.75570297241211,167.17129516601562,103.79956817626953,84.3076171875,144.6945343017578,55.79295349121094,99.13939666748047,27.736507415771484,35.58083724975586,235.48629760742188,40.96799087524414,51.2287483215332
2019-01-25,37.46572494506836,62.5333251953125,83.52850341796875,24.821931838989258,49.791221618652344,52.21012878417969,82.44658660888672,73.55174255371094,54.6240348815918,169.656005859375,104.78012084960938,84.84098052978516,147.84974670410156,55.62518310546875,100.044921875,27.52653694152832,36.7570686340332,237.1851806640625,41.09095001220703,51.45833969116211
2019-01-28,37.11899948120117,60.687652587890625,81.89450073242188,24.8638973236084,49.65899658203125,50.93196105957031,81.68197631835938,72.8095703125,53.55040740966797,168.79400634765625,105.40111541748047,85.24307250976562,146.32176208496094,55.602325439453125,98.0938720703125,26.77469825744629,36.13627243041992,236.0525360107422,40.836849212646484,51.11395263671875
2019-01-29,36.734275817871094,61.25014877319336,79.69400024414062,24.66249656677246,49.161231994628906,50.89299774169922,81.43437194824219,73.38105773925781,53.064422607421875,169.45318603515625,106.4960708618164,85.48104095458984,143.06729125976562,55.83869934082031,96.09613800048828,27.614591598510742,35.94023513793945,236.55694580078125,40.86143493652344,51.307655334472656
2019-01-30,39.24449920654297,62.99915313720703,83.52149963378906,24.393964767456055,49.94676208496094,51.19695281982422,82.29366302490234,73.81153106689453,54.44947814941406,171.12655639648438,107.56649780273438,85.67800903320312,149.248779296875,55.94544219970703,99.30745697021484,28.163211822509766,36.7570686340332,239.23802185058594,41.05815124511719,51.8673095703125
2019-01-31,39.527099609375,64.14171600341797,85.9365005493164,23.890480041503906,50.13341522216797,52.75567626953125,83.4879150390625,73.62599182128906,55.83303451538086,167.34872436523438,108.74317169189453,84.93125915527344,165.39210510253906,56.75370407104492,97.48710632324219,29.00361442565918,36.11177062988281,239.0876922607422,40.45436477661133,52.577632904052734
2019-02-01,39.54610061645508,63.59678649902344,81.3115005493164,23.814960479736328,49.86712646484375,53.52727127075195,86.19679260253906,73.36622619628906,55.47251510620117,166.1063690185547,109.6583480834961,85.24307250976562,164.4197235107422,58.29397964477539,95.94678497314453,29.297399520874023,36.39765930175781,237.77804565429688,40.45436477661133,54.471805572509766
2019-02-04,40.669410705566406,63.719844818115234,81.66549682617188,24.23453140258789,50.172569274902344,54.5014762878418,87.19442749023438,73.75959014892578,56.60316848754883,167.1036834716797,108.57975769042969,85.54669189453125,167.93215942382812,58.61423873901367,98.7099838256836,28.996768951416016,36.43033218383789,237.32676696777344,40.57843017578125,53.68256378173828
2019-02-05,41.365238189697266,64.25595092773438,82.94049835205078,24.150619506835938,49.97679138183594,53.979312896728516,87.0051040649414,72.9951171875,57.121395111083984,167.34872436523438,108.57975769042969,85.16925811767578,169.82728576660156,58.827728271484375,100.09159851074219,28.771305084228516,36.87141418457031,235.64547729492188,40.752132415771484,54.235023498535156
2019-02-06,41.37948989868164,64.58992767333984,82.01300048828125,24.108659744262695,50.039432525634766,53.862396240234375,86.56819152832031,71.38455963134766,55.684268951416016,166.1739044189453,108.67780303955078,85.12822723388672,169.1624755859375,59.0107421875,98.9806900024414,28.92161750793457,36.814239501953125,238.4682159423828,40.71076965332031,53.99825668334961
2019-02-07,40.59578323364258,63.93077087402344,80.71849822998047,23.697479248046875,49.19356155395508,52.59202194213867,86.09489440917969,69.01695251464844,54.842227935791016,163.1737060546875,107.90155029296875,84.01219940185547,165.0845184326172,58.576114654541016,98.271240234375,28.491174697875977,35.49915313720703,238.02574157714844,39.767860412597656,53.58209991455078
2019-02-08,40.64347457885742,64.4493179321289,79.41100311279297,23.73944091796875,48.56698989868164,51.87566375732422,85.62153625488281,68.65325164794922,54.66717529296875,161.990478515625,108.18750762939453,83.17521667480469,166.02711486816406,59.10986328125,98.64466094970703,28.853300094604492,34.94371795654297,231.74334716796875,39.412200927734375,53.66918182373047
2019-02-11,40.40974807739258,64.6338882446289,79.55000305175781,23.840133666992188,48.25371170043945,52.25144958496094,85.1627426147461,69.92241668701172,54.65428161621094,161.70310974121094,107.86068725585938,82.78130340576172,164.49908447265625,58.49224090576172,98.2525634765625,28.477519989013672,35.6870231628418,227.5314178466797,39.412200927734375,53.75621795654297
2019-02-12,40.75798416137695,65.96978759765625,81.90049743652344,24.075096130371094,49.08391189575195,52.80732727050781,86.45167541503906,70.9763412475586,55.91684341430664,164.37380981445312,109.62566375732422,84.19271850585938,163.75494384765625,59.87237548828125,99.7835464477539,28.607324600219727,36.40589141845703,233.15907287597656,40.570167541503906,54.699310302734375
2019-02-13,40.5886344909668,65.3721694946289,82.0,24.083492279052734,49.37370681762695,53.0656852722168,87.07064819335938,71.80762481689453,55.96891784667969,164.54283142089844,109.86263275146484,84.59481048583984,162.79251098632812,60.253623962402344,99.70883178710938,28.491174697875977,36.703346252441406,233.424560546875,40.54534912109375,55.315956115722656
2019-02-14,40.736507415771484,65.01182556152344,81.13249969482422,23.823354721069336,48.88810348510742,54.0991325378418,86.90884399414062,71.9634780883789,55.99718475341797,162.71728515625,109.74824523925781,84.04501342773438,162.6734161376953,60.192623138427734,99.7928695678711,28.67564582824707,36.47199630737305,234.77833557128906,40.13179016113281,55.33045196533203
2019-02-15,40.645877838134766,66.13680267333984,80.39749908447266,24.42753791809082,50.33705520629883,54.94466018676758,87.7840805053711,74.40530395507812,55.52260208129883,167.76287841796875,111.4397201538086,86.61347198486328,161.23472595214844,60.85601043701172,101.02511596679688,28.96944236755371,37.141273498535156,239.91050720214844,40.71076965332031,56.3751106262207
2019-02-19,40.76749801635742,65.91708374023438,81.37899780273438,24.444318771362305,50.423213958740234,54.40446090698242,87.75467681884766,74.0044937133789,55.86378479003906,167.9065399169922,110.8758773803711,86.30985260009766,161.02633666992188,60.42139434814453,100.97843933105469,29.106096267700195,37.62876892089844,239.2733917236328,40.84310531616211,56.75235366821289
2019-02-20,41.02986145019531,66.39167785644531,81.1050033569336,24.679279327392578,50.6268424987793,55.3126335144043,88.46813201904297,73.31426239013672,55.57021713256836,167.847412109375,111.41516876220703,86.72835540771484,161.29421997070312,60.566280364990234,100.45344543457031,28.83279800415039,37.926246643066406,238.47711181640625,41.19877243041992,56.96998596191406
2019-02-21,40.79852294921875,66.04013061523438,80.97200012207031,24.578582763671875,50.376216888427734,54.991641998291016,87.62962341308594,70.7685317993164,54.7579231262207,165.95423889160156,110.65522003173828,86.54784393310547,158.79385375976562,60.87126922607422,102.57220458984375,28.791812896728516,36.951236724853516,235.72520446777344,40.992000579833984,56.45490264892578
2019-02-22,41.254058837890625,66.91024017333984,81.5780029296875,24.402362823486328,50.23524475097656,54.78025817871094,87.81351470947266,70.90211486816406,55.370365142822266,165.64999389648438,111.61945343017578,86.1621322631836,160.6294708251953,61.58802032470703,104.03468322753906,29.352069854736328,36.65377426147461,236.3534393310547,40.54534912109375,56.89018249511719
2019-02-25,41.55457305908203,67.55180358886719,81.6500015258789,24.56180191040039,50.540687561035156,54.2165641784668,87.98271179199219,70.32321166992188,55.40855026245117,167.8896484375,112.0307388305664,87.0647964477539,163.3382110595703,61.290645599365234,104.6159439086914,29.434045791625977,37.009090423583984,234.1324462890625,41.07470703125,56.94822692871094
2019-02-26,41.578426361083984,67.45516204833984,81.81999969482422,24.578582763671875,50.219573974609375,53.95820617675781,88.2180404663086,69.69977569580078,55.640628814697266,168.1008758544922,111.95670318603516,86.40013885498047,162.8520050048828,61.56515121459961,105.33782958984375,29.3930606842041,36.61246109008789,232.69898986816406,41.01680374145508,57.06429672241211
2019-02-27,41.70719909667969,67.87700653076172,82.05449676513672,24.779977798461914,50.43886947631836,54.19306945800781,88.3210220336914,70.53844451904297,55.684268951416016,168.1009063720703,111.7592544555664,86.29346466064453,161.5423126220703,61.47365951538086,105.15967559814453,29.331571578979492,36.64551544189453,221.2843475341797,41.2732048034668,57.65192413330078
2019-02-28,41.29698181152344,68.21978759765625,81.99150085449219,24.526945114135742,50.10992431640625,53.12049102783203,87.95327758789062,69.76655578613281,55.86577224731445,166.91293334960938,112.39264678955078,85.63697814941406,160.19288635253906,61.98454666137695,105.02845001220703,29.618518829345703,36.40589141845703,214.32940673828125,41.26494598388672,57.332725524902344
2019-03-01,41.73106002807617,69.07228088378906,83.58650207519531,24.720935821533203,50.49369430541992,53.96603012084961,89.75528717041016,71.56268310546875,56.955265045166016,168.185791015625,113.79924011230469,85.69440460205078,161.01641845703125,62.25902557373047,105.49720764160156,29.625362396240234,37.33958435058594,217.806884765625,41.380733489990234,58.036415100097656
2019-03-04,41.94094467163086,69.09867095947266,84.80850219726562,24.484777450561523,49.929786682128906,54.725440979003906,89.82147979736328,71.85213470458984,57.19826126098633,166.3019256591797,113.90613555908203,85.49747467041016,166.06678771972656,62.04553985595703,105.24407196044922,29.427221298217773,37.38090133666992,208.84332275390625,41.446903228759766,58.26129913330078
2019-03-05,41.864627838134766,68.74710845947266,84.62149810791016,24.526945114135742,49.28754425048828,54.028682708740234,90.68203735351562,70.87985229492188,57.98029708862305,166.3189239501953,114.14466857910156,85.43183135986328,169.92649841308594,62.297183990478516,104.71904754638672,29.304241180419922,37.009090423583984,213.63037109375,41.26494598388672,58.17424774169922
2019-03-06,41.623741149902344,68.29006958007812,83.44750213623047,24.324525833129883,48.95859909057617,53.46495056152344,90.85856628417969,68.23764038085938,57.7695426940918,165.24974060058594,114.40788269042969,85.11178588867188,171.16676330566406,61.58039855957031,104.76596069335938,28.600502014160156,35.835758209228516,211.54212951660156,41.2070426940918,57.51408386230469
2019-03-07,41.14196014404297,67.49908447265625,81.29750061035156,24.079933166503906,48.48084259033203,53.19877243041992,89.68907928466797,67.79975128173828,57.070804595947266,163.5780792236328,113.70873260498047,84.49633026123047,167.8130645751953,61.34403991699219,103.49092864990234,28.279376983642578,35.108638763427734,209.4449920654297,41.09123992919922,58.152462005615234
2019-03-08,41.2397346496582,67.34966278076172,81.04000091552734,24.164278030395508,48.606163024902344,51.22584915161133,89.4537353515625,64.1555404663086,57.02717208862305,165.67401123046875,113.56066131591797,84.52918243408203,168.27943420410156,60.848384857177734,103.60343933105469,27.9377498626709,34.11709976196289,210.76846313476562,41.19049835205078,57.31820297241211
2019-03-11,42.668392181396484,68.38676452636719,83.53099822998047,24.40886878967285,48.80195999145508,51.5703239440918,90.92474365234375,64.02194213867188,58.47966766357422,166.2935028076172,113.97193145751953,85.6287612915039,170.73020935058594,61.664276123046875,105.7784652709961,28.354524612426758,34.769859313964844,215.9735107421875,41.15740966796875,57.87681198120117
2019-03-12,43.14777755737305,68.7646713256836,83.65499877929688,24.40886878967285,49.19356155395508,51.38241958618164,91.13069915771484,64.55632781982422,59.37179183959961,166.85353088378906,114.48188018798828,85.3743896484375,170.5813446044922,61.93879318237305,106.51907348632812,28.51167869567871,35.19126510620117,218.39837646484375,41.06642532348633,58.036415100097656
2019-03-13,43.33860397338867,69.09867095947266,84.54049682617188,24.704069137573242,49.85145568847656,52.72903823852539,91.69705200195312,65.73643493652344,59.46155548095703,167.37965393066406,114.67110443115234,85.6615982055664,172.02008056640625,62.22089767456055,107.34407043457031,28.702980041503906,35.65398025512695,224.05638122558594,41.28975296020508,58.551490783691406
2019-03-14,43.82036590576172,69.41508483886719,84.31099700927734,24.84744644165039,50.21173095703125,52.470672607421875,91.64556121826172,66.56768798828125,59.137725830078125,167.5662841796875,113.52775573730469,86.44114685058594,168.844970703125,62.55870056152344,107.42845153808594,28.142728805541992,35.60440444946289,224.96237182617188,41.64542007446289,58.355621337890625
2019-03-15,44.390377044677734,70.1884994506836,85.61799621582031,24.712505340576172,51.0576171875,52.91694259643555,92.16778564453125,65.9442367553711,59.02714538574219,168.2366943359375,113.18231201171875,87.4340591430664,164.6876220703125,62.62010955810547,108.66595458984375,28.54583740234375,35.02599334716797,223.3013916015625,41.901832580566406,58.14521789550781
2019-03-18,44.843544006347656,69.28321838378906,87.10749816894531,25.151081085205078,51.637176513671875,52.93259048461914,92.58702850341797,68.2227783203125,58.94035720825195,171.80914306640625,112.8285903930664,87.95924377441406,159.2205047607422,62.45121765136719,110.22222137451172,28.566333770751953,35.82749557495117,226.4990692138672,42.786834716796875,58.81989669799805
2019-03-19,44.48816680908203,70.27635955810547,88.09249877929688,25.0076961517334,51.4022102355957,52.72903823852539,92.14570617675781,68.93529510498047,59.630157470703125,170.66360473632812,113.8731918334961,87.63921356201172,160.31198120117188,62.88113784790039,110.2972183227539,28.9011173248291,35.73659133911133,228.39097595214844,42.522159576416016,58.66754913330078
2019-03-20,44.87693786621094,70.25880432128906,89.8635025024414,24.155839920043945,50.36054229736328,52.87778854370117,91.7117691040039,71.16929626464844,60.81882858276367,164.89337158203125,112.92729187011719,85.76826477050781,164.1518096923828,63.01163101196289,110.17535400390625,28.81230354309082,36.59593200683594,222.50198364257812,41.68675994873047,58.994014739990234
2019-03-21,46.5297737121582,70.3642807006836,90.96299743652344,23.767858505249023,50.055091857910156,53.347537994384766,92.57231903076172,71.89668273925781,61.29985046386719,165.11395263671875,113.59358215332031,84.41427612304688,164.7868194580078,63.67951202392578,112.70660400390625,28.935283660888672,36.5380973815918,223.85214233398438,41.240135192871094,59.33498001098633
2019-03-22,45.566219329833984,68.52740478515625,88.2385025024414,22.781051635742188,47.760284423828125,51.7269172668457,90.53492736816406,69.52906036376953,59.88753128051758,160.3450469970703,112.61473083496094,81.86225891113281,163.0603790283203,63.172855377197266,109.73472595214844,28.593664169311523,35.09210205078125,219.47314453125,39.95809555053711,58.3846321105957
2019-03-25,45.01527786254883,68.75590515136719,88.71299743652344,22.637670516967773,47.25120162963867,52.50982666015625,90.38783264160156,68.861083984375,59.378238677978516,159.96316528320312,112.36797332763672,81.18115997314453,164.9951934814453,63.21889877319336,110.30659484863281,28.621000289916992,35.09210205078125,219.26885986328125,39.767860412597656,57.978370666503906
2019-03-26,44.55017852783203,69.43264770507812,89.18800354003906,22.94973373413086,47.9482536315918,53.676353454589844,91.29986572265625,70.33804321289062,59.00432586669922,161.81304931640625,113.98016357421875,81.9935302734375,166.37435913085938,63.65647888183594,110.54095458984375,28.983108520507812,35.571346282958984,216.18667602539062,40.537071228027344,58.73285675048828
2019-03-27,44.95087814331055,69.19535064697266,88.28500366210938,22.79791831970215,47.56447982788086,53.1674690246582,90.31425476074219,70.20447540283203,58.41767883300781,161.25303649902344,114.08708953857422,81.71455383300781,164.57847595214844,63.172855377197266,109.47222137451172,28.70981788635254,35.265628814697266,214.69448852539062,40.33856964111328,58.283042907714844
2019-03-28,45.010498046875,69.81934356689453,88.6709976196289,23.05094337463379,48.543495178222656,52.75252151489258,90.48343658447266,70.6868896484375,58.133026123046875,162.22886657714844,114.23516845703125,82.6418228149414,164.260986328125,63.4338493347168,109.62220001220703,28.894296646118164,36.04232406616211,215.15631103515625,40.60324478149414,58.57323455810547
2019-03-29,45.30385971069336,70.25880432128906,89.0374984741211,23.27023696899414,48.73146057128906,52.25144958496094,90.60111999511719,70.64234924316406,58.36214065551758,162.91619873046875,114.98369598388672,83.06854248046875,165.39210510253906,63.84841537475586,110.56907653808594,29.017269134521484,36.00101089477539,219.62411499023438,39.96636199951172,58.61677169799805
2019-04-01,45.611534118652344,70.0127182006836,90.70950317382812,24.071500778198242,50.40753936767578,52.995208740234375,91.8956527709961,71.9486083984375,59.45758056640625,166.9468994140625,114.31739044189453,85.86671447753906,167.3864288330078,63.94821548461914,111.58157348632812,29.270076751708984,36.98428726196289,218.09634399414062,40.37165832519531,59.29145050048828
2019-04-02,46.27457046508789,69.97756958007812,90.6989974975586,24.34983253479004,50.45454025268555,51.94612503051758,91.88829803466797,71.28805541992188,59.782894134521484,167.59182739257812,113.27278137207031,86.27703857421875,172.84361267089844,63.87909698486328,111.7409896850586,29.317893981933594,36.76118469238281,217.09268188476562,39.87538146972656,59.03752899169922
2019-04-03,46.59177017211914,69.87208557128906,91.03500366210938,24.324525833129883,50.95579147338867,51.288475036621094,91.12332916259766,69.71460723876953,60.04423904418945,170.44296264648438,112.8285903930664,86.44937133789062,172.18873596191406,63.856075286865234,112.47222900390625,29.270076751708984,36.01753234863281,218.3628692626953,40.41301345825195,58.68930435180664
2019-04-04,46.67287063598633,69.09867095947266,90.94300079345703,24.585988998413086,51.55103302001953,51.01445007324219,91.79267120361328,69.52164459228516,60.47269058227539,171.6055145263672,111.51253509521484,87.28451538085938,174.64942932128906,62.83504104614258,111.90033721923828,29.20174217224121,36.438941955566406,219.73956298828125,40.66941452026367,59.523590087890625
2019-04-05,46.98531723022461,69.43264770507812,91.86399841308594,24.526945114135742,51.33957290649414,51.76606369018555,92.98420715332031,73.20292663574219,60.07596969604492,171.73280334472656,112.01426696777344,87.07778930664062,174.35177612304688,62.29766845703125,112.39720916748047,29.3725643157959,37.18259811401367,220.9742431640625,40.34684753417969,59.8427734375
2019-04-08,47.724674224853516,69.01078033447266,92.49299621582031,24.602859497070312,51.7468376159668,52.10271072387695,93.1754379272461,73.83380126953125,59.91877746582031,171.86854553222656,111.98136138916016,87.3589096069336,173.56793212890625,62.14414978027344,112.43470001220703,29.475048065185547,38.149330139160156,220.94757080078125,40.42954635620117,60.2127799987793
2019-04-09,47.58157730102539,69.14261627197266,91.79199981689453,24.366701126098633,51.0654411315918,51.437225341796875,92.33695220947266,73.15839385986328,59.64155960083008,170.2393341064453,111.51253509521484,86.71395111083984,176.19728088378906,62.02898406982422,111.82532501220703,29.270076751708984,37.661827087402344,220.98309326171875,39.81748580932617,59.436546325683594
2019-04-10,47.84870910644531,69.40626525878906,92.36650085449219,24.51851463317871,51.316070556640625,52.431522369384766,92.30017852783203,73.27716064453125,59.82802200317383,172.24191284179688,111.52076721191406,87.10257720947266,176.4354248046875,62.04436492919922,112.67847442626953,29.194923400878906,37.63703918457031,218.5316162109375,39.527984619140625,59.168113708496094
2019-04-11,47.45038604736328,69.00199890136719,92.20349884033203,24.51851463317871,51.621524810791016,51.96178436279297,92.66793060302734,73.27716064453125,59.983734130859375,172.1146697998047,111.21643829345703,87.83853149414062,176.12783813476562,61.292015075683594,112.80970764160156,28.88062286376953,37.438743591308594,209.1074676513672,39.48664093017578,59.45104217529297
2019-04-12,47.43131637573242,68.8431396484375,92.15299987792969,25.4462833404541,52.804168701171875,52.744686126708984,88.08566284179688,78.16081237792969,60.63534927368164,176.36593627929688,111.84976196289062,91.95632934570312,177.7054901123047,60.97727966308594,113.39098358154297,28.498003005981445,37.71968078613281,198.2710418701172,38.45273971557617,58.703819274902344
2019-04-15,47.517173767089844,68.39305877685547,92.24349975585938,25.167957305908203,52.772850036621094,51.938297271728516,88.36515808105469,75.95188903808594,60.823787689208984,169.6368865966797,112.29393768310547,90.90621185302734,178.25115966796875,60.28634262084961,113.4847412109375,28.757638931274414,38.339385986328125,204.47088623046875,38.68433380126953,58.5079460144043
2019-04-16,47.52195358276367,67.40467071533203,93.1520004272461,25.20169448852539,54.2844352722168,51.546844482421875,89.12274932861328,76.12291717529297,61.0905876159668,171.27455139160156,113.52775573730469,91.86536407470703,177.4772491455078,59.54169464111328,113.22224426269531,27.958248138427734,39.116085052490234,196.2636260986328,39.412200927734375,58.906951904296875
2019-04-17,48.447349548339844,64.3159408569336,93.24099731445312,25.328203201293945,55.09899139404297,51.49986267089844,88.46075439453125,75.74361419677734,61.498714447021484,176.41685485839844,113.93903350830078,94.5113754272461,177.3879852294922,56.74729919433594,114.15973663330078,27.247676849365234,39.173927307128906,192.60415649414062,39.32948684692383,59.07381820678711
2019-04-18,48.6214485168457,65.23375701904297,93.08450317382812,25.328203201293945,54.566402435302734,51.59381866455078,88.15921783447266,77.25343322753906,61.564666748046875,174.7282257080078,113.11647033691406,93.81678009033203,176.89186096191406,56.18689727783203,115.65972900390625,26.906055450439453,37.645320892333984,196.96533203125,39.35430145263672,58.856170654296875
2019-04-22,48.78124237060547,65.75443267822266,94.3655014038086,25.345075607299805,54.112144470214844,52.4236946105957,89.65967559814453,79.6334228515625,62.17413330078125,173.61660766601562,113.3714828491211,93.93254089355469,180.02725219726562,56.39419174194336,116.02535247802734,26.63276481628418,37.88493347167969,201.72630310058594,39.08961486816406,60.14023208618164
2019-04-23,49.48482894897461,67.15757751464844,96.1884994506836,25.3619441986084,54.19829177856445,52.024410247802734,89.74790954589844,79.28387451171875,63.008731842041016,173.22625732421875,115.07415771484375,94.0483169555664,182.34902954101562,57.26933670043945,117.60034942626953,26.933385848999023,37.91798400878906,204.80841064453125,39.16405487060547,60.48844528198242
2019-04-24,49.40851974487305,67.7312240600586,95.0875015258789,25.319774627685547,53.90850067138672,50.654319763183594,86.9970932006836,77.30550384521484,62.48605728149414,170.17140197753906,114.49835968017578,93.89118194580078,181.1583709716797,57.369136810302734,117.19723510742188,26.89922523498535,36.55461502075195,204.60414123535156,39.27157974243164,59.313209533691406
2019-04-25,48.960140228271484,68.93138122558594,95.11250305175781,25.370380401611328,53.8301887512207,50.08279800415039,86.71761322021484,75.92213439941406,62.84756088256836,170.9011993408203,114.86851501464844,93.94081115722656,191.7552032470703,58.60512924194336,121.0784683227539,27.063207626342773,35.77791976928711,204.99496459960938,39.29640197753906,59.64691162109375
2019-04-26,48.72639465332031,69.32849884033203,97.53150177001953,25.598106384277344,54.441104888916016,49.15113067626953,86.12918853759766,72.7983627319336,63.347434997558594,172.3267822265625,115.47721862792969,94.65193176269531,189.99899291992188,58.82773971557617,121.77224731445312,27.30916976928711,35.77791976928711,210.51089477539062,39.66859817504883,58.39188003540039
2019-04-29,48.800331115722656,69.07257843017578,96.92150115966797,25.952342987060547,55.63157272338867,49.049346923828125,86.585205078125,72.14387512207031,64.27873229980469,175.5852813720703,115.02477264404297,96.01624298095703,193.26336669921875,58.9428825378418,121.65975189208984,27.049535751342773,35.88533401489258,210.9105682373047,39.925010681152344,58.0146484375
2019-04-30,47.86063003540039,70.21098327636719,96.32599639892578,25.79209327697754,55.37310028076172,49.41731643676758,88.30631256103516,71.43730926513672,59.45659637451172,174.73670959472656,116.14344787597656,95.9583740234375,191.89410400390625,60.42451477050781,122.4378890991211,27.746442794799805,35.265628814697266,207.02011108398438,40.04080581665039,58.23952865600586
2019-05-01,50.20988845825195,69.48738098144531,95.57599639892578,25.522199630737305,54.79353713989258,49.06502151489258,86.65140533447266,68.34329986572266,58.18510055541992,173.72691345214844,116.76033782958984,95.22247314453125,191.52699279785156,60.43220520019531,119.88786315917969,27.85576820373535,34.18319320678711,206.02529907226562,39.89192581176758,57.0715446472168
2019-05-02,49.88314437866211,69.52266693115234,95.04100036621094,25.724620819091797,55.106834411621094,47.984596252441406,85.599609375,66.32030487060547,57.847389221191406,173.94754028320312,116.2092514038086,95.4291763305664,191.03089904785156,61.04634475708008,118.32221984863281,28.019737243652344,33.976619720458984,206.46939086914062,39.94981384277344,56.07041549682617
2019-05-03,50.50325012207031,69.4432373046875,98.12300109863281,25.9017391204834,55.70589065551758,48.54828643798828,86.25419616699219,67.60698699951172,58.98994827270508,176.0944061279297,116.80973815917969,96.01624298095703,193.947998046875,61.41484451293945,120.8441162109375,28.279376983642578,34.108829498291016,206.02529907226562,40.239315032958984,56.20100021362305
2019-05-06,49.72332763671875,69.77857971191406,97.52749633789062,25.699312210083008,55.50094985961914,48.44651412963867,87.08534240722656,67.8598403930664,59.1838493347168,175.16943359375,116.87554168701172,95.16458892822266,192.37039184570312,61.01565933227539,120.14098358154297,28.457012176513672,34.075775146484375,213.61964416503906,40.05734634399414,55.95435333251953
2019-05-07,48.38294982910156,67.87240600585938,96.05000305175781,25.235427856445312,53.72737121582031,47.757545471191406,86.98973083496094,68.26148986816406,58.4598388671875,171.94491577148438,115.13172912597656,93.61005401611328,188.2923583984375,59.80270004272461,117.67534637451172,27.896757125854492,33.54696273803711,211.44351196289062,39.015174865722656,55.65690612792969
2019-05-08,48.392486572265625,67.26348114013672,95.88849639892578,25.13421630859375,53.77466583251953,48.094200134277344,86.42339324951172,69.93489837646484,58.059146881103516,170.51931762695312,114.98369598388672,93.11395263671875,188.0641632080078,60.017662048339844,117.66596221923828,27.978748321533203,33.274288177490234,212.42054748535156,38.874568939208984,55.74396514892578
2019-05-09,47.87254333496094,67.4399642944336,94.99349975585938,25.058307647705078,53.30958938598633,48.180320739746094,89.13745880126953,70.09111785888672,57.9197883605957,171.09637451171875,114.11175537109375,93.0395278930664,187.1810760498047,60.1328125,117.6566162109375,28.013214111328125,33.274288177490234,211.37246704101562,39.033233642578125,55.69317626953125
2019-05-10,47.209346771240234,67.46644592285156,94.4990005493164,24.948659896850586,53.522422790527344,48.71928787231445,89.72586059570312,70.6563491821289,57.90342712402344,171.4527587890625,114.37498474121094,93.03126525878906,186.87350463867188,60.02534103393555,119.18473052978516,28.068363189697266,32.68762969970703,213.69961547851562,39.375640869140625,56.17747116088867
2019-05-13,44.465553283691406,66.62805938720703,91.13400268554688,23.826902389526367,50.74776840209961,48.1449089050293,88.58582305908203,69.54072570800781,56.36365509033203,165.44488525390625,112.85327911376953,90.50102233886719,180.12643432617188,59.242286682128906,115.64098358154297,27.96495819091797,31.53084373474121,212.77589416503906,38.69084167480469,55.55377197265625
2019-05-14,45.169471740722656,67.0958023071289,92.00599670410156,24.138973236083984,51.44144058227539,49.03400802612305,89.46842193603516,70.16551208496094,55.78196334838867,166.55653381347656,112.54074096679688,91.22038269042969,179.32275390625,59.434207916259766,116.93474578857422,28.02700424194336,32.224910736083984,210.00457763671875,38.824462890625,55.62714385986328
2019-05-15,45.7105598449707,67.51941680908203,93.55750274658203,23.860639572143555,51.134029388427734,48.81370544433594,89.83619689941406,70.18035888671875,58.06013107299805,166.65834045410156,112.61473083496094,90.87313842773438,184.81964111328125,59.534019470214844,118.5814208984375,28.3647518157959,32.497581481933594,209.6936492919922,38.28163146972656,56.03807830810547
2019-05-16,45.50945281982422,67.59881591796875,95.37850189208984,24.11367416381836,52.00898742675781,49.230709075927734,89.72477722167969,70.79023742675781,58.7395133972168,168.98338317871094,113.68405151367188,92.03901672363281,185.5340118408203,60.7469482421875,121.31966400146484,28.702512741088867,32.93553161621094,210.32432556152344,38.33174514770508,56.03073501586914
2019-05-17,45.25087356567383,67.0428466796875,93.44999694824219,23.953414916992188,51.29167175292969,48.86091613769531,89.51680755615234,69.18373107910156,57.9599609375,167.5323944091797,114.01306915283203,91.59249114990234,183.857177734375,60.43220520019531,120.51045227050781,28.5853328704834,32.24143600463867,214.40135192871094,38.16472244262695,55.70054626464844
2019-05-20,43.83588790893555,66.86634826660156,92.94850158691406,23.953414916992188,51.204959869384766,49.13629150390625,89.75450134277344,69.67462158203125,56.763851165771484,167.3711700439453,113.85678100585938,92.07208251953125,181.29727172851562,60.5550537109375,118.7696304321289,28.66805076599121,32.32406234741211,218.49607849121094,37.95594024658203,55.69318389892578
2019-05-21,44.67625427246094,67.0958023071289,92.8759994506836,24.19801139831543,52.08781051635742,50.05686950683594,90.12586212158203,71.12491607666016,57.24884033203125,168.95799255371094,113.61001586914062,92.38629913330078,183.38095092773438,61.0309944152832,119.40950012207031,28.723190307617188,32.6380500793457,222.004638671875,38.69084167480469,55.950008392333984
2019-05-22,43.76165771484375,67.29876708984375,92.98400115966797,24.029321670532227,50.96849060058594,49.608367919921875,89.553955078125,69.10192108154297,57.318756103515625,165.91159057617188,114.13643646240234,91.63382720947266,183.8770294189453,62.16718292236328,120.1340560913086,28.943769454956055,31.679563522338867,221.47164916992188,38.49877166748047,55.443721771240234
2019-05-23,43.014671325683594,66.74281311035156,90.77400207519531,23.413623809814453,50.369407653808594,46.81520462036133,87.54851531982422,66.08228302001953,56.797569274902344,162.89923095703125,114.98369598388672,89.83126831054688,179.46168518066406,62.1978874206543,118.73200988769531,28.89551544189453,30.97722625732422,218.94908142089844,38.04780578613281,54.14493179321289
2019-05-24,42.849464416503906,67.93417358398438,91.16400146484375,23.767858505249023,50.75564956665039,47.11418914794922,88.17241668701172,64.82534790039062,56.463829040527344,163.7732391357422,114.99195861816406,90.71600341796875,179.6501922607422,62.31304931640625,118.78844451904297,28.916196823120117,30.572351455688477,219.95278930664062,38.557228088378906,54.372398376464844
2019-05-28,42.67229461669922,66.81338500976562,91.82150268554688,23.531700134277344,50.28270721435547,47.24795150756836,87.87532043457031,64.78819274902344,56.51094055175781,160.7523651123047,113.517822265625,89.73204040527344,182.87490844726562,61.61445617675781,118.71318817138672,28.88173484802246,30.159212112426758,215.0052947998047,38.07286071777344,53.27907180786133
2019-05-29,42.46879959106445,66.77808380126953,90.95950317382812,23.40518569946289,50.21964645385742,47.31877136230469,86.73146057128906,64.28240966796875,55.53798294067383,160.29205322265625,108.76407623291016,89.48397064208984,180.77142333984375,60.92353057861328,117.56519317626953,28.757658004760742,29.894811630249023,215.30734252929688,37.980995178222656,52.948890686035156
2019-05-30,42.689056396484375,67.52823638916016,90.81600189208984,22.90756607055664,50.14081954956055,46.3824577331543,85.69904327392578,62.44535446166992,55.610877990722656,159.71241760253906,109.4100570678711,88.52478790283203,181.58502197265625,61.1692008972168,118.30856323242188,28.88173484802246,29.06852912902832,216.28436279296875,37.62189865112305,52.809478759765625
2019-05-31,41.915714263916016,67.18407440185547,88.75350189208984,22.435243606567383,48.9899787902832,46.390323638916016,84.56262969970703,60.898345947265625,54.87148666381836,155.552734375,108.61499786376953,87.61524963378906,176.08815002441406,60.80835723876953,116.37957763671875,28.619796752929688,28.663644790649414,214.7743682861328,37.05402374267578,51.92893981933594
2019-06-03,41.4919319152832,66.81338500976562,84.6344985961914,22.502714157104492,49.35256576538086,46.752262115478516,86.1521224975586,61.694149017333984,51.511260986328125,156.14944458007812,108.85517120361328,88.0286636352539,162.87185668945312,61.61445617675781,112.76620483398438,28.89551544189453,29.324668884277344,210.12001037597656,37.179283142089844,52.74342727661133
2019-06-04,43.00987243652344,68.35777282714844,86.47799682617188,23.548568725585938,51.93015670776367,46.50047302246094,87.12513732910156,62.6833381652832,52.29230499267578,161.85194396972656,110.75170135498047,90.7408218383789,166.19578552246094,62.243953704833984,115.89026641845703,29.10920524597168,29.944856643676758,213.85061645507812,38.14801788330078,53.9981689453125
2019-06-05,43.70420455932617,69.4432373046875,86.92500305175781,23.54014015197754,51.85133361816406,44.911128997802734,87.38508605957031,61.00990295410156,51.803836822509766,160.62449645996094,111.2900161743164,91.06327819824219,166.86056518554688,62.712223052978516,118.40266418457031,29.281530380249023,29.282764434814453,215.635986328125,38.298343658447266,53.55058288574219
2019-06-06,44.345848083496094,70.67872619628906,87.71800231933594,23.641895294189453,52.39522933959961,45.79234313964844,89.6356430053711,62.6759147644043,51.95856475830078,161.79220581054688,113.19480895996094,91.26175689697266,167.0193328857422,62.52031326293945,120.27518463134766,29.4400691986084,29.374958038330078,214.7921600341797,38.34844970703125,54.52650833129883
2019-06-07,45.52619934082031,71.25233459472656,90.20149993896484,23.34510040283203,51.780391693115234,46.390323638916016,90.22985076904297,62.921348571777344,52.980613708496094,161.79220581054688,114.7435073852539,90.2612533569336,172.000244140625,63.30336380004883,123.64386749267578,29.584815979003906,29.835905075073242,219.18893432617188,38.10626220703125,54.7246208190918
2019-06-10,46.10800552368164,71.72005462646484,93.03150177001953,23.80301284790039,52.9076042175293,46.626373291015625,90.83149719238281,63.36760711669922,53.69422149658203,165.46609497070312,115.13273620605469,91.2369384765625,173.4587860107422,63.31869888305664,124.77301788330078,29.688215255737305,29.72695541381836,220.40579223632812,38.64073944091797,54.96675109863281
2019-06-11,46.64191436767578,71.58768463134766,93.18499755859375,23.947172164916992,53.50665283203125,46.2093505859375,89.99960327148438,64.33446502685547,53.608924865722656,165.9860076904297,115.76214599609375,91.5180892944336,176.7132568359375,63.70255661010742,124.30254364013672,29.41248893737793,30.749418258666992,218.3895263671875,38.632381439208984,54.9153938293457
2019-06-12,46.493473052978516,72.32015228271484,92.76599884033203,23.701255798339844,52.66322708129883,46.067726135253906,89.27168273925781,63.241172790527344,53.51272201538086,162.14173889160156,117.335693359375,90.35218811035156,173.6770782470703,64.26295471191406,123.7285385131836,29.69510269165039,29.819143295288086,217.17263793945312,37.50497817993164,54.32102584838867
2019-06-13,46.48390197753906,72.62020111083984,93.51499938964844,23.69277572631836,52.87606430053711,46.46901321411133,89.80647277832031,64.32704162597656,54.103336334228516,163.19017028808594,116.5323486328125,90.57544708251953,176.08815002441406,63.64113998413086,124.50960540771484,29.295316696166992,30.83321762084961,217.58120727539062,37.82233428955078,54.79799270629883
2019-06-14,46.14630889892578,72.55842590332031,93.4834976196289,23.77757453918457,53.19135665893555,46.280174255371094,89.73221588134766,63.34528350830078,53.8697624206543,163.36917114257812,116.01887512207031,90.80696105957031,179.91812133789062,63.973445892333984,124.63189697265625,29.474531173706055,30.112468719482422,218.91050720214844,38.07286071777344,54.55584716796875
2019-06-17,46.421653747558594,72.40841674804688,94.30149841308594,23.684293746948242,52.45038986206055,46.42966079711914,90.16300964355469,63.568424224853516,54.246158599853516,162.66168212890625,115.4805679321289,90.31085968017578,187.5382843017578,64.37530517578125,125.00829315185547,29.5572452545166,30.724275588989258,219.44583129882812,37.80562210083008,55.098819732666016
2019-06-18,47.51342010498047,73.61741638183594,95.06849670410156,24.269407272338867,53.58549499511719,47.074859619140625,91.30684661865234,65.6732177734375,54.80900192260742,166.19912719726562,116.13480377197266,91.54289245605469,187.00250244140625,65.29495239257812,127.18192291259766,29.688215255737305,30.950559616088867,219.20498657226562,38.49877166748047,55.57577133178711
2019-06-19,47.374549865722656,74.42048645019531,95.43949890136719,24.015005111694336,53.278079986572266,46.93323516845703,91.27713775634766,65.93354797363281,54.77280044555664,166.76171875,116.31703186035156,90.88138580322266,186.0202178955078,65.96731567382812,127.68064880371094,29.984615325927734,30.598562240600586,223.21080017089844,38.12297439575195,55.26759719848633
2019-06-20,47.75523376464844,74.95880126953125,95.90950012207031,23.972614288330078,53.68008041381836,47.75938034057617,92.30956268310547,68.01602935791016,55.203739166259766,166.81280517578125,117.77462005615234,91.11289978027344,188.0542449951172,65.37995910644531,128.8662567138672,30.053537368774414,32.05683517456055,221.0428009033203,38.298343658447266,56.21416473388672
2019-06-21,47.592430114746094,75.01173400878906,95.56500244140625,23.845415115356445,53.577598571777344,47.46826171875,92.7923583984375,68.7002944946289,55.807254791259766,167.0174102783203,117.67524719238281,90.49278259277344,189.65170288085938,65.35677337646484,128.8851318359375,30.10179328918457,32.584835052490234,225.07540893554688,39.158512115478516,57.00663375854492
2019-06-24,47.5445442199707,74.75582885742188,95.69499969482422,23.72669792175293,53.13617706298828,47.61774444580078,92.77749633789062,67.3541030883789,55.37730407714844,168.338623046875,118.47855377197266,89.8478012084961,191.10035705566406,66.08322143554688,129.6472930908203,30.16383934020996,32.3920783996582,222.72007751464844,38.64073944091797,56.46364212036133
2019-06-25,46.823875427246094,74.3410415649414,93.91349792480469,23.54014015197754,52.45038986206055,47.02764129638672,91.83419799804688,66.96739196777344,53.93324279785156,167.11968994140625,119.45579528808594,89.10362243652344,187.36959838867188,65.87454986572266,125.55406951904297,30.16383934020996,32.33340835571289,220.95362854003906,38.53217315673828,55.96468734741211
2019-06-26,47.83663558959961,73.21146392822266,94.8915023803711,23.667335510253906,52.986412048339844,49.37234115600586,92.04961395263672,69.23579406738281,53.57321548461914,167.9294891357422,117.47651672363281,89.69896697998047,186.1988067626953,64.56077575683594,126.0245132446289,29.633073806762695,32.70216369628906,217.21539306640625,38.24823760986328,56.206825256347656
2019-06-27,47.822261810302734,73.85569763183594,95.21399688720703,23.921730041503906,53.719478607177734,48.207862854003906,91.44053649902344,68.50691223144531,53.39023208618164,169.89849853515625,116.51580047607422,89.99665069580078,188.0244598388672,64.78490447998047,126.23157501220703,29.93636703491211,32.77758026123047,219.77590942382812,38.65742874145508,55.63447570800781
2019-06-28,47.386512756347656,74.21749114990234,94.68150329589844,24.591644287109375,55.2014045715332,47.99541473388672,92.42839813232422,69.287841796875,53.696197509765625,174.39910888671875,115.34806823730469,92.44418334960938,191.49722290039062,64.80035400390625,126.05280303955078,29.860532760620117,33.30559158325195,217.6971435546875,39.517608642578125,56.22884750366211
2019-07-01,48.255615234375,74.56169128417969,96.1094970703125,24.947792053222656,55.76106643676758,48.97893142700195,92.72549438476562,69.23579406738281,54.54916000366211,176.32553100585938,115.41431427001953,93.99871063232422,191.49722290039062,65.49588775634766,127.67123413085938,30.17072868347168,32.953590393066406,216.4749298095703,39.82659912109375,56.17747116088867
2019-07-02,48.53814697265625,74.9676284790039,96.71549987792969,24.718839645385742,55.524593353271484,47.28728485107422,91.30684661865234,65.12285614013672,55.173988342285156,175.57542419433594,115.96920776367188,94.09791564941406,193.48165893554688,66.08322143554688,128.51808166503906,30.48090934753418,32.83625793457031,217.66146850585938,39.44244384765625,55.56111145019531
2019-07-03,48.94037628173828,75.5765380859375,96.94999694824219,24.634037017822266,55.8477783203125,47.60201644897461,91.61878967285156,64.8551025390625,55.68923568725586,175.6265411376953,117.71663665771484,93.94802856445312,195.6645050048828,67.15742492675781,129.34619140625,30.60498809814453,33.09606170654297,218.7677764892578,39.80154800415039,56.089420318603516
2019-07-05,48.89727783203125,75.38239288330078,97.14550018310547,24.812116622924805,56.28130340576172,47.12993240356445,91.75991821289062,65.8740463256836,56.16926574707031,177.2119903564453,116.41641998291016,94.5059585571289,194.87075805664062,66.15278625488281,128.9697723388672,30.274118423461914,33.163116455078125,220.35589599609375,39.893402099609375,55.86195373535156
2019-07-08,47.889312744140625,75.09117889404297,97.61599731445312,24.761240005493164,56.06849670410156,47.12206268310547,91.80448150634766,67.04916381835938,55.38177490234375,175.37937927246094,116.7476806640625,93.98966217041016,194.23573303222656,64.94719696044922,128.8756561279297,29.846757888793945,33.43128967285156,221.1141815185547,39.69297409057617,56.118778228759766
2019-07-09,48.181400299072266,75.25003814697266,99.41500091552734,24.888437271118164,56.40742111206055,47.12206268310547,91.61878967285156,66.30542755126953,55.753692626953125,177.10122680664062,117.11207580566406,94.38937377929688,197.65890502929688,65.58089447021484,128.40516662597656,29.895002365112305,33.691104888916016,219.47256469726562,39.943519592285156,56.08208084106445
2019-07-10,48.65785598754883,75.34708404541016,100.87049865722656,24.60860252380371,56.06849670410156,48.160640716552734,93.17117309570312,67.42849731445312,56.577884674072266,175.56689453125,116.94644165039062,94.11456298828125,201.15147399902344,65.54997253417969,129.71316528320312,30.370624542236328,34.0430908203125,220.7930145263672,39.375640869140625,56.874568939208984
2019-07-11,48.30351638793945,75.69126892089844,100.05349731445312,24.89691734313965,56.44684982299805,48.35736083984375,93.16374206542969,67.56236267089844,56.73508834838867,180.15277099609375,116.03543090820312,95.01393127441406,199.6631317138672,62.597835540771484,130.23068237304688,29.626171112060547,34.33643341064453,232.9977569580078,39.367286682128906,56.91858673095703
2019-07-12,48.674617767333984,74.33602142333984,100.55000305175781,24.973236083984375,56.57295608520508,48.5933952331543,93.5722427368164,67.60698699951172,56.797569274902344,182.3604736328125,111.22374725341797,96.01318359375,203.27481079101562,61.616371154785156,130.70118713378906,29.226377487182617,34.202335357666016,237.2266845703125,39.55101776123047,56.962615966796875
2019-07-15,49.13190841674805,74.23856353759766,101.04949951171875,24.778200149536133,56.52568817138672,47.72004318237305,93.3791275024414,66.0079345703125,57.0539436340332,180.34877014160156,111.56332397460938,94.84737396240234,202.322265625,62.566917419433594,130.70118713378906,29.467632293701172,33.91739273071289,237.28024291992188,39.008182525634766,56.55903244018555
2019-07-16,48.96192169189453,73.66278839111328,100.49500274658203,24.583162307739258,56.2182502746582,47.01190948486328,92.66609191894531,64.9170150756836,57.20024108886719,183.70721435546875,109.73306274414062,95.8633041381836,202.25282287597656,63.05377960205078,128.9886016845703,29.53656768798828,33.5821533203125,236.12042236328125,37.83067321777344,55.7151985168457
2019-07-17,48.68659210205078,75.96585845947266,99.60150146484375,24.75275993347168,55.82413864135742,47.0355110168457,92.20557403564453,63.56643295288086,56.867000579833984,181.8148956298828,109.20301055908203,94.92230224609375,200.22872924804688,63.30883026123047,128.2263946533203,29.460737228393555,32.37530517578125,237.8957977294922,37.75551223754883,55.384986877441406
2019-07-18,49.23965835571289,77.73745727539062,98.8949966430664,24.998674392700195,56.5887336730957,47.460391998291016,92.60665893554688,63.74552917480469,56.89178466796875,182.8548583984375,109.37694549560547,95.48857879638672,199.21665954589844,63.90388870239258,128.36756896972656,29.68132781982422,32.50102615356445,232.49819946289062,38.264930725097656,54.9153938293457
2019-07-19,48.50463104248047,77.498291015625,98.22599792480469,24.930831909179688,55.9029426574707,47.70948791503906,92.87406158447266,64.94683837890625,56.11371994018555,182.00244140625,107.9193344116211,94.54759216308594,196.8155059814453,62.89921569824219,128.5557403564453,29.48141860961914,32.44235610961914,228.97412109375,38.4403076171875,55.02544403076172
2019-07-22,49.613155364990234,78.01203155517578,99.28150177001953,25.074993133544922,56.0527229309082,47.796485900878906,93.0745849609375,65.07369232177734,56.49357986450195,182.41160583496094,106.53629302978516,95.15547180175781,200.74464416503906,62.760135650634766,130.25892639160156,29.515897750854492,33.09606170654297,227.78759765625,38.816104888916016,55.08416748046875
2019-07-23,50.001014709472656,78.60552978515625,99.72450256347656,25.65162467956543,56.746368408203125,47.66995620727539,93.45339965820312,65.35725402832031,56.93195724487305,187.04005432128906,106.70191955566406,96.8958740234375,200.7843475341797,63.393836975097656,131.06814575195312,29.701997756958008,33.31395721435547,227.51101684570312,39.41740417480469,55.304283142089844
2019-07-24,49.960304260253906,78.47265625,100.04049682617188,26.007776260375977,57.55040740966797,47.51179885864258,93.9881820678711,65.42440795898438,56.519371032714844,189.25631713867188,107.48043823242188,97.28724670410156,203.0664520263672,63.17744064331055,132.4137420654297,29.564146041870117,33.800052642822266,224.04945373535156,40.46127700805664,55.29695129394531
2019-07-25,49.56526565551758,77.95005798339844,98.69100189208984,25.727949142456055,56.27342987060547,46.689353942871094,93.3122787475586,63.775386810302734,56.331424713134766,187.5088653564453,108.59016418457031,96.35458374023438,199.14720153808594,63.17744064331055,131.9150390625,29.41248893737793,33.4815788269043,221.8814239501953,40.16065216064453,54.9814338684082
2019-07-26,49.737648010253906,77.72859191894531,97.15249633789062,26.092578887939453,56.88038635253906,46.460018157958984,91.89362335205078,62.89487838745117,61.75063705444336,189.35006713867188,108.2671890258789,96.77930450439453,198.19464111328125,62.93014907836914,132.99716186523438,29.701997756958008,33.53186798095703,225.6642608642578,41.1711311340332,54.89337921142578
2019-07-29,50.20212936401367,78.4372329711914,95.62249755859375,25.880584716796875,56.5650634765625,46.01716995239258,92.27240753173828,62.618797302246094,61.5830192565918,187.79867553710938,110.16370391845703,96.47120666503906,194.41432189941406,63.74931716918945,132.70547485351562,28.57155418395996,32.86139678955078,226.44932556152344,40.31931686401367,55.28227233886719
2019-07-30,49.98664474487305,78.22465515136719,94.92649841308594,26.194339752197266,56.52568817138672,47.0610237121582,92.35413360595703,64.21560668945312,60.896690368652344,188.7192840576172,109.38520812988281,96.2546615600586,195.50575256347656,64.35211944580078,132.0655975341797,26.738006591796875,33.146339416503906,227.43959045410156,40.54480743408203,55.28962326049805
2019-07-31,51.006587982177734,77.15283203125,93.33899688720703,26.016260147094727,56.09214401245117,46.72098159790039,91.44053649902344,64.05892944335938,60.410701751708984,187.6367645263672,107.8448257446289,96.59608459472656,192.71766662597656,64.13573455810547,128.2263946533203,26.772457122802734,33.49834442138672,222.1580047607422,40.42788314819336,54.56318664550781
2019-08-01,49.90284729003906,76.24933624267578,92.76599884033203,25.00715446472168,53.87713623046875,46.49955368041992,89.68022155761719,60.492210388183594,60.09233856201172,180.36587524414062,107.90278625488281,94.04795837402344,191.22935485839844,64.67671966552734,129.91075134277344,26.61244773864746,32.27473449707031,222.37216186523438,39.30048370361328,53.16900634765625
2019-08-02,48.847007751464844,76.0190200805664,91.16200256347656,24.91387939453125,53.694480895996094,44.656978607177734,89.67277526855469,61.52939224243164,59.3256721496582,178.4650115966797,108.54875183105469,94.03961181640625,187.5482177734375,65.27947998046875,128.81924438476562,26.438508987426758,31.361221313476562,223.08584594726562,39.617820739746094,52.648040771484375
2019-08-05,46.28996658325195,73.66278839111328,88.25650024414062,23.811492919921875,51.764625549316406,43.241416931152344,88.1947021484375,58.94763946533203,57.26421356201172,171.91012573242188,107.79513549804688,91.2416763305664,180.31497192382812,64.23619842529297,124.40607452392578,25.714927673339844,30.16275405883789,218.63392639160156,38.53217315673828,51.56940460205078
2019-08-06,47.16624450683594,75.16865539550781,89.3915023803711,24.099803924560547,52.61439514160156,42.885562896728516,88.67005920410156,58.41038513183594,58.07402038574219,175.6009521484375,108.30029296875,91.95781707763672,183.0733184814453,65.18675994873047,126.73969268798828,25.707977294921875,29.718570709228516,221.50674438476562,39.19190216064453,52.068359375
2019-08-07,47.654685974121094,74.93833923339844,89.66999816894531,23.650375366210938,51.732852935791016,42.165931701660156,88.46209716796875,57.86567687988281,58.313541412353516,175.370849609375,107.8365478515625,89.95927429199219,183.70831298828125,65.10948181152344,127.2948226928711,25.450550079345703,29.115150451660156,219.87405395507812,38.25658416748047,51.7308349609375
2019-08-08,48.70574188232422,75.78870391845703,91.64450073242188,24.065889358520508,53.003543853759766,43.54984664916992,91.52967834472656,59.962425231933594,59.815128326416016,176.44483947753906,109.05391693115234,91.48316192626953,188.67933654785156,65.48043060302734,130.69174194335938,25.652315139770508,29.509050369262695,220.91790771484375,39.1855583190918,53.11031723022461
2019-08-09,48.304378509521484,76.7276382446289,90.37899780273438,24.02349281311035,52.45557403564453,42.711585998535156,90.92803955078125,59.223724365234375,58.95771789550781,176.35963439941406,109.3520736694336,91.38323211669922,186.38735961914062,66.09095001220703,129.58145141601562,25.290523529052734,28.93914794921875,221.81898498535156,39.101097106933594,51.98030471801758
2019-08-12,48.18181610107422,74.99151611328125,89.24600219726562,23.438373565673828,51.01809310913086,42.007747650146484,90.28185272216797,58.14176940917969,58.243614196777344,171.77377319335938,109.26100158691406,89.66780090332031,183.9266357421875,65.70452117919922,127.77471160888672,24.622602462768555,28.721250534057617,216.97454833984375,38.36636734008789,51.72771453857422
2019-08-13,50.222232818603516,76.96680450439453,91.21700286865234,23.506216049194336,51.48666000366211,42.60087585449219,90.90574645996094,58.589454650878906,59.346004486083984,173.98143005371094,110.49494934082031,91.05014038085938,186.98265075683594,66.52372741699219,130.41885375976562,24.490415573120117,29.02295684814453,222.3453826904297,38.81396484375,52.36661911010742
2019-08-14,48.72737121582031,74.35372161865234,88.14800262451172,22.403831481933594,48.770565032958984,40.94808578491211,87.45195007324219,55.97785568237305,57.73532485961914,166.69349670410156,107.87793731689453,87.26958465576172,178.31072998046875,64.45257568359375,126.49140930175781,23.822490692138672,27.103740692138672,216.97454833984375,37.13337326049805,50.25679397583008
2019-08-15,48.4846305847168,74.35372161865234,88.80599975585938,22.259668350219727,48.699092864990234,40.26007843017578,86.86515045166016,55.91816329956055,57.98674011230469,167.22198486328125,108.10981750488281,87.60264587402344,181.16827392578125,64.49895477294922,126.2081298828125,23.989463806152344,26.525455474853516,217.9113006591797,36.6351203918457,49.959625244140625
2019-08-16,49.62861251831055,75.09779357910156,89.62850189208984,22.921110153198242,50.414520263671875,40.702938079833984,86.90269470214844,56.64943313598633,58.4771842956543,169.98373413085938,108.78890991210938,89.70112609863281,182.26963806152344,65.7354507446289,128.521240234375,24.107746124267578,27.42221450805664,219.19601440429688,37.48807907104492,50.73967742919922
2019-08-19,50.55390167236328,75.78870391845703,90.80599975585938,23.124624252319336,51.073692321777344,42.65623092651367,88.02827453613281,58.0596809387207,59.52997970581055,172.35336303710938,109.52600860595703,90.50888061523438,184.72039794921875,66.6087417602539,130.67379760742188,24.476490020751953,28.578771591186523,218.3217315673828,38.214359283447266,51.59400177001953
2019-08-20,50.556304931640625,74.88519287109375,90.06900024414062,22.658231735229492,50.36686325073242,41.68352508544922,87.14279174804688,57.223976135253906,58.6914176940918,170.46104431152344,108.15950775146484,89.3597183227539,182.3787841796875,66.19141387939453,129.58807373046875,24.079917907714844,28.41115951538086,214.2623748779297,37.73298645019531,51.281978607177734
2019-08-21,51.1042594909668,75.20407104492188,91.177001953125,22.836301803588867,50.23186492919922,41.62025833129883,88.45600128173828,57.619449615478516,59.090614318847656,171.0577392578125,108.92970275878906,89.60952758789062,182.1208038330078,67.16516876220703,131.03253173828125,24.260814666748047,28.235153198242188,214.431884765625,38.00322341918945,51.79458236694336
2019-08-22,51.061004638671875,74.734619140625,90.23300170898438,23.056787490844727,50.756004333496094,41.327659606933594,88.34344482421875,56.34349822998047,59.08763885498047,172.54090881347656,108.71441650390625,90.53385925292969,180.62254333496094,67.01831817626953,130.07896423339844,24.406919479370117,28.251914978027344,207.8209228515625,38.52682876586914,51.68315505981445
2019-08-23,48.700931549072266,72.5732650756836,87.48100280761719,22.446237564086914,49.199432373046875,39.872581481933594,86.429931640625,53.53788375854492,57.20619583129883,167.239013671875,105.78264617919922,88.28549194335938,176.365966796875,65.64273071289062,125.93439483642578,23.892061233520508,26.84393310546875,205.78677368164062,37.51342010498047,50.137935638427734
2019-08-26,49.6262092590332,73.62736511230469,88.44349670410156,22.70911407470703,49.81093215942383,40.62385940551758,86.85015106201172,53.91096878051758,58.07897186279297,170.1798095703125,106.63372039794922,88.9933090209961,178.95565795898438,66.369140625,127.87923431396484,24.239938735961914,26.475175857543945,206.1614990234375,37.98634719848633,50.405372619628906
2019-08-27,49.06623458862305,74.09683990478516,88.09149932861328,22.446237564086914,48.96910095214844,40.315425872802734,86.91769409179688,53.47072982788086,58.061126708984375,168.8330078125,108.16899108886719,88.05235290527344,179.88833618164062,66.09095001220703,128.15298461914062,23.892061233520508,26.190221786499023,198.8903350830078,37.79209899902344,49.915069580078125
2019-08-28,49.39549255371094,74.60173034667969,88.2125015258789,22.768461227416992,49.52504348754883,41.082515716552734,87.66809844970703,54.11989212036133,58.20642852783203,170.83615112304688,107.36798095703125,88.93502044677734,180.34475708007812,66.8328628540039,127.98307037353516,24.406919479370117,26.500320434570312,202.83372497558594,38.40015411376953,50.27907943725586
2019-08-29,50.231842041015625,75.13323974609375,89.31999969482422,23.17550277709961,50.748069763183594,41.351383209228516,88.18586730957031,55.57493209838867,59.222530364990234,174.49867248535156,107.00086212158203,90.95022583007812,184.12509155273438,67.01831817626953,130.3999786376953,24.580860137939453,27.03668975830078,205.75108337402344,39.00819778442383,50.836246490478516
2019-08-30,50.166969299316406,75.57609558105469,88.81449890136719,23.32813835144043,51.10545349121094,41.26439666748047,88.33594512939453,55.35854721069336,59.038551330566406,174.90179443359375,107.10099029541016,91.48316192626953,184.22430419921875,66.82512664794922,130.154541015625,24.73392105102539,27.179168701171875,208.76663208007812,39.329132080078125,50.8734016418457
2019-09-03,49.43635177612305,74.46000671386719,89.49199676513672,22.93806266784668,50.36686325073242,41.1536865234375,87.24785614013672,55.313751220703125,57.998146057128906,170.66455078125,107.41803741455078,90.4006118774414,180.96986389160156,66.9642105102539,128.43626403808594,25.130502700805664,27.000411987304688,205.75108337402344,38.92375183105469,50.93281936645508
2019-09-04,50.275115966796875,74.60173034667969,90.03099822998047,23.311172485351562,51.04985427856445,42.15011215209961,87.98324584960938,56.38825225830078,58.628936767578125,173.03192138671875,107.51815032958984,91.49150085449219,185.68287658691406,66.50054168701172,129.93740844726562,24.92873191833496,28.072935104370117,202.28054809570312,39.2700080871582,51.47514343261719
2019-09-05,51.2580680847168,76.0898666381836,92.03600311279297,24.002578735351562,52.68586730957031,42.26082992553711,88.27590942382812,56.41063690185547,60.112667083740234,177.59512329101562,107.28453826904297,93.57330322265625,189.41357421875,66.53916931152344,132.22213745117188,25.2835636138916,28.992250442504883,204.83216857910156,40.21586608886719,52.20317840576172
2019-09-06,51.25326156616211,76.21389770507812,91.67549896240234,23.669677734375,52.39203643798828,42.41107940673828,88.74113464355469,57.037410736083984,59.82157516479492,177.73236083984375,106.975830078125,93.77314758300781,186.03013610839844,66.90239715576172,131.32525634765625,25.394882202148438,29.111412048339844,204.30581665039062,39.81894302368164,52.693485260009766
2019-09-09,51.471961975097656,74.60173034667969,91.56749725341797,24.437902450561523,54.63161849975586,43.47075271606445,89.58908081054688,59.693817138671875,59.769508361816406,181.82376098632812,105.92451477050781,96.09646606445312,187.29025268554688,64.5066909790039,129.83352661132812,25.62448501586914,30.839374542236328,205.8046112060547,40.88302993774414,53.109500885009766
2019-09-10,52.08000564575195,73.70707702636719,91.02749633789062,25.05247688293457,54.78251647949219,44.53834915161133,91.4350357055664,59.76842498779297,59.79083251953125,184.95452880859375,108.09390258789062,97.32054138183594,184.72039794921875,63.131065368652344,128.4740753173828,26.007150650024414,31.8863582611084,207.3927001953125,40.798580169677734,53.54038619995117
2019-09-11,53.73590087890625,74.86747741699219,91.14949798583984,25.1463680267334,54.7189826965332,45.2342643737793,91.00733947753906,60.462379455566406,60.499969482421875,185.95806884765625,109.44557189941406,97.5870361328125,187.02232360839844,64.08162689208984,128.5117645263672,26.028024673461914,31.76719093322754,208.95394897460938,41.25461196899414,53.43638229370117
2019-09-12,53.61572265625,75.47868347167969,92.17749786376953,25.325613021850586,55.03664779663086,44.562068939208984,91.11236572265625,59.45503616333008,61.242340087890625,187.62208557128906,108.82811737060547,98.18659973144531,186.01028442382812,64.38301849365234,129.83352661132812,25.937572479248047,31.409683227539062,205.28713989257812,41.08572006225586,53.47352600097656
2019-09-13,52.57268142700195,74.64602661132812,91.96700286865234,25.752403259277344,55.90229415893555,45.344970703125,91.1723861694336,59.2386474609375,61.493263244628906,188.61708068847656,109.12015533447266,100.11849975585938,185.7324981689453,64.266357421875,129.6447296142578,25.680143356323242,31.775712966918945,209.4015350341797,41.313716888427734,53.96384048461914
2019-09-16,52.849063873291016,73.8399429321289,90.39199829101562,25.718265533447266,55.45756149291992,49.44927215576172,93.138427734375,63.902217864990234,61.07670593261719,186.3183135986328,108.0855484008789,99.22752380371094,184.77001953125,63.81513977050781,128.7100372314453,25.62448501586914,33.46111297607422,210.13653564453125,41.36441421508789,54.773590087890625
2019-09-17,53.04133605957031,74.03483581542969,91.12750244140625,25.556093215942383,55.17959976196289,48.41332244873047,92.9658432006836,60.6041259765625,60.98992156982422,185.1947021484375,108.19402313232422,98.73619079589844,186.61553955078125,64.18851470947266,129.7108154296875,25.394882202148438,32.49072265625,208.42446899414062,41.17860794067383,54.35757064819336
2019-09-18,53.5388298034668,74.08797454833984,90.87300109863281,25.6072998046875,55.66404724121094,47.45643615722656,93.18346405029297,60.67875289916992,61.12727355957031,186.19822692871094,108.81146240234375,99.72714233398438,186.6750946044922,64.58531188964844,130.77767944335938,25.31139373779297,32.37154769897461,206.71241760253906,41.322181701660156,54.0975456237793
2019-09-19,53.10381317138672,73.72479248046875,91.07499694824219,25.45365333557129,55.378150939941406,47.424808502197266,92.79325103759766,60.89513397216797,61.42978286743164,184.61143493652344,108.56112670898438,99.41069793701172,188.65951538085938,65.32435607910156,133.1851348876953,25.40184211730957,32.14171600341797,208.7202911376953,41.305294036865234,53.73354721069336
2019-09-20,52.327537536621094,74.03483581542969,89.70800018310547,25.25733757019043,55.076351165771484,48.09699249267578,93.28850555419922,60.43999099731445,60.98793029785156,183.33334350585938,109.84607696533203,99.01100158691406,188.45114135742188,66.25011444091797,131.646240234375,25.527076721191406,31.750173568725586,208.7561492919922,41.06882095336914,53.547813415527344
2019-09-23,52.56547164916992,73.66278839111328,89.26499938964844,25.197586059570312,55.235191345214844,47.59086608886719,93.7237548828125,59.790802001953125,61.228450775146484,183.09324645996094,109.92117309570312,98.99433898925781,185.36534118652344,65.62775421142578,131.36297607421875,25.213993072509766,31.775712966918945,205.06309509277344,41.34751510620117,53.5849609375
2019-09-24,52.31553649902344,73.02503204345703,87.08049774169922,24.7025089263916,53.92478942871094,46.89495849609375,92.85330963134766,58.619319915771484,60.417152404785156,178.19552612304688,109.76264190673828,97.70362091064453,179.8684844970703,65.03651428222656,129.7013702392578,25.05396842956543,30.269073486328125,201.68373107910156,41.08572006225586,52.8494873046875
2019-09-25,53.12063980102539,73.39704895019531,88.41649627685547,24.967119216918945,55.10017395019531,47.037315368652344,92.68069458007812,57.283653259277344,61.78633499145508,180.1511993408203,109.2953872680664,98.26155090332031,181.37664794921875,64.64752197265625,131.5706787109375,24.977439880371094,29.996679306030273,199.14700317382812,41.60085678100586,53.0055046081543
2019-09-26,52.84666442871094,73.21989440917969,86.99199676513672,24.86469268798828,54.8857536315918,45.61384201049805,90.1668930053711,56.03008270263672,61.60533142089844,178.5986785888672,107.50981903076172,97.45378875732422,178.70758056640625,65.25433349609375,131.74058532714844,24.893943786621094,29.40082550048828,193.15032958984375,41.27150344848633,52.723201751708984
2019-09-27,52.589515686035156,72.49352264404297,86.27249908447266,25.05247688293457,55.163719177246094,45.78782653808594,88.99626922607422,55.948028564453125,60.7950325012207,179.2419891357422,107.30123138427734,98.02838134765625,175.72100830078125,64.49971008300781,130.03175354003906,25.200069427490234,29.222074508666992,192.95310974121094,42.825416564941406,53.10208511352539
2019-09-30,53.82721710205078,74.11455535888672,86.79550170898438,24.898832321166992,54.8619270324707,45.06028366088867,88.99626922607422,55.38092041015625,60.55649948120117,177.74954223632812,107.9520263671875,98.00340270996094,176.69338989257812,65.48770904541016,131.25912475585938,24.99830436706543,29.085880279541016,194.79966735839844,42.5974006652832,52.45576477050781
2019-10-01,53.97623062133789,72.49352264404297,86.78250122070312,24.275720596313477,54.12332534790039,43.61310577392578,87.05278015136719,53.41102600097656,59.80570602416992,173.85533142089844,108.46102905273438,96.22137451171875,174.4410858154297,65.04427337646484,129.40867614746094,24.65043067932129,27.83460235595703,194.7009735107422,41.43196105957031,51.22254943847656
2019-10-02,52.62315368652344,70.44734954833984,85.6614990234375,23.763572692871094,52.622344970703125,41.96821212768555,84.26129913330078,52.08285140991211,58.41322326660156,170.04702758789062,110.13809967041016,94.30609893798828,173.24050903320312,63.49617385864258,127.12393188476562,24.142534255981445,27.034460067749023,194.28866577148438,40.9337043762207,49.885353088378906
2019-10-03,53.07017135620117,71.81147766113281,86.22100067138672,23.73796844482422,52.97176742553711,42.4348030090332,84.90664672851562,52.858856201171875,58.98400115966797,169.18069458007812,109.46226501464844,94.17179107666016,177.9832763671875,64.36750030517578,128.6627960205078,24.664350509643555,27.281314849853516,193.04275512695312,40.94215393066406,50.501956939697266
2019-10-04,54.557838439941406,72.62641906738281,86.98249816894531,24.215974807739258,54.14716720581055,42.30826187133789,85.43193054199219,52.918548583984375,60.051673889160156,172.2342529296875,111.52320098876953,96.21154022216797,179.04495239257812,66.12564086914062,130.3999786376953,24.99830436706543,27.136606216430664,197.0226287841797,41.55864334106445,51.23741912841797
2019-10-07,54.56985092163086,71.7848892211914,86.63300323486328,24.164756774902344,54.12332534790039,43.17816162109375,84.98918914794922,52.05299758911133,59.91728210449219,171.89111328125,111.10601806640625,96.00169372558594,178.2809295654297,65.65108489990234,129.45590209960938,24.92873191833496,27.068506240844727,198.31341552734375,41.22084045410156,50.53166580200195
2019-10-08,53.930564880371094,69.54385375976562,85.27549743652344,23.584327697753906,52.733524322509766,42.624595642089844,83.82609558105469,51.28445053100586,59.018707275390625,169.2921905517578,110.00462341308594,93.86119079589844,176.365966796875,64.79533386230469,128.08692932128906,24.65043067932129,26.140689849853516,197.30050659179688,40.384765625,49.55104446411133
2019-10-09,54.5626335144043,70.42079162597656,86.09950256347656,23.80625343322754,53.55152893066406,43.44702911376953,84.8991470336914,51.179969787597656,59.6271858215332,168.84616088867188,107.81855773925781,94.5411376953125,178.4496307373047,65.48770904541016,130.51329040527344,24.831323623657227,26.30242156982422,199.0663604736328,40.663455963134766,50.100772857666016
2019-10-10,55.29804229736328,70.9876937866211,86.01300048828125,24.28425407409668,54.496612548828125,44.19040298461914,85.98722839355469,51.418758392333984,59.977783203125,171.43655395507812,107.68504333496094,95.86737823486328,178.6282196044922,65.16098022460938,131.32525634765625,24.900901794433594,26.447124481201172,200.54537963867188,41.08572006225586,50.70254135131836
2019-10-11,56.76889419555664,70.81871795654297,86.59600067138672,24.676902770996094,55.672000885009766,44.62533950805664,87.15780639648438,51.672447204589844,60.28722381591797,175.56227111816406,109.57908630371094,97.48741149902344,182.7558135986328,65.61217498779297,131.87278747558594,25.12354278564453,27.647335052490234,199.0573272705078,41.55864334106445,51.24485397338867
2019-10-14,56.68717575073242,70.9876937866211,86.82150268554688,24.87322235107422,55.783172607421875,44.388092041015625,87.18032836914062,50.88151550292969,60.38938522338867,176.5401153564453,109.07012939453125,97.74761962890625,181.85292053222656,65.88446044921875,131.75009155273438,25.255739212036133,27.72394371032715,197.73072814941406,41.60931396484375,51.39342498779297
2019-10-15,56.55499267578125,72.90869140625,88.36900329589844,25.3768367767334,56.56147766113281,44.24574661254883,87.27788543701172,51.672447204589844,61.60285568237305,177.0890350341797,110.8389892578125,100.69390106201172,187.4192352294922,66.1567611694336,133.65716552734375,25.394882202148438,27.92823600769043,213.86546325683594,42.31871032714844,51.57171630859375
2019-10-16,56.32668685913086,72.73081970214844,88.87149810791016,25.752403259277344,55.19548034667969,43.5127067565918,86.37741088867188,51.08651351928711,61.64053726196289,177.9124755859375,112.78311157226562,100.4588623046875,188.07411193847656,65.69776153564453,132.56199645996094,25.2835636138916,27.196191787719727,212.43124389648438,41.87956237792969,50.68766403198242
2019-10-17,56.54537582397461,73.26443481445312,89.3740005493164,25.82923126220703,55.2748908996582,43.44895935058594,86.5575180053711,50.02999496459961,62.12651443481445,177.0890350341797,113.61746978759766,101.02125549316406,188.9075469970703,65.19209289550781,131.8822479248047,25.36705207824707,27.145118713378906,218.41903686523438,41.896446228027344,50.62081527709961
2019-10-18,56.81695556640625,73.62906646728516,87.87550354003906,25.906049728393555,55.38608169555664,42.986820220947266,86.09978485107422,48.28416061401367,61.7104606628418,177.1405029296875,106.55028533935547,101.19754791259766,184.4029083251953,65.87669372558594,129.72964477539062,25.36705207824707,27.502628326416016,219.91598510742188,42.20048904418945,50.227081298828125
2019-10-21,57.80232238769531,72.61519622802734,89.28299713134766,26.477947235107422,57.030025482177734,44.588375091552734,87.50300598144531,50.69688034057617,61.704017639160156,179.48214721679688,106.81729125976562,103.70734405517578,188.282470703125,65.7522201538086,130.6926727294922,25.36705207824707,28.592180252075195,218.6431121826172,42.61429214477539,51.0665397644043
2019-10-22,57.67013931274414,71.62802124023438,88.2864990234375,26.631595611572266,57.22857666015625,45.05051040649414,88.39595031738281,52.128013610839844,61.5512809753418,179.7823486328125,107.80184936523438,104.74818420410156,180.9202117919922,63.24721908569336,128.747802734375,25.346181869506836,29.63916778564453,223.62692260742188,42.74940872192383,51.326560974121094
2019-10-23,58.444000244140625,72.2772445678711,88.1084976196289,26.819381713867188,57.53831481933594,44.81943893432617,88.53104400634766,53.90384292602539,62.36604690551758,181.25765991210938,108.38591766357422,105.02517700195312,184.7005615234375,64.4686050415039,129.56924438476562,25.582733154296875,30.073286056518555,222.1210479736328,43.01121139526367,51.816871643066406
2019-10-24,58.54013442993164,72.35728454589844,89.03900146484375,26.768163681030273,57.419189453125,44.74772644042969,88.23087310791016,53.92631149291992,62.43944549560547,181.02609252929688,106.38341522216797,104.94963073730469,184.9287872314453,64.24299621582031,132.11825561523438,25.318349838256836,29.886016845703125,219.17198181152344,43.154781341552734,51.326560974121094
2019-10-25,59.26112365722656,72.61519622802734,88.06649780273438,27.075448989868164,58.110107421875,44.89911651611328,89.0488052368164,54.30845260620117,62.69681167602539,183.75369262695312,107.09262084960938,105.78905487060547,186.42703247070312,63.99406433105469,132.86412048339844,25.582733154296875,29.868993759155273,219.530517578125,43.55170822143555,51.4454231262207
2019-10-28,59.854759216308594,73.51343536376953,88.85399627685547,27.17788314819336,58.443668365478516,44.36526870727539,88.90625,53.236961364746094,63.920692443847656,186.77293395996094,107.78517150878906,106.19194793701172,187.92529296875,63.9473762512207,136.13070678710938,25.937572479248047,29.809406280517578,221.4487762451172,43.6192626953125,50.99224853515625
2019-10-29,58.47044372558594,74.21602630615234,88.135498046875,27.374202728271484,58.046573638916016,45.48875045776367,88.64360046386719,53.8064079284668,62.51630401611328,186.67855834960938,107.73512268066406,106.1247787475586,187.8359375,66.20343780517578,134.84677124023438,26.584617614746094,29.613630294799805,226.14573669433594,44.05841064453125,50.84368133544922
2019-10-30,58.463218688964844,74.71405029296875,88.99949645996094,26.990093231201172,57.9512825012207,43.855323791503906,87.31539916992188,52.16547775268555,62.51828384399414,185.10890197753906,110.8389892578125,105.5372085571289,186.78421020507812,67.07475280761719,136.5272216796875,26.77246856689453,28.17507553100586,228.3956298828125,43.940181732177734,50.308799743652344
2019-10-31,59.78505325317383,74.3582992553711,88.83300018310547,26.69134521484375,57.06974411010742,43.98282241821289,87.15030670166016,51.93320846557617,62.4240608215332,183.024658203125,110.17147827148438,104.8573226928711,190.15773010253906,67.41703796386719,135.35658264160156,26.69593620300293,27.826087951660156,226.5132598876953,43.60237121582031,50.197364807128906
2019-11-01,61.4818115234375,73.51343536376953,89.5719985961914,27.14373779296875,59.06138229370117,45.536556243896484,87.2028579711914,53.311885833740234,63.09105682373047,186.46414184570312,109.4706039428711,107.27476501464844,192.1123809814453,66.0789566040039,135.68704223632812,26.709848403930664,29.315702438354492,226.07403564453125,44.06685256958008,51.70545196533203
2019-11-04,61.88556671142578,73.12213897705078,90.23300170898438,27.655887603759766,60.10919952392578,46.21383285522461,91.22493743896484,55.2150764465332,63.951927185058594,188.5913543701172,108.66123962402344,108.13092803955078,193.20384216308594,65.26991271972656,136.47059631347656,26.459379196166992,30.847881317138672,225.21353149414062,44.52288818359375,53.24323272705078
2019-11-05,61.7966423034668,73.22884368896484,90.08550262451172,28.014387130737305,59.853240966796875,46.620182037353516,91.50257873535156,55.45484924316406,64.04267883300781,187.5363311767578,108.8198013305664,108.365966796875,192.80694580078125,64.50749969482422,136.38565063476562,26.076723098754883,31.2564697265625,224.3620147705078,45.01272201538086,54.29814147949219
2019-11-06,61.82307434082031,73.92254638671875,89.78849792480469,27.988786697387695,59.525299072265625,45.91901397705078,89.97179412841797,53.51420211791992,64.0213623046875,187.34764099121094,109.27037048339844,108.53384399414062,190.05853271484375,64.76421356201172,136.0080108642578,26.16716766357422,30.269073486328125,224.55923461914062,45.434967041015625,53.109500885009766
2019-11-07,62.536598205566406,74.16267395019531,89.41000366210938,28.364347457885742,60.63710021972656,47.440895080566406,91.4650650024414,56.00183868408203,64.81133270263672,191.52481079101562,109.66251373291016,109.1214370727539,188.93731689453125,64.47638702392578,136.19679260253906,25.928327560424805,30.71169090270996,229.8835906982422,46.04031753540039,54.23872375488281
2019-11-08,62.70775604248047,74.47393035888672,89.29399871826172,28.38995933532715,60.88505554199219,47.138099670410156,90.74468994140625,55.97186279296875,64.91349792480469,191.19886779785156,110.97250366210938,109.4404067993164,189.35403442382812,65.02872467041016,137.8018341064453,26.026670455932617,30.933012008666992,230.34078979492188,46.12557601928711,53.20866775512695
2019-11-11,63.204315185546875,74.49171447753906,88.5824966430664,28.321674346923828,60.469139099121094,46.938899993896484,90.65464782714844,55.312496185302734,64.38189697265625,187.87086486816406,110.12142181396484,109.05426788330078,188.13360595703125,64.78758239746094,137.9434356689453,25.94237518310547,30.992599487304688,227.75924682617188,46.08294677734375,52.88536834716797
2019-11-12,63.14646911621094,75.00752258300781,88.9000015258789,28.24485206604004,60.045204162597656,46.39707565307617,90.7671890258789,54.915348052978516,64.32881927490234,189.05455017089844,109.59576416015625,108.41635131835938,192.9557647705078,65.44103240966797,138.8497314453125,25.970470428466797,30.82235336303711,228.7990264892578,46.2278938293457,52.15607452392578
2019-11-13,63.75151443481445,74.90081024169922,87.65550231933594,27.988786697387695,59.117393493652344,45.863243103027344,91.75773620605469,54.40584945678711,64.27774047851562,188.11959838867188,109.5290298461914,107.84554290771484,191.68576049804688,65.98560333251953,139.07632446289062,25.71055793762207,29.817922592163086,227.29312133789062,45.43497085571289,51.72751998901367
2019-11-14,63.31037521362305,74.81188201904297,87.7300033569336,27.911964416503906,59.06138229370117,45.6162223815918,91.5176010131836,54.21103286743164,64.9209213256836,188.21392822265625,109.27037048339844,107.94627380371094,191.64605712890625,65.77555847167969,139.78440856933594,25.675434112548828,29.5455265045166,229.3189697265625,45.60548782348633,51.501956939697266
2019-11-15,64.06246948242188,76.22596740722656,86.97450256347656,28.108280181884766,59.509315490722656,46.41302490234375,91.41908264160156,55.0577507019043,66.13043975830078,188.91726684570312,112.5911865234375,108.72692108154297,193.58087158203125,66.04785919189453,141.587646484375,26.188243865966797,30.098825454711914,241.48269653320312,45.86980056762695,52.02074432373047
2019-11-18,64.38545989990234,74.9364013671875,87.62650299072266,28.133888244628906,59.509315490722656,45.17799758911133,89.83531188964844,53.39432144165039,65.4510498046875,188.47125244140625,112.4994125366211,109.641845703125,195.8629608154297,65.4488296508789,141.93699645996094,26.146085739135742,29.528505325317383,244.6468505859375,46.04031753540039,51.51698684692383
2019-11-19,64.19022369384766,74.96307373046875,87.6395034790039,28.11681365966797,59.84524917602539,45.552494049072266,88.24394989013672,52.74992370605469,65.09152221679688,188.7371826171875,112.49107360839844,109.60828399658203,197.7680206298828,65.85334014892578,141.9842071533203,26.455183029174805,29.205045700073242,245.8121337890625,46.065895080566406,50.99069595336914
2019-11-20,63.44297409057617,74.60733795166016,87.27649688720703,27.90342140197754,59.117393493652344,47.297462463378906,88.91838836669922,53.99373245239258,64.55941772460938,186.91015625,113.42558288574219,108.81082916259766,195.9721221923828,66.33565521240234,141.7378387451172,26.026670455932617,30.762767791748047,247.00433349609375,45.64812469482422,51.148582458496094
2019-11-21,63.15851974487305,74.42057037353516,86.7354965209961,28.031455993652344,59.109378814697266,47.9747200012207,90.00201416015625,54.9378547668457,64.47412872314453,187.1846160888672,113.84278106689453,109.06265258789062,196.38885498046875,66.4834976196289,141.60525512695312,26.511388778686523,31.171340942382812,247.89175415039062,45.665184020996094,52.38163375854492
2019-11-22,63.10305404663086,74.47393035888672,87.28600311279297,28.321674346923828,59.88522720336914,47.72771453857422,89.89591979980469,54.690582275390625,64.15327453613281,188.9430389404297,115.20281982421875,109.7845458984375,197.2718963623047,66.47571563720703,141.70944213867188,26.925840377807617,31.162832260131836,248.151611328125,46.2790412902832,52.15607452392578
2019-11-25,64.20951080322266,75.1409683227539,88.69200134277344,28.5692138671875,60.533111572265625,48.64402770996094,89.70650482177734,55.08768844604492,64.74687957763672,191.0616455078125,115.2531967163086,110.37213134765625,198.23434448242188,66.67019653320312,143.26307678222656,27.171709060668945,31.562898635864258,253.37757873535156,46.219364166259766,51.81023406982422
2019-11-26,63.708106994628906,75.96803283691406,89.84700012207031,28.466787338256836,60.35716247558594,47.895050048828125,89.25939178466797,53.8813591003418,65.11186218261719,190.80433654785156,115.24480438232422,110.52322387695312,197.42071533203125,67.94603729248047,144.02093505859375,26.897743225097656,30.975570678710938,252.23907470703125,45.878326416015625,51.68239974975586
2019-11-27,64.56385803222656,75.96803283691406,90.92549896240234,28.52652359008789,60.56511688232422,48.07830810546875,89.47157287597656,54.21103286743164,65.06869506835938,191.23318481445312,115.73209381103516,110.85059356689453,200.42715454101562,68.15607452392578,144.29566955566406,27.136581420898438,31.29901885986328,251.5847930908203,46.3302001953125,51.65232849121094
2019-11-29,64.42162322998047,75.99472045898438,90.04000091552734,28.441173553466797,60.085201263427734,47.759605407714844,88.7592544555664,53.12458038330078,64.66999816894531,190.93128967285156,115.5136947631836,110.59876251220703,200.0699462890625,67.82157897949219,143.40516662597656,27.05930519104004,30.813838958740234,250.86770629882812,46.43251037597656,51.22377014160156
2019-12-02,63.676780700683594,75.15872955322266,89.08000183105469,28.535072326660156,59.60528564453125,48.10222625732422,88.50918579101562,53.04216003417969,63.91474533081055,187.73110961914062,115.40445709228516,110.3553466796875,198.14505004882812,67.71265411376953,141.6715545654297,26.897743225097656,30.95003318786621,250.67945861816406,45.71633529663086,51.44180679321289
2019-12-03,62.54143524169922,75.02532958984375,88.49800109863281,28.031455993652344,58.653465270996094,46.922969818115234,87.81961059570312,51.536067962646484,64.20632934570312,183.07325744628906,115.23638916015625,108.93675231933594,197.2718963623047,67.97716522216797,141.44419860839844,26.729145050048828,30.199153900146484,248.20547485351562,44.829627990722656,51.035804748535156
2019-12-04,63.09343338012695,75.75457763671875,88.03450012207031,28.296064376831055,59.373348236083984,48.30937957763672,88.61526489257812,53.98625183105469,65.40640258789062,186.2647705078125,117.10155487060547,111.08560180664062,197.1627655029297,68.98069763183594,141.9557647705078,26.79236602783203,31.234840393066406,250.37466430664062,45.392337799072266,51.614742279052734
2019-12-05,64.01908111572266,75.80793762207031,87.02400207519531,28.399057388305664,59.757266998291016,47.67992401123047,88.15301513671875,52.89229965209961,65.80413055419922,187.29983520507812,117.2528076171875,111.68998718261719,197.80770874023438,69.0429458618164,142.03152465820312,26.715103149414062,30.941408157348633,252.7769317626953,45.383819580078125,51.434288024902344
2019-12-06,65.25569915771484,76.02140808105469,87.58000183105469,28.896831512451172,60.63710021972656,49.377079010009766,89.4261245727539,55.41740036010742,66.42052459716797,193.7433319091797,117.94173431396484,113.35200500488281,199.48455810546875,69.12074279785156,143.75567626953125,26.897743225097656,31.83900260925293,252.12013244628906,46.35576629638672,52.26133346557617
2019-12-09,64.34209442138672,74.58956909179688,87.47550201416016,28.7595157623291,60.2531623840332,49.265525817871094,88.88807678222656,55.829498291015625,66.59905242919922,191.32809448242188,118.04254913330078,112.82315063476562,199.7722625732422,69.01959991455078,143.38626098632812,26.918813705444336,32.07203674316406,249.7355194091797,45.972103118896484,52.374114990234375
2019-12-10,64.7181625366211,75.20320129394531,86.96050262451172,28.77667999267578,60.613101959228516,49.209747314453125,89.33515930175781,56.076778411865234,66.59410858154297,191.38845825195312,117.61408233642578,112.89869689941406,199.30592346191406,69.31522369384766,143.16835021972656,27.031200408935547,32.227386474609375,251.51715087890625,45.77600860595703,51.92299270629883
2019-12-11,65.27012634277344,75.51446533203125,87.43599700927734,28.871084213256836,60.429141998291016,49.146018981933594,88.07725524902344,55.94939422607422,66.66155242919922,190.7932891845703,118.44581604003906,112.6301040649414,200.6851348876953,69.22189331054688,143.70826721191406,26.848567962646484,33.14226150512695,252.39907836914062,45.33265686035156,51.847808837890625
2019-12-12,65.43647766113281,76.4571533203125,88.0165023803711,29.76365089416504,61.628944396972656,49.87108612060547,90.03233337402344,57.477943420410156,66.87181091308594,194.9853973388672,118.74829864501953,115.85340118408203,195.218017578125,69.68087768554688,145.1671600341797,27.07335662841797,33.72051239013672,255.1974334716797,46.34725570678711,52.88536834716797
2019-12-13,66.32596588134766,76.79512786865234,88.0469970703125,29.557676315307617,61.101009368896484,49.958736419677734,89.38822174072266,56.56381607055664,66.79147338867188,194.07969665527344,118.78190612792969,114.83773040771484,192.5985565185547,69.86101531982422,146.38922119140625,26.925840377807617,33.66009521484375,256.88018798828125,45.86126708984375,52.050811767578125
2019-12-16,67.46131134033203,76.839599609375,88.46050262451172,29.780820846557617,61.51695251464844,50.054344177246094,90.44911193847656,58.377098083496094,67.47730255126953,196.70193481445312,119.12633514404297,115.2825927734375,196.37892150878906,69.93934631347656,147.33657836914062,27.494842529296875,34.005332946777344,262.7740173339844,46.2278938293457,52.62974548339844
2019-12-17,67.5938949584961,77.42655944824219,89.53299713134766,30.072622299194336,62.18083190917969,50.61210250854492,89.87320709228516,59.05144119262695,67.1891860961914,199.38455200195312,120.61341857910156,115.98770141601562,196.8452606201172,69.72785949707031,146.54080200195312,27.326244354248047,34.0571174621582,261.3702392578125,46.3302001953125,52.38915252685547
2019-12-18,67.432373046875,77.31095886230469,89.20149993896484,30.132694244384766,62.324790954589844,50.35713577270508,89.83531188964844,60.385189056396484,67.0414047241211,198.7807159423828,120.30260467529297,115.87017059326172,200.9232635498047,70.19782257080078,146.23765563964844,27.319225311279297,34.19520950317383,263.55682373046875,45.75895690917969,52.53199768066406
2019-12-19,67.49989318847656,77.68445587158203,89.61399841308594,29.99536895751953,62.54875564575195,50.34916305541992,89.51703643798828,60.87969970703125,67.26605224609375,198.3408203125,122.11732482910156,115.29100036621094,204.4555206298828,70.48762512207031,147.50709533691406,27.37541961669922,34.186588287353516,265.1044616699219,45.724857330322266,52.171104431152344
2019-12-20,67.3600845336914,77.07083892822266,89.32499694824219,30.003952026367188,62.796722412109375,50.77146530151367,90.69160461425781,61.936222076416016,67.00718688964844,197.46957397460938,122.71381378173828,115.19866180419922,204.6936798095703,71.73306274414062,149.11749267578125,27.558061599731445,34.031227111816406,263.2779235839844,45.469078063964844,52.584632873535156
2019-12-23,68.45928192138672,77.68445587158203,89.6500015258789,30.184181213378906,62.996681213378906,51.47262954711914,91.18415069580078,62.47568893432617,66.9779281616211,197.60765075683594,123.03309631347656,115.1650619506836,204.5745849609375,71.8583984375,149.11749267578125,27.62128448486328,35.205013275146484,265.5273742675781,45.878326416015625,52.8477783203125
2019-12-24,68.52436828613281,77.62220764160156,89.46050262451172,30.227096557617188,62.860694885253906,51.52842330932617,91.19173431396484,62.79788589477539,66.67047119140625,198.31494140625,122.60459899902344,115.48408508300781,203.52288818359375,71.6233901977539,149.08912658691406,27.600217819213867,35.08418273925781,265.032470703125,45.88685607910156,52.644771575927734
2019-12-26,69.88390350341797,77.62220764160156,93.4384994506836,30.484575271606445,63.85251235961914,51.79135513305664,91.38876342773438,62.67802047729492,67.56507110595703,199.43630981445312,122.5206069946289,116.70956420898438,206.1720733642578,71.54507446289062,150.31114196777344,27.66343879699707,34.58359146118164,266.03118896484375,46.168209075927734,52.72747039794922
2019-12-27,69.8573989868164,77.72895050048828,93.48999786376953,30.33867073059082,63.724544525146484,51.77541732788086,91.16143035888672,62.29585647583008,67.17679595947266,198.96189880371094,122.45341491699219,116.79348754882812,206.47967529296875,71.67039489746094,150.5858612060547,27.62128448486328,34.5231819152832,266.31927490234375,45.972103118896484,52.54703903198242
2019-12-30,70.27201080322266,77.19532775878906,92.34449768066406,30.167020797729492,63.5965690612793,51.48060989379883,90.8204116821289,61.73390197753906,66.4364013671875,198.2200469970703,122.07528686523438,116.36542510986328,202.81837463378906,71.3022689819336,149.2880096435547,27.333274841308594,34.86841583251953,264.4116516113281,45.699275970458984,52.23877716064453
2019-12-31,70.78548431396484,77.24869537353516,92.39199829101562,30.227096557617188,63.9005126953125,51.815250396728516,91.32057189941406,62.760433197021484,66.42052459716797,198.33221435546875,122.55421447753906,117.0117416381836,203.65184020996094,71.23957824707031,149.3922119140625,27.5229434967041,34.69579315185547,264.5286865234375,45.86980056762695,52.464332580566406
2020-01-02,72.4005355834961,77.32874298095703,94.90049743652344,30.587560653686523,64.97232055664062,52.157875061035156,92.01773071289062,63.04517364501953,67.8730239868164,202.11891174316406,122.63822174072266,118.43033599853516,208.14657592773438,72.09337615966797,152.1584014892578,27.494842529296875,34.669898986816406,263.19683837890625,45.82717514038086,53.3064079284668
2020-01-03,71.69664001464844,76.38602447509766,93.74849700927734,29.952470779418945,63.74854278564453,52.34910583496094,91.69944763183594,63.682044982910156,67.51795959472656,199.75547790527344,121.21837615966797,116.86747741699219,207.04522705078125,71.47457885742188,150.2637481689453,27.347320556640625,35.00650405883789,260.53338623046875,45.54581832885742,52.87785339355469
2020-01-06,72.26793670654297,76.78622436523438,95.14399719238281,29.9095458984375,63.5485725402832,52.970603942871094,91.38876342773438,66.26712036132812,69.31759643554688,201.79974365234375,121.06714630126953,116.7745361328125,210.9446258544922,71.78005981445312,150.6521453857422,27.31220245361328,35.23090362548828,262.3420104980469,45.272972106933594,53.28386688232422
2020-01-07,71.92804718017578,76.35932922363281,95.34300231933594,29.712160110473633,62.996681213378906,52.970603942871094,90.2217788696289,66.90399932861328,69.18368530273438,203.1281280517578,121.80646514892578,114.78929901123047,211.40103149414062,69.86885070800781,149.27854919433594,27.22087287902832,35.04965591430664,260.7583923339844,44.89784240722656,52.8477783203125
2020-01-08,73.08512115478516,76.67060089111328,94.59850311279297,30.01253318786621,63.47658920288086,51.743560791015625,89.19119262695312,65.44287109375,69.67613983154297,205.08616638183594,121.78970336914062,115.68477630615234,213.5442352294922,69.39887237548828,151.6563262939453,27.438640594482422,34.01396560668945,266.2562561035156,45.03424835205078,52.050811767578125
2020-01-09,74.63748931884766,76.87518310546875,95.05249786376953,30.06403160095215,64.05249786376953,52.643917083740234,89.0472183227539,66.12474060058594,70.40757751464844,209.2610321044922,122.15093994140625,116.10718536376953,216.60025024414062,70.00983428955078,153.5509490966797,27.319225311279297,34.40235900878906,264.74456787109375,44.957515716552734,52.44929885864258
2020-01-10,74.80623626708984,75.9146728515625,94.15799713134766,29.815147399902344,63.388607025146484,52.125999450683594,88.23637390136719,64.64112854003906,70.8623275756836,208.83837890625,121.87368774414062,114.94982147216797,216.36209106445312,70.1273422241211,152.84046936035156,27.74070930480957,34.37646484375,265.5634460449219,44.76142501831055,51.9831428527832
2020-01-13,76.4044189453125,75.70123291015625,94.56500244140625,30.08978271484375,64.50841522216797,51.89494705200195,88.40309143066406,64.07917785644531,71.41129302978516,211.51234436035156,122.41136932373047,115.90438079833984,220.18212890625,70.11165618896484,154.6782684326172,27.684513092041016,33.858604431152344,257.2131652832031,44.42891311645508,52.479373931884766
2020-01-14,75.37269592285156,76.57650756835938,93.47200012207031,30.312925338745117,65.51622772216797,51.90290069580078,88.13030242919922,64.68609619140625,70.94316864013672,211.9005126953125,123.1003189086914,117.25608825683594,217.3543243408203,70.44064331054688,153.58885192871094,28.14814567565918,34.11752700805664,259.36358642578125,42.033103942871094,52.02825927734375
2020-01-15,75.04969787597656,78.04122161865234,93.10099792480469,29.75507354736328,64.98033905029297,51.79135513305664,88.00148010253906,64.99327850341797,71.37013244628906,211.51234436035156,123.511962890625,115.49890899658203,219.42803955078125,71.70172119140625,154.5835723876953,28.56962776184082,33.08183288574219,266.71514892578125,41.197547912597656,51.94554901123047
2020-01-16,75.98981475830078,78.84502410888672,93.89700317382812,29.7979793548584,64.78834533691406,51.84712219238281,88.57740783691406,65.42032623291016,71.91363525390625,215.40255737304688,124.51177978515625,115.9466552734375,220.04322814941406,71.41974639892578,157.41600036621094,28.527477264404297,33.4702262878418,270.6113586425781,41.990478515625,51.74256134033203
2020-01-17,76.83110046386719,79.48809051513672,93.23600006103516,29.789405822753906,64.88433837890625,51.84712219238281,87.58467864990234,64.134765625,73.36959838867188,215.17832946777344,125.32675170898438,116.74922180175781,220.4103240966797,71.25527954101562,158.29701232910156,28.45724105834961,33.11635971069336,268.56878662109375,41.930789947509766,51.547061920166016
2020-01-21,76.3104019165039,80.14006805419922,94.5999984741211,29.403196334838867,63.908512115478516,51.018463134765625,85.86450958251953,63.18001174926758,73.50498962402344,211.93502807617188,125.41075897216797,115.6003189086914,219.71578979492188,70.47199249267578,157.72862243652344,28.337810516357422,31.89079475402832,270.42236328125,41.726173400878906,50.81025695800781
2020-01-22,76.58280944824219,82.04240417480469,94.37300109863281,29.489013671875,64.0684814453125,50.20574188232422,85.55381774902344,62.465797424316406,73.58531188964844,213.0995330810547,124.55377197265625,115.46513366699219,219.5967254638672,70.22132873535156,156.9708251953125,28.23244285583496,31.657756805419922,270.4764099121094,41.40217971801758,50.517032623291016
2020-01-23,76.95161437988281,81.0331802368164,94.22899627685547,29.283037185668945,63.828521728515625,50.309326171875,85.70537567138672,61.518558502197266,73.62598419189453,211.83154296875,124.78901672363281,115.34683227539062,218.04885864257812,69.3675537109375,157.93711853027344,28.59772491455078,31.44199562072754,269.4595947265625,41.112300872802734,50.20125198364258
2020-01-24,76.7298583984375,80.73845672607422,93.08200073242188,28.785263061523438,62.724735260009766,49.894981384277344,84.75816345214844,60.030025482177734,72.70757293701172,208.67445373535156,124.61257934570312,112.4830551147461,216.2430419921875,67.34666442871094,156.34552001953125,27.97252082824707,30.87235450744629,263.47576904296875,40.558109283447266,49.8629264831543
2020-01-27,74.47357940673828,80.0150146484375,91.41699981689453,28.193073272705078,61.35698318481445,48.63606643676758,83.65177917480469,57.61678695678711,70.99969482421875,205.41397094726562,124.97383880615234,111.536865234375,213.19696044921875,67.44066619873047,153.73095703125,28.21136474609375,29.3101749420166,255.62940979003906,40.15739059448242,48.67499542236328
2020-01-28,76.58038330078125,79.97035217285156,92.6624984741211,28.527795791625977,61.78089141845703,48.74761199951172,84.20497131347656,57.92502212524414,71.93049621582031,209.24380493164062,125.60400390625,113.56436920166016,216.09422302246094,67.55815887451172,156.7434539794922,26.79236602783203,29.3101749420166,257.23101806640625,40.38759231567383,48.607322692871094
2020-01-29,78.18339538574219,79.61312866210938,92.9000015258789,28.330392837524414,61.17300796508789,48.19784927368164,83.63664245605469,56.4891242980957,72.23796081542969,207.12185668945312,126.47772979736328,113.3953857421875,221.49185180664062,68.33361053466797,159.18753051757812,26.398983001708984,29.11166763305664,254.5586395263672,40.302337646484375,48.201324462890625
2020-01-30,78.0700912475586,79.63099670410156,93.53399658203125,28.7337646484375,61.932865142822266,48.51654052734375,84.41716766357422,57.000328063964844,72.116455078125,210.5807647705078,126.32653045654297,114.79776000976562,207.8985137939453,67.7540054321289,163.67779541015625,26.30672836303711,29.379222869873047,252.83096313476562,40.84799575805664,48.71258544921875
2020-01-31,74.60855865478516,77.82685852050781,100.43599700927734,28.175912857055664,59.91190719604492,47.35322952270508,81.18899536132812,54.812644958496094,71.05175018310547,205.07754516601562,125.07470703125,111.8156509399414,200.33786010742188,66.92371368408203,161.26217651367188,26.4273681640625,28.92179298400879,245.1555633544922,40.020957946777344,46.705142974853516
2020-02-03,74.40369415283203,77.75540924072266,100.20999908447266,28.296064376831055,60.49165344238281,47.154029846191406,80.53731536865234,53.65489959716797,73.5223388671875,206.16439819335938,126.16688537597656,112.66888427734375,202.60011291503906,68.41194152832031,165.19351196289062,26.61897087097168,28.87864112854004,246.5681610107422,40.17444610595703,45.660057067871094
2020-02-04,76.8600082397461,78.80037689208984,102.4834976196289,28.853925704956055,61.59469985961914,45.01067352294922,80.96923065185547,55.34641647338867,71.67808532714844,208.69174194335938,127.36833953857422,114.29090118408203,208.19618225097656,69.2109146118164,170.63113403320312,26.746713638305664,29.40511703491211,252.70497131347656,40.29380416870117,45.08864974975586
2020-02-05,77.48675537109375,79.98821258544922,101.99349975585938,29.789405822753906,63.486846923828125,46.83531951904297,83.56842803955078,57.92502212524414,71.7098159790039,210.72744750976562,129.37631225585938,116.2338638305664,208.47402954101562,67.22920989990234,170.42271423339844,27.087337493896484,30.26819610595703,266.1033630371094,41.18904113769531,47.16377639770508
2020-02-06,78.39313507080078,79.90787506103516,102.5114974975586,29.75507354736328,63.58345413208008,46.54050064086914,82.96979522705078,57.03792190551758,73.19355773925781,208.58822631835938,128.98980712890625,116.25080108642578,209.208251953125,67.1116943359375,173.9562225341797,27.151208877563477,29.784868240356445,263.160888671875,41.344139099121094,46.52470016479492
2020-02-07,77.3275375366211,78.4788589477539,103.96399688720703,29.70357894897461,63.358001708984375,46.20585250854492,82.55299377441406,55.89522171020508,73.3492660522461,205.29315185546875,127.61197662353516,115.87907409667969,210.67672729492188,66.6417236328125,174.20252990722656,27.00218391418457,29.70720100402832,260.2455749511719,41.22349166870117,46.2164306640625
2020-02-10,77.69483184814453,78.86288452148438,106.69550323486328,29.77223014831543,63.188926696777344,46.11023712158203,83.19713592529297,55.40653610229492,74.81465911865234,204.74111938476562,127.58677673339844,116.36060333251953,211.40103149414062,67.09601593017578,178.7591094970703,26.83186912536621,29.64678192138672,258.27484130859375,41.16318130493164,45.72833251953125
2020-02-11,77.2260513305664,79.63990783691406,107.54000091552734,29.84088706970215,63.680084228515625,46.77954864501953,84.27315521240234,56.225982666015625,74.88408660888672,203.96481323242188,127.69601440429688,116.58023834228516,205.57675170898438,66.7748794555664,174.7235107421875,27.030574798583984,30.032140731811523,261.6582336425781,41.35275650024414,46.16304016113281
2020-02-12,79.06000518798828,79.30052947998047,108.0,29.969619750976562,63.87331771850586,47.616172790527344,84.9021224975586,56.669532775878906,75.30908203125,205.8538360595703,126.93982696533203,116.58023834228516,209.11892700195312,65.20831298828125,174.97930908203125,26.782201766967773,30.697772979736328,273.07684326171875,41.180416107177734,46.72740936279297
2020-02-13,78.49701690673828,79.20228576660156,107.49349975585938,29.961048126220703,63.60759353637695,47.198909759521484,84.61418151855469,56.89506912231445,75.04922485351562,205.59510803222656,126.09966278076172,116.4788818359375,211.48043823242188,64.20572662353516,174.0320281982422,26.207378387451172,30.364965438842773,271.9250793457031,41.46476364135742,46.468101501464844
2020-02-14,78.5163345336914,80.07752990722656,106.74349975585938,29.9095458984375,63.43851089477539,47.03842544555664,84.391845703125,56.32373046875,75.31402587890625,204.49960327148438,126.13329315185547,116.12406921386719,212.51231384277344,64.73834228515625,175.58563232421875,25.909324645996094,30.146011352539062,268.8477478027344,41.55094528198242,46.25456237792969
2020-02-18,77.07867431640625,79.38090515136719,107.78350067138672,29.41176986694336,62.46427536010742,46.781639099121094,84.51451110839844,56.03052520751953,75.34925079345703,201.1614532470703,125.301513671875,114.58656311035156,216.10414123535156,64.58953094482422,177.36659240722656,25.774490356445312,29.471620559692383,271.8711242675781,40.49106216430664,45.66732406616211
2020-02-19,78.19499206542969,79.80960083007812,108.51100158691406,29.7979793548584,62.84270477294922,47.55197525024414,84.89783477783203,58.097938537597656,75.61851501464844,204.71527099609375,125.13350677490234,116.1494140625,215.7965545654297,64.2292251586914,177.8984832763672,25.710622787475586,30.032140731811523,274.7234802246094,40.57722854614258,46.01813888549805
2020-02-20,77.39279174804688,79.00580596923828,107.65499877929688,29.9095458984375,62.979591369628906,47.247047424316406,84.18485260009766,57.12812805175781,75.22773742675781,200.74742126464844,124.65459442138672,116.1494140625,212.90919494628906,64.613037109375,175.18177795410156,25.440954208374023,29.6292667388916,271.8620910644531,40.79265213012695,45.65207290649414
2020-02-21,75.6409912109375,78.10372161865234,104.79850006103516,29.489013671875,61.5463981628418,46.89398193359375,83.571533203125,55.78995132446289,73.56497192382812,198.92739868164062,125.9652328491211,114.73017120361328,208.54345703125,64.49552917480469,169.64385986328125,25.348697662353516,29.24390411376953,271.2323303222656,41.10285186767578,45.0953369140625
2020-02-24,72.04800415039062,75.58512115478516,100.4645004272461,28.090091705322266,58.39822769165039,45.24098587036133,80.27497100830078,52.557281494140625,70.41105651855469,193.68289184570312,123.36956024169922,111.6467056274414,199.1571044921875,63.70442581176758,162.32952880859375,24.60356903076172,27.0893611907959,249.9605255126953,39.97404861450195,42.9827995300293
2020-02-25,69.60758972167969,72.45919036865234,98.63700103759766,26.673995971679688,55.902225494384766,43.19479751586914,77.20842742919922,50.362064361572266,68.747802734375,187.70529174804688,122.30414581298828,106.6624755859375,195.2378692626953,62.8741455078125,159.65081787109375,24.078426361083984,25.69679832458496,237.00320434570312,38.879695892333984,41.33549118041992
2020-02-26,70.71180725097656,72.66460418701172,98.97949981689453,26.287796020507812,54.895782470703125,41.06032180786133,75.16148376464844,47.512794494628906,68.95359802246094,186.126708984375,121.4839859008789,106.98348236083984,195.6645050048828,62.61565399169922,161.6455841064453,24.639053344726562,24.85600471496582,236.6522674560547,38.03522491455078,40.42793273925781
2020-02-27,66.08953094482422,70.72654724121094,94.21499633789062,25.000436782836914,51.892520904541016,37.81850814819336,72.1639175415039,45.107086181640625,65.20854949951172,177.42335510253906,117.62843322753906,102.531494140625,188.27252197265625,61.15875244140625,150.25624084472656,24.199066162109375,23.507226943969727,228.48191833496094,36.5962028503418,37.99510192871094
2020-02-28,66.05085754394531,68.79740142822266,94.1875,24.459747314453125,51.095420837402344,38.8536376953125,71.55826568603516,47.55790328979492,66.4135971069336,174.2383270263672,113.70523071289062,98.08792114257812,190.97137451171875,59.968143463134766,153.8943328857422,23.716506958007812,23.726181030273438,229.41770935058594,35.20024871826172,39.2305793762207
2020-03-02,72.20025634765625,72.88789367675781,97.69750213623047,25.206417083740234,54.42074203491211,39.50360870361328,74.04985046386719,47.257198333740234,68.747802734375,181.78863525390625,118.38941955566406,102.65819549560547,194.91046142578125,63.73573303222656,164.13438415527344,24.752592086791992,24.339263916015625,245.74935913085938,36.41523361206055,41.0914306640625
2020-03-03,69.9072265625,69.65477752685547,95.44950103759766,23.81606674194336,52.375633239746094,38.6129150390625,72.36325073242188,46.933929443359375,66.33771514892578,176.54681396484375,114.64376831054688,98.80598449707031,184.44259643554688,61.98118209838867,156.2691192626953,24.34099578857422,23.48094940185547,235.21253967285156,34.92451477050781,39.12381362915039
2020-03-04,73.14982604980469,73.31659698486328,98.79149627685547,24.36533546447754,54.259700775146484,39.664093017578125,75.53716278076172,48.17438507080078,68.51372528076172,181.1551055908203,121.31488800048828,101.2474136352539,190.26686096191406,64.9889907836914,162.006591796875,25.831262588500977,23.71742820739746,260.4254150390625,35.67417526245117,39.97798156738281
2020-03-05,70.7770767211914,71.91439056396484,96.20149993896484,23.130233764648438,51.11958312988281,38.27589416503906,74.5098648071289,46.5129280090332,65.19912719726562,172.51992797851562,120.07199096679688,96.28006744384766,183.72817993164062,63.90023422241211,157.9409637451172,25.16419219970703,22.622638702392578,254.61257934570312,33.51993942260742,38.21626281738281
2020-03-06,69.83716583251953,73.00399017333984,95.05449676513672,22.20606231689453,49.340187072753906,36.37413787841797,73.07623291015625,41.57369613647461,64.25592803955078,167.3649444580078,120.08888244628906,91.30429077148438,179.67996215820312,64.3858642578125,153.47642517089844,24.851945877075195,20.888500213623047,255.43145751953125,31.96027183532715,36.37065505981445
2020-03-09,64.31356811523438,68.7884292602539,90.03050231933594,18.941225051879883,41.361045837402344,27.338783264160156,61.844940185546875,28.26711082458496,60.291194915771484,149.97323608398438,115.36249542236328,78.9366683959961,168.18020629882812,61.8480339050293,143.07493591308594,23.957782745361328,15.160584449768066,246.0463104248047,27.987863540649414,31.92441749572754
2020-03-10,68.94554138183594,72.23589324951172,94.59100341796875,20.392263412475586,44.75076675415039,27.98874855041504,65.14916229248047,31.274246215820312,63.23585510253906,159.98825073242188,119.75914764404297,85.06979370117188,176.80255126953125,64.24488830566406,152.85894775390625,24.546796798706055,15.931314468383789,251.9490966796875,30.228273391723633,33.106529235839844
2020-03-11,66.55103302001953,69.74410247802734,91.04299926757812,19.58037757873535,40.89405059814453,26.127111434936523,63.654212951660156,29.21435546875,60.04869842529297,149.1748046875,111.43925476074219,81.06549072265625,168.91445922851562,62.075191497802734,145.93418884277344,22.82944679260254,15.221888542175293,249.9514617919922,27.85860824584961,32.01593017578125
2020-03-12,59.97880172729492,66.75212097167969,83.83049774169922,17.71475601196289,34.831199645996094,22.628515243530273,58.46405792236328,24.43300437927246,55.121917724609375,130.76771545410156,106.0363998413086,74.38326263427734,153.2672119140625,58.3154296875,132.093994140625,21.303695678710938,12.62944221496582,225.3235321044922,23.4381103515625,28.355228424072266
2020-03-13,67.16476440429688,72.92361450195312,89.25,20.86730194091797,41.095340728759766,25.180238723754883,63.95320129394531,26.162113189697266,60.2158203125,153.7571258544922,113.5445785522461,87.78155517578125,168.95416259765625,60.61360168457031,150.87367248535156,23.212656021118164,14.153383255004883,245.84693908691406,26.617765426635742,29.072114944458008
2020-03-16,58.52421951293945,65.78755950927734,84.4574966430664,17.654293060302734,33.16451644897461,20.927366256713867,53.43487548828125,23.380510330200195,53.21021270751953,134.22177124023438,107.4906997680664,74.6451416015625,144.8731231689453,55.2195930480957,128.63633728027344,21.417236328125,12.620680809020996,203.37225341796875,22.834928512573242,26.3037109375
2020-03-17,61.09752655029297,70.99444580078125,90.39199829101562,18.984407424926758,32.40766525268555,21.06377410888672,54.193870544433594,23.222631454467773,55.44475555419922,137.70181274414062,115.48932647705078,79.20699310302734,148.2565460205078,58.820865631103516,139.22779846191406,22.82234764099121,12.26159381866455,220.70556640625,25.53203010559082,28.073055267333984
2020-03-18,59.60186767578125,70.7890625,91.5,17.95659637451172,29.331958770751953,18.191082000732422,42.20359420776367,22.37311553955078,54.112266540527344,121.51643371582031,114.11109924316406,70.86897277832031,145.8157196044922,56.570072174072266,133.3668975830078,22.964279174804688,10.553729057312012,196.1605682373047,24.230871200561523,25.258882522583008
2020-03-19,59.14519500732422,66.53776550292969,94.04650115966797,18.310712814331055,31.916522979736328,20.5341739654541,43.997528076171875,24.974300384521484,55.12786865234375,129.73500061035156,107.42304229736328,72.06011962890625,151.9376678466797,55.85928726196289,135.56118774414062,21.587556838989258,12.147736549377441,198.63681030273438,24.37735939025879,26.257949829101562
2020-03-20,55.39032745361328,60.73246383666992,92.30449676513672,16.98923683166504,30.64437484741211,21.537212371826172,45.53081130981445,26.229778289794922,52.97268295288086,120.11920928955078,101.36914825439453,70.53948211669922,148.5641632080078,56.35683822631836,130.46969604492188,20.58694839477539,12.506827354431152,186.69869995117188,22.834928512573242,24.969078063964844
2020-03-23,54.213600158691406,56.10608673095703,95.1415023803711,15.615924835205078,28.494600296020508,19.69964599609375,41.56727981567383,25.966650009155273,52.27444839477539,117.1337661743164,93.97086334228516,66.76331329345703,146.9468536376953,52.43966293334961,129.16830444335938,20.217926025390625,11.236873626708984,176.09811401367188,21.75780487060547,23.985261917114258
2020-03-24,59.65260696411133,62.24184799194336,97.00499725341797,18.163883209228516,32.737789154052734,24.66668701171875,51.01996612548828,29.921039581298828,56.037353515625,133.3018035888672,100.76883697509766,74.70429229736328,159.72654724121094,54.53249740600586,140.90916442871094,21.07660484313965,12.830879211425781,198.63681030273438,24.920225143432617,27.02821922302246
2020-03-25,59.323997497558594,63.18855285644531,94.29199981689453,18.22434425354004,33.7039794921875,24.827173233032227,53.10521697998047,29.83833885192871,54.629486083984375,134.62966918945312,100.95484924316406,77.4920654296875,154.9937286376953,53.87699890136719,139.560302734375,21.112089157104492,12.787092208862305,211.912353515625,24.96331214904785,28.439123153686523
2020-03-26,62.44580078125,67.707763671875,97.77449798583984,19.623559951782227,37.05344009399414,25.749969482421875,58.55603790283203,29.718055725097656,57.66936111450195,143.88092041015625,107.0172119140625,82.89025115966797,162.06814575195312,58.07060623168945,148.2899169921875,22.531391143798828,13.592852592468262,230.800048828125,26.626380920410156,29.605972290039062
2020-03-27,59.86040496826172,66.59134674072266,95.00499725341797,18.656200408935547,35.265987396240234,23.471067428588867,52.729591369628906,27.064252853393555,55.057945251464844,137.41543579101562,104.13398742675781,76.9852066040039,155.5691680908203,56.649044036865234,142.20098876953125,21.92818832397461,12.051395416259766,219.10595703125,26.092134475708008,28.179826736450195
2020-03-30,61.56869888305664,70.86051177978516,98.19750213623047,19.036239624023438,35.49142837524414,23.503164291381836,55.15982437133789,26.297435760498047,56.84566879272461,138.52627563476562,112.46234893798828,78.98733520507812,164.65785217285156,60.77155303955078,152.20352172851562,23.184267044067383,11.630998611450195,227.0857696533203,25.78192710876465,28.599273681640625
2020-03-31,61.44304275512695,70.47645568847656,97.48600006103516,18.33662986755371,33.91331481933594,24.714834213256836,55.55080032348633,27.004108428955078,57.62125778198242,134.16104125976562,110.87276458740234,76.05594635009766,165.501220703125,60.76366424560547,149.809814453125,23.16297721862793,11.814921379089355,225.3687286376953,24.730653762817383,28.957721710205078
2020-04-01,58.21010208129883,68.38655853271484,95.38500213623047,17.075603485107422,31.00669288635254,23.767967224121094,52.56090545654297,26.011754989624023,54.65329360961914,126.08997344970703,108.91116333007812,71.2660140991211,158.3572998046875,58.2838249206543,144.4902801513672,22.531391143798828,11.026678085327148,214.4699249267578,22.895238876342773,28.622154235839844
2020-04-02,59.181434631347656,70.94979858398438,95.94149780273438,17.76657485961914,31.58641815185547,27.170269012451172,58.35673141479492,28.793359756469727,55.393672943115234,130.11680603027344,112.58070373535156,73.92709350585938,156.95828247070312,60.70838165283203,147.48251342773438,23.326200485229492,12.156495094299316,217.28948974609375,23.455347061157227,30.810958862304688
2020-04-03,58.33090591430664,70.95873260498047,95.32949829101562,17.300172805786133,30.185441970825195,26.407960891723633,57.58240509033203,29.98870277404785,54.187137603759766,127.51329040527344,113.44314575195312,71.74198150634766,152.9794921875,60.21873474121094,146.12416076660156,23.872629165649414,12.515583038330078,207.393798828125,22.602262496948242,29.903406143188477
2020-04-06,63.41954803466797,73.88821411132812,99.87950134277344,18.474817276000977,33.108158111572266,26.319684982299805,61.63028335571289,29.64288902282715,58.674556732177734,137.31997680664062,118.1695785522461,76.3597412109375,164.260986328125,63.425132751464844,156.9910888671875,24.53260040283203,13.724227905273438,224.42886352539062,24.67033576965332,30.864343643188477
2020-04-07,62.68500900268555,73.1736831665039,100.58000183105469,19.122604370117188,33.212833404541016,26.696836471557617,62.036590576171875,31.07127571105957,58.643310546875,144.08053588867188,116.24180603027344,77.36693572998047,167.5154266357422,62.04307174682617,155.30020141601562,23.85133934020996,14.424886703491211,224.15768432617188,24.790973663330078,31.451576232910156
2020-04-08,64.28939819335938,75.87091827392578,102.1500015258789,20.254070281982422,35.636348724365234,28.630695343017578,65.91581726074219,34.048336029052734,59.85529708862305,153.5748291015625,121.12889099121094,80.4909896850586,172.92300415039062,64.459716796875,156.85809326171875,24.553892135620117,15.134307861328125,242.04217529296875,26.092134475708008,33.44207763671875
2020-04-09,64.75331115722656,76.84445190429688,102.13800048828125,21.471904754638672,38.17262649536133,27.86837387084961,64.6355209350586,33.69500732421875,59.83396911621094,159.91012573242188,119.4124984741211,87.71212768554688,173.82591247558594,65.14678955078125,156.86756896972656,25.114519119262695,14.424886703491211,238.6985626220703,28.608285903930664,32.892982482910156
2020-04-13,66.02427673339844,76.67473602294922,108.44349670410156,20.660017013549805,37.58485412597656,27.52333641052246,65.09549713134766,32.544769287109375,60.0244026184082,155.50148010253906,118.17805480957031,83.81134796142578,173.42901611328125,63.60676193237305,157.21905517578125,24.93710708618164,13.969460487365723,238.13819885253906,27.083084106445312,32.610801696777344
2020-04-14,69.35871887207031,79.94839477539062,114.16600036621094,20.49591064453125,36.57033920288086,27.346805572509766,64.8655014038086,31.74787712097168,62.7429313659668,154.6769561767578,123.47099304199219,81.51525115966797,176.78269958496094,65.42321014404297,164.998779296875,25.85965347290039,13.610369682312012,244.45516967773438,26.005962371826172,32.359130859375
2020-04-15,68.72566986083984,81.5627670288086,115.38400268554688,19.16579246520996,34.50912857055664,25.838233947753906,63.24022674560547,30.25738525390625,62.34968185424805,154.9286651611328,124.84918212890625,77.4949951171875,175.592041015625,64.81510162353516,163.2699432373047,25.5261173248291,12.900945663452148,254.5587615966797,24.506616592407227,30.871973037719727
2020-04-16,69.271728515625,86.10101318359375,120.40950012207031,18.500734329223633,32.62506103515625,24.93149185180664,61.3236083984375,27.701168060302734,62.35612487792969,153.64425659179688,126.54866027832031,74.54167175292969,174.8776397705078,65.54957580566406,168.17147827148438,25.462247848510742,12.305386543273926,269.69598388671875,23.170982360839844,29.857646942138672
2020-04-17,68.33181762695312,86.1099624633789,118.75,20.10723304748535,36.59449768066406,28.293670654296875,66.82809448242188,31.73649024963379,63.425785064697266,159.24188232421875,128.53562927246094,81.24211883544922,177.84437561035156,65.9128646850586,169.65330505371094,26.193187713623047,13.382652282714844,262.58367919921875,24.454912185668945,32.96162033081055
2020-04-20,66.9134750366211,87.894775390625,119.68049621582031,19.433542251586914,35.43507385253906,27.739992141723633,64.06819915771484,31.228288650512695,62.54059600830078,156.56019592285156,128.23974609375,78.2802505493164,176.85215759277344,65.62852478027344,166.2906036376953,25.604175567626953,13.321345329284668,254.9744110107422,23.851722717285156,31.405818939208984
2020-04-21,64.84515380859375,84.35208892822266,116.40599822998047,18.690752029418945,33.47047805786133,26.632638931274414,62.588565826416016,30.720088958740234,60.111183166503906,150.84109497070312,126.55711364746094,76.00979614257812,169.4700927734375,62.04307174682617,159.413330078125,25.27773666381836,12.86591625213623,247.78990173339844,23.12790298461914,31.238035202026367
2020-04-22,66.71290588378906,85.6346206665039,118.17449951171875,18.82893943786621,34.009944915771484,28.06899070739746,64.73518371582031,32.730159759521484,62.40472412109375,152.72430419921875,129.3557891845703,76.25730895996094,180.8607177734375,63.16450119018555,164.82781982421875,25.724817276000977,13.435201644897461,250.3473663330078,23.09343147277832,32.130340576171875
2020-04-23,66.4543685913086,84.25343322753906,119.97250366210938,18.889404296875,34.18707275390625,29.031902313232422,66.54444122314453,33.541786193847656,63.037498474121094,151.91722106933594,131.48648071289062,76.29999542236328,183.6885223388672,63.87529754638672,162.83299255371094,26.037059783935547,14.468680381774902,257.8573303222656,22.86077880859375,33.13703155517578
2020-04-24,68.37288665771484,84.36103057861328,120.51100158691406,19.15715789794922,34.7023811340332,28.959688186645508,66.70542907714844,32.88945007324219,63.30677032470703,153.60952758789062,130.93692016601562,77.42668151855469,188.5900421142578,64.3096694946289,165.80616760253906,26.52672576904297,14.10959243774414,263.24346923828125,23.19683265686035,33.350563049316406
2020-04-27,68.42120361328125,85.15927124023438,118.80000305175781,20.271347045898438,37.48823165893555,29.810256958007812,68.77537536621094,33.78450393676758,63.02212905883789,159.28524780273438,130.45492553710938,80.76409912109375,186.04005432128906,66.32353210449219,165.3312530517578,27.200889587402344,14.05704116821289,265.6744079589844,24.480764389038086,33.5107307434082
2020-04-28,67.31214904785156,82.02914428710938,115.7040023803711,20.63409996032715,38.01157760620117,30.877500534057617,68.9287109375,34.11825180053711,61.12430191040039,162.29669189453125,128.00296020507812,81.33599853515625,181.48577880859375,64.11222839355469,161.3036346435547,26.902833938598633,14.144623756408691,260.59552001953125,24.87714385986328,34.2962532043457
2020-04-29,69.52302551269531,82.76457977294922,118.635498046875,21.402809143066406,40.46731948852539,33.87055969238281,72.53956604003906,36.19660186767578,66.55889129638672,164.9176483154297,127.0306167602539,83.52967834472656,192.67794799804688,63.78840637207031,168.54190063476562,27.051856994628906,15.940080642700195,259.9539489746094,25.850858688354492,36.19524002075195
2020-04-30,70.98968505859375,82.59419250488281,123.69999694824219,20.772296905517578,39.09854507446289,33.782291412353516,70.5309829711914,36.03731155395508,66.78303527832031,159.18113708496094,126.86152648925781,81.73719787597656,203.11607360839844,62.6590690612793,170.23280334472656,27.22217559814453,14.731427192687988,264.3098449707031,25.032245635986328,35.440223693847656
2020-05-01,69.84680938720703,80.58515930175781,114.302001953125,19.934494018554688,37.03987503051758,31.407094955444336,68.56839752197266,33.8072509765625,65.32606506347656,153.6963348388672,125.3818359375,79.59473419189453,200.69505310058594,61.340171813964844,165.8251495361328,26.711227416992188,13.794292449951172,257.1162109375,23.774173736572266,32.90060806274414
2020-05-04,70.83504486083984,80.56723022460938,115.79949951171875,19.80493927001953,36.71438980102539,32.38606262207031,70.10166931152344,35.453243255615234,65.60279083251953,152.76768493652344,125.36495208740234,78.64728546142578,203.66175842285156,60.70048522949219,169.88128662109375,26.697036743164062,14.214689254760742,259.8544616699219,23.56736183166504,34.22761535644531
2020-05-05,71.89820861816406,83.43724822998047,115.88999938964844,19.571735382080078,35.76234817504883,32.83541488647461,71.21329498291016,34.92987060546875,66.89807891845703,154.73770141601562,126.40489196777344,78.52778625488281,205.4576873779297,61.60869598388672,171.7051239013672,27.328628540039062,14.232207298278809,264.8249816894531,22.679819107055664,34.18947982788086
2020-05-06,72.6399917602539,81.68831634521484,117.56300354003906,19.303987503051758,34.948638916015625,32.49037170410156,69.03602600097656,34.77059555053711,66.72006225585938,153.5401153564453,125.20429229736328,77.0511245727539,206.84678649902344,60.905826568603516,173.39596557617188,27.328628540039062,13.85560131072998,260.9661560058594,22.068021774291992,33.548858642578125
2020-05-07,73.39144134521484,84.29827880859375,118.38050079345703,19.727205276489258,36.32380676269531,34.039066314697266,71.02163696289062,36.64413070678711,67.90278625488281,158.22650146484375,124.78996276855469,77.85345458984375,209.6150360107422,59.70540237426758,174.40284729003906,26.49005699157715,14.652603149414062,257.5589599609375,22.182315826416016,33.739532470703125
2020-05-08,75.1382827758789,84.03816223144531,118.98049926757812,20.357715606689453,37.690826416015625,34.91436004638672,73.19122314453125,39.02587127685547,68.64961242675781,160.8907928466797,125.7284927368164,79.12528991699219,210.69659423828125,60.33720016479492,175.4287567138672,26.676401138305664,15.808699607849121,259.3664855957031,22.358154296875,35.21906280517578
2020-05-11,76.32063293457031,86.16380310058594,120.44999694824219,19.50263786315918,35.86000061035156,34.25789260864258,71.58126831054688,37.804664611816406,69.60420989990234,158.95547485351562,126.0751724243164,76.79505157470703,211.52008056640625,61.52973556518555,177.38558959960938,27.30712127685547,15.204377174377441,260.893798828125,21.786670684814453,34.88349151611328
2020-05-12,75.44841003417969,84.12786865234375,117.84750366210938,18.889404296875,34.460426330566406,33.698665618896484,69.84100341796875,37.71363067626953,68.19537353515625,153.79177856445312,124.40950012207031,74.28556060791016,208.46408081054688,60.961097717285156,173.36740112304688,26.77674674987793,14.95914363861084,259.99908447265625,21.13606071472168,34.3004150390625
2020-05-13,74.53743743896484,82.65697479248047,118.39600372314453,18.02569007873535,33.036441802978516,32.329002380371094,68.00106811523438,36.560691833496094,66.8638687133789,149.09674072265625,124.40104675292969,71.72491455078125,203.50303649902344,61.5139274597168,170.74569702148438,26.554561614990234,13.881876945495605,251.23301696777344,19.808462142944336,32.59783935546875
2020-05-14,74.995361328125,82.31614685058594,119.44249725341797,18.75120735168457,34.224449157714844,32.361419677734375,69.03602600097656,36.07522201538086,67.28688049316406,151.39649963378906,124.83226776123047,74.70381164550781,205.19970703125,63.219791412353516,171.48660278320312,27.178112030029297,14.10083293914795,262.6288757324219,21.15363883972168,32.8854866027832
2020-05-15,74.55197143554688,80.62102508544922,120.48899841308594,18.51800537109375,34.110530853271484,33.123252868652344,68.35372161865234,36.166263580322266,68.0902328491211,149.15745544433594,127.19972229003906,73.32106018066406,209.23800659179688,63.00657653808594,173.9849395751953,27.063438415527344,13.969460487365723,262.9452209472656,20.5382022857666,32.652252197265625
2020-05-18,76.3084945678711,80.96186065673828,121.31300354003906,19.80493927001953,37.16191864013672,35.33578872680664,71.99427032470703,39.77680969238281,68.69127655029297,157.8446502685547,127.26734924316406,77.20476531982422,211.530029296875,62.95916748046875,175.64724731445312,27.28562355041504,15.721112251281738,265.1141052246094,22.340566635131836,35.24888610839844
2020-05-19,75.86754608154297,79.12322998046875,122.46649932861328,19.183063507080078,36.15293502807617,34.58206558227539,69.71502685546875,38.4266471862793,68.15668487548828,154.32984924316406,125.99909210205078,75.68541717529297,215.19126892089844,61.24542236328125,174.4313507080078,27.006099700927734,14.985419273376465,261.2190856933594,21.05693244934082,34.16048049926758
2020-05-20,77.34304809570312,80.80040740966797,124.89700317382812,19.78766441345215,36.99919128417969,35.781551361083984,72.34432983398438,39.93610763549805,69.88044738769531,157.46273803710938,124.8661117553711,77.95589447021484,228.17938232421875,60.72416305541992,176.85081481933594,26.970264434814453,15.94882869720459,260.2612609863281,21.55807876586914,35.272212982177734
2020-05-21,76.76642608642578,81.06946563720703,122.33699798583984,19.779024124145508,36.61674118041992,35.43303680419922,71.59754943847656,39.6858024597168,69.76093292236328,156.29991149902344,124.04598236083984,76.96578216552734,229.5883026123047,60.455650329589844,174.72662353515625,26.705076217651367,15.580981254577637,259.2851257324219,21.50532341003418,34.642486572265625
2020-05-22,77.26068878173828,82.03812408447266,121.84400177001953,19.571735382080078,35.884395599365234,35.07644271850586,70.22845458984375,39.655452728271484,70.08275604248047,156.15232849121094,122.91358184814453,76.3682632446289,233.08090209960938,60.31350326538086,174.8028564453125,26.877090454101562,15.39705753326416,262.0234375,21.250356674194336,34.673583984375
2020-05-26,76.73736572265625,80.2533187866211,121.09300231933594,20.9709529876709,39.19618606567383,35.392520904541016,72.57770538330078,39.018287658691406,70.4859390258789,170.15077209472656,123.07534790039062,81.78839874267578,230.39198303222656,61.016387939453125,172.9549102783203,26.869924545288086,16.115236282348633,266.49688720703125,23.087892532348633,35.6920280456543
2020-05-27,77.07169342041016,81.40133666992188,120.51950073242188,22.439266204833984,42.52424621582031,36.20296859741211,73.04442596435547,39.99679183959961,70.43187713623047,181.9535369873047,123.3563003540039,86.52569580078125,227.35581970214844,61.24542236328125,173.18350219726562,26.812585830688477,16.684524536132812,274.5217590332031,24.573747634887695,35.94857406616211
2020-05-28,77.10560607910156,82.6031494140625,120.05500030517578,21.471904754638672,40.00175857543945,34.857627868652344,70.68741607666016,39.17000198364258,70.33071899414062,174.6288604736328,125.12718963623047,85.23680114746094,223.70448303222656,62.422149658203125,172.79293823242188,27.36445426940918,16.45681381225586,274.7024841308594,23.931926727294922,35.01565933227539
2020-05-29,77.03050231933594,85.13236236572266,122.11849975585938,20.832759857177734,38.98463439941406,34.18495178222656,71.33304595947266,38.66179275512695,71.08845520019531,171.58990478515625,126.64268493652344,83.06021118164062,223.33737182617188,63.748939514160156,174.55520629882812,27.371625900268555,16.17654800415039,275.4978332519531,23.27252197265625,35.349952697753906
2020-06-01,77.9778060913086,83.41931915283203,123.552001953125,21.2559814453125,40.237735748291016,35.16559600830078,72.18097686767578,39.29895782470703,71.1553955078125,174.5939483642578,125.31449127197266,84.16130065917969,230.104248046875,62.83280944824219,174.1551055908203,25.414976119995117,16.141511917114258,276.47381591796875,23.81763458251953,35.97966766357422
2020-06-02,78.33881378173828,83.06951904296875,123.62049865722656,21.454631805419922,41.36878204345703,35.82206726074219,73.65898895263672,41.57451248168945,71.52436065673828,178.27044677734375,126.2169418334961,84.44297790527344,230.90794372558594,63.84370040893555,176.1364288330078,25.91668128967285,16.63091468811035,276.8173522949219,24.090181350708008,36.780433654785156
2020-06-03,78.77006530761719,81.97534942626953,123.91999816894531,22.447904586791992,43.40304946899414,36.56768798828125,75.595947265625,41.99928665161133,71.37260437011719,183.88558959960938,126.5574951171875,89.00099182128906,228.36790466308594,64.80718994140625,176.56507873535156,25.91668128967285,17.292274475097656,275.9496765136719,25.34744644165039,38.280879974365234
2020-06-04,78.09170532226562,79.15013885498047,123.02999877929688,23.291545867919922,45.28270721435547,36.23539733886719,74.89582824707031,41.832401275634766,70.13532257080078,187.59701538085938,124.92282104492188,90.85326385498047,224.52801513671875,64.4044189453125,174.2408905029297,25.809171676635742,17.927175521850586,269.37969970703125,26.569534301757812,38.17203903198242
2020-06-05,80.31580352783203,80.59412384033203,124.1500015258789,24.44829559326172,47.89470291137695,39.37994384765625,78.41967010498047,44.987850189208984,71.4107894897461,190.30416870117188,125.4081039428711,94.94181823730469,228.97312927246094,64.96514892578125,178.31776428222656,25.79483985900879,19.390974044799805,281.8238830566406,27.844385147094727,41.266231536865234
2020-06-08,80.79068756103516,83.01570129394531,126.2030029296875,24.822280883789062,49.83131408691406,40.77394104003906,80.30998229980469,47.11170959472656,71.8084945678711,192.82789611816406,124.9568862915039,96.83670806884766,229.5982208251953,65.47058868408203,179.42271423339844,26.224868774414062,20.854780197143555,279.6820373535156,29.295066833496094,42.55677795410156
2020-06-09,83.3418960571289,80.96186065673828,130.04299926757812,24.543968200683594,48.41547775268555,39.412376403808594,78.97977447509766,45.10921859741211,72.00884246826172,190.46139526367188,124.26729583740234,94.35284423828125,236.81163024902344,64.96514892578125,180.79440307617188,25.952512741088867,19.849517822265625,279.4380798339844,28.688419342041016,41.608299255371094
2020-06-10,85.48609161376953,82.65697479248047,132.37249755859375,23.134992599487305,45.45357894897461,37.207950592041016,75.90707397460938,42.196495056152344,72.63467407226562,186.4617462158203,125.83379364013672,90.52888488769531,234.88673400878906,64.57817077636719,187.50035095214844,25.744667053222656,18.48271369934082,276.3111877441406,26.12114715576172,39.3770637512207
2020-06-11,81.38186645507812,78.72860717773438,127.89800262451172,20.812795639038086,39.37520980834961,34.13632583618164,69.52056884765625,38.7983283996582,69.52041625976562,169.5289306640625,119.93374633789062,82.97486114501953,222.68251037597656,61.087467193603516,177.431884765625,23.86685562133789,16.322284698486328,256.41131591796875,23.553874969482422,35.90193176269531
2020-06-12,82.08445739746094,79.84072875976562,127.2509994506836,21.55207061767578,42.5161018371582,35.441139221191406,71.86980438232422,39.875431060791016,70.0669174194336,176.20948791503906,121.0235366821289,85.2453384399414,226.80020141601562,60.73719787597656,178.83218383789062,24.189376831054688,16.754371643066406,257.6946105957031,24.59132957458496,36.67158126831055
2020-06-15,83.09960174560547,80.31610107421875,128.63400268554688,21.873870849609375,43.110103607177734,35.133182525634766,70.96746063232422,39.602359771728516,70.45469665527344,180.16543579101562,120.2573013305664,86.42325592041016,230.6896514892578,58.92225646972656,179.9752197265625,23.90985679626465,17.036548614501953,258.7158508300781,24.802339553833008,36.64826202392578
2020-06-16,85.30194091796875,80.48649597167969,130.7635040283203,22.439205169677734,44.306251525878906,36.55958557128906,73.14553833007812,41.415218353271484,71.73065185546875,183.02975463867188,122.99022674560547,87.11463165283203,233.81515502929688,61.27055358886719,184.38552856445312,23.938526153564453,17.239362716674805,264.7887878417969,25.07489585876465,37.47234344482422
2020-06-17,85.1832275390625,81.52688598632812,132.0489959716797,21.743412017822266,43.12638473510742,35.676177978515625,71.20858001708984,39.807159423828125,72.03166198730469,180.0606231689453,122.61563110351562,84.91242980957031,233.69607543945312,60.7292366027832,185.02371215820312,24.05320167541504,17.486265182495117,264.4273986816406,24.13414764404297,36.251773834228516
2020-06-18,85.2171630859375,80.97083282470703,132.69900512695312,21.77820587158203,43.158935546875,36.02467346191406,71.5197525024414,40.148494720458984,71.11820983886719,178.00840759277344,122.09628295898438,84.45150756835938,234.10287475585938,60.67353057861328,187.0050506591797,23.823850631713867,17.79490089416504,263.4151916503906,24.222063064575195,36.477230072021484
2020-06-19,84.73016357421875,81.32957458496094,133.75050354003906,21.960851669311523,43.06128692626953,35.41684341430664,70.50069427490234,39.67061996459961,70.64810180664062,176.07850646972656,122.4538345336914,83.48698425292969,236.93067932128906,62.010860443115234,185.89053344726562,23.952863693237305,17.38045310974121,264.331787109375,24.266027450561523,35.746437072753906
2020-06-22,86.94702911376953,81.0246353149414,135.6909942626953,21.412912368774414,42.36151123046875,35.303375244140625,71.24747467041016,39.76164627075195,71.93842315673828,177.64166259765625,122.0792236328125,82.58220672607422,237.35736083984375,61.09541702270508,191.0534210205078,23.730676651000977,17.47745132446289,265.629638671875,24.046220779418945,36.08852005004883
2020-06-23,88.8028793334961,81.88565063476562,138.2205047607422,21.56076431274414,43.08570861816406,35.5059928894043,71.1308364868164,39.7919921875,72.59896850585938,178.8292999267578,121.62802124023438,83.58941650390625,240.35382080078125,61.389957427978516,192.32980346679688,23.486988067626953,17.256996154785156,270.10430908203125,23.940717697143555,36.30619812011719
2020-06-24,87.23534393310547,78.298095703125,136.72000122070312,20.70842742919922,41.34437561035156,33.22051239013672,68.17479705810547,37.12957763671875,71.04779815673828,172.92599487304688,119.03984069824219,80.79826354980469,232.1978302001953,60.39491653442383,188.4529266357422,23.0712890625,15.749110221862793,262.4621276855469,22.964807510375977,34.59584045410156
2020-06-25,88.39342498779297,80.37887573242188,137.72900390625,21.4998836517334,42.86600875854492,34.08768844604492,69.39610290527344,38.47974395751953,71.46434783935547,180.85531616210938,118.91210174560547,83.61502075195312,233.84487915039062,60.95213317871094,190.8342742919922,23.164466857910156,16.242919921875,268.85174560546875,24.063810348510742,35.116722106933594
2020-06-26,85.6774673461914,79.56269073486328,134.64349365234375,20.1343994140625,40.3435173034668,32.70180892944336,67.25688171386719,36.9854736328125,67.56854248046875,165.21499633789062,117.32855987548828,79.03138732910156,214.3975067138672,59.853614807128906,187.01455688476562,22.96378517150879,15.378748893737793,260.3746643066406,22.279022216796875,33.91170120239258
2020-06-29,87.65206146240234,79.8317642211914,134.0189971923828,20.34313201904297,40.9212532043457,33.471744537353516,68.19815063476562,37.66054153442383,69.28585052490234,168.95257568359375,118.3757095336914,79.38134002685547,218.92198181152344,60.59394073486328,189.0244598388672,23.393815994262695,15.881376266479492,262.98858642578125,22.595537185668945,34.455902099609375
2020-06-30,88.38372802734375,82.00224304199219,137.9409942626953,20.656246185302734,41.58034133911133,34.055274963378906,69.41165924072266,38.4266471862793,70.3212890625,172.57666015625,119.72944641113281,80.2861328125,225.3019561767578,61.55712127685547,193.85389709472656,23.43682098388672,16.216466903686523,267.6990661621094,22.50761604309082,34.76688003540039
2020-07-01,88.21658325195312,82.19056701660156,143.93499755859375,20.23006820678711,40.97006607055664,33.01789474487305,68.15924835205078,37.81982421875,71.50897979736328,172.53302001953125,119.5166015625,79.603271484375,235.70034790039062,62.185970306396484,194.9874267578125,24.182214736938477,15.625650405883789,270.2221984863281,22.059223175048828,33.98167037963867
2020-07-02,88.21658325195312,82.71974182128906,144.51499938964844,20.256166458129883,41.132808685302734,33.86076354980469,68.69600677490234,38.320457458496094,72.89402770996094,172.38453674316406,120.0188980102539,79.86184692382812,231.60250854492188,62.71133804321289,196.473388671875,24.73409080505371,15.8549222946167,270.7032165527344,22.279022216796875,34.26931381225586
2020-07-06,90.57637786865234,83.38343048095703,152.8520050048828,20.577972412109375,42.288272857666016,33.73919677734375,68.89824676513672,38.237003326416016,74.36784362792969,181.0823516845703,121.73018646240234,81.87864685058594,238.40911865234375,63.348182678222656,200.70272827148438,24.73409080505371,16.533920288085938,274.8328552246094,22.41090202331543,34.51032638549805
2020-07-07,90.29531860351562,82.92601776123047,150.00599670410156,20.01263427734375,40.94566345214844,32.93684005737305,67.14019012451172,36.49242401123047,73.88533020019531,174.09619140625,121.61949920654297,79.56880950927734,238.98455810546875,62.66360855102539,198.36898803710938,24.390064239501953,16.03128433227539,269.24200439453125,21.50532341003418,33.61627197265625
2020-07-08,92.39833068847656,83.03367614746094,154.0554962158203,20.090917587280273,41.40133285522461,33.26103973388672,67.17131805419922,35.984214782714844,74.56373596191406,176.61993408203125,121.97709655761719,80.4134521484375,241.68341064453125,62.02678680419922,202.73167419433594,24.189376831054688,15.934287071228027,270.7939453125,21.58445167541504,33.53852844238281
2020-07-09,92.795654296875,84.01126098632812,159.13150024414062,19.80390167236328,40.237735748291016,31.080909729003906,64.36311340332031,33.6328010559082,75.31055450439453,171.88681030273438,121.31298828125,78.67245483398438,242.5962371826172,61.04766082763672,204.1510009765625,23.981531143188477,15.105386734008789,264.2592468261719,21.13606071472168,32.154693603515625
2020-07-10,92.95799255371094,83.44622802734375,160.0,20.891075134277344,42.84159469604492,32.16691589355469,66.30009460449219,34.436832427978516,76.31971740722656,179.51046752929688,121.2108154296875,82.97323608398438,243.16177368164062,61.079505920410156,203.53179931640625,24.246723175048828,15.687379837036133,264.32275390625,22.393320083618164,33.15758514404297
2020-07-13,92.5291519165039,83.49107360839844,155.1999969482422,21.038923263549805,42.47542953491211,32.142608642578125,66.43231201171875,34.095497131347656,74.99170684814453,182.40969848632812,123.62877655029297,84.16263580322266,237.13905334472656,61.57304763793945,197.24501037597656,25.23579216003418,15.325838088989258,272.01934814453125,22.340566635131836,33.16535568237305
2020-07-14,94.06036376953125,85.37284088134766,154.1999969482422,20.995439529418945,40.807334899902344,33.4798469543457,68.72712707519531,35.862850189208984,75.4196548461914,186.88963317871094,125.93599700927734,84.6452865600586,237.86337280273438,62.28946304321289,198.46424865722656,25.250125885009766,16.216466903686523,280.0152893066406,21.320690155029297,34.261539459228516
2020-07-15,94.70723724365234,87.092529296875,150.44349670410156,21.395519256591797,42.1824951171875,33.73109436035156,69.14716339111328,35.999385833740234,75.22229766845703,189.41343688964844,126.2254638671875,85.95535278320312,238.40911865234375,63.236751556396484,198.1689453125,25.601320266723633,16.666189193725586,275.9764404296875,22.287813186645508,34.69690704345703
2020-07-16,93.5418930053711,86.79540252685547,149.9949951171875,20.812795639038086,41.873287200927734,33.70677947998047,68.7348861694336,36.56134033203125,75.12508392333984,187.4660186767578,127.068359375,86.1966781616211,239.05401611328125,63.20490646362305,194.2444305419922,25.51531410217285,16.595643997192383,278.7718505859375,22.38452911376953,34.4248046875
2020-07-17,93.35289764404297,89.36146545410156,148.09849548339844,20.195283889770508,40.864280700683594,32.716121673583984,67.82475280761719,36.05672836303711,75.2208023071289,184.61915588378906,127.15342712402344,84.60218811035156,240.14549255371094,63.57904815673828,193.25381469726562,25.98118782043457,16.419279098510742,278.2091979980469,21.936134338378906,33.833953857421875
2020-07-20,95.32019805908203,89.20840454101562,159.8419952392578,20.508384704589844,40.799190521240234,32.2003288269043,66.33119201660156,36.4695930480957,77.55104064941406,184.881103515625,127.36632537841797,83.86096954345703,243.5090789794922,63.21287155151367,201.56002807617188,26.16036605834961,16.260557174682617,275.4227600097656,21.60204315185547,33.04096984863281
2020-07-21,94.004638671875,88.40707397460938,156.9145050048828,21.23896598815918,42.092979431152344,34.10795593261719,71.0919189453125,38.5491943359375,77.15829467773438,185.15185546875,127.48553466796875,85.67953491210938,239.86766052246094,62.798927307128906,198.84527587890625,26.29654312133789,17.248186111450195,276.92041015625,23.035140991210938,34.712459564208984
2020-07-22,94.26871490478516,90.20780944824219,154.99549865722656,21.143295288085938,42.03602600097656,33.477542877197266,70.81964111328125,38.373348236083984,77.60113525390625,179.8947296142578,127.71538543701172,85.0589828491211,238.0022735595703,62.71133804321289,201.7029266357422,27.636816024780273,16.904277801513672,278.3725280761719,23.087892532348633,33.9039192199707
2020-07-23,89.97794342041016,90.77503204345703,149.32749938964844,21.343332290649414,42.377777099609375,33.12548828125,70.79631042480469,37.34884262084961,75.2158432006836,177.2923583984375,127.37483978271484,85.3089370727539,230.7888946533203,62.138214111328125,192.92991638183594,27.529306411743164,17.018909454345703,274.9781188964844,23.167022705078125,33.973899841308594
2020-07-24,89.75505828857422,89.0913314819336,150.44549560546875,21.17807960510254,42.044158935546875,32.97811508178711,70.11177825927734,37.49410629272461,74.7923355102539,175.93878173828125,126.10629272460938,84.70561981201172,228.9136199951172,61.374027252197266,191.74874877929688,26.991762161254883,17.177637100219727,272.99951171875,23.087892532348633,33.76398849487305
2020-07-27,91.88227081298828,90.02771759033203,152.760498046875,20.995439529418945,41.734947204589844,32.56056213378906,70.81964111328125,37.12712097167969,75.84464263916016,177.2923583984375,125.30596160888672,83.51622772216797,231.681884765625,62.83076095581055,194.17774963378906,26.9057559967041,17.35399627685547,271.0118713378906,22.41090202331543,34.261539459228516
2020-07-28,90.37287139892578,89.91069030761719,150.01649475097656,21.186779022216797,41.71867752075195,31.897401809692383,69.31832885742188,36.140830993652344,74.56621551513672,176.06976318359375,125.00801086425781,83.87821960449219,228.32821655273438,63.43574523925781,192.4345703125,27.966508865356445,16.88663673400879,272.21893310546875,22.446073532104492,33.85727310180664
2020-07-29,92.10516357421875,92.30564880371094,151.67649841308594,21.978239059448242,42.735816955566406,32.69976043701172,70.06507873535156,37.081241607666016,75.55107116699219,176.90811157226562,124.7610855102539,85.91222381591797,231.47348022460938,63.16511917114258,194.37779235839844,28.13851547241211,17.133548736572266,278.3453369140625,22.66587257385254,34.230445861816406
2020-07-30,93.21964263916016,91.41429901123047,152.593994140625,21.604257583618164,41.39318084716797,30.816694259643555,67.10909271240234,35.61328125,76.2879867553711,174.24465942382812,125.01651763916016,83.6196517944336,232.67408752441406,62.87855529785156,194.22537231445312,28.037199020385742,16.260557174682617,277.0292663574219,21.672374725341797,32.55118179321289
2020-07-31,102.97869873046875,90.61296081542969,158.23399353027344,21.63904571533203,41.10551834106445,30.612009048461914,65.29659271240234,35.81971740722656,73.78765106201172,172.8735809326172,124.09699249267578,83.29212951660156,251.69483947753906,63.87356948852539,195.28273010253906,27.84902000427246,15.996010780334473,274.8056640625,21.329484939575195,32.714447021484375
2020-08-03,105.57351684570312,90.64897918701172,155.59449768066406,21.734718322753906,41.4178581237793,30.055280685424805,65.97335815429688,35.452720642089844,73.5302734375,174.1223602294922,125.45069122314453,82.82670593261719,249.99813842773438,65.7044448852539,206.2656707763672,27.754941940307617,16.50745964050293,275.5589294433594,21.355863571166992,32.84660720825195
2020-08-04,106.27855682373047,89.97370147705078,156.94149780273438,21.752111434936523,41.21236801147461,30.816694259643555,67.2802505493164,37.050655364990234,73.06114959716797,176.08726501464844,125.34001159667969,82.35269165039062,247.88475036621094,65.01188659667969,203.1698455810547,27.783893585205078,16.95718765258789,276.36676025390625,21.294313430786133,33.79507827758789
2020-08-05,106.66376495361328,91.96354675292969,160.25149536132812,22.082609176635742,41.95212936401367,31.127803802490234,67.83251953125,38.801509857177734,73.34827423095703,178.60226440429688,126.34466552734375,83.78340911865234,247.18026733398438,64.98800659179688,202.8364715576172,27.827322006225586,17.195276260375977,283.60040283203125,21.45256805419922,34.09049987792969
2020-08-06,110.38517761230469,91.61236572265625,161.25,22.152189254760742,41.828826904296875,31.152362823486328,68.04256439208984,38.908538818359375,74.63066864013672,178.3665008544922,125.6209487915039,83.80925750732422,263.2144470214844,64.51834106445312,206.0846710205078,27.697046279907227,17.036548614501953,285.0434875488281,21.39960289001465,33.927242279052734
2020-08-07,107.87548828125,91.14417266845703,158.3730010986328,22.708818435668945,42.83981704711914,31.35704803466797,67.52136993408203,37.3182487487793,74.30437469482422,181.87705993652344,126.51497650146484,85.65367889404297,266.349853515625,64.49446105957031,202.3983154296875,27.827322006225586,17.30990982055664,287.7390441894531,22.132343292236328,33.771759033203125
2020-08-10,109.44344329833984,90.07273864746094,157.4080047607422,23.100196838378906,43.44805908203125,32.454124450683594,69.80059051513672,38.57978439331055,74.22752380371094,182.8463897705078,126.02962493896484,86.73965454101562,260.9521789550781,64.40692138671875,198.36898803710938,27.783893585205078,17.830175399780273,289.6177978515625,21.80570411682129,34.60360336303711
2020-08-11,106.18860626220703,89.19037628173828,154.0334930419922,23.413305282592773,44.187808990478516,32.511451721191406,69.71502685546875,37.784629821777344,73.42017364501953,184.31346130371094,125.12718963623047,89.48042297363281,254.13571166992188,64.40692138671875,193.73008728027344,27.349658966064453,17.900718688964844,286.3957214355469,22.35304832458496,34.96123123168945
2020-08-12,109.71772003173828,90.62197875976562,158.11199951171875,23.248058319091797,43.85081100463867,34.10795593261719,70.57072448730469,37.532325744628906,74.74424743652344,185.24790954589844,127.41741180419922,88.72197723388672,257.866455078125,65.81587219238281,199.26438903808594,27.7404727935791,17.953630447387695,292.4949645996094,22.238283157348633,34.953304290771484
2020-08-13,111.65943908691406,91.02713775634766,158.05099487304688,22.917556762695312,43.472721099853516,33.264671325683594,69.87059783935547,36.2555046081543,75.21087646484375,181.98187255859375,126.00409698486328,88.23072052001953,259.2654113769531,66.5004653930664,198.7976531982422,27.624671936035156,17.521543502807617,291.81414794921875,22.08820152282715,34.097110748291016
2020-08-14,111.55992889404297,90.02771759033203,157.4010009765625,23.021926879882812,43.505592346191406,33.420230865478516,70.28289794921875,36.67601776123047,74.61481475830078,181.6150665283203,126.20841979980469,88.26517486572266,259.20587158203125,66.45272064208984,198.98812866210938,27.54506492614746,17.697906494140625,293.79278564453125,22.33539390563965,34.247737884521484
2020-08-17,111.26866912841797,90.67599487304688,159.12049865722656,22.52617835998535,42.264461517333984,33.321990966796875,70.60961151123047,35.582698822021484,75.1905517578125,177.3360137939453,126.84698486328125,85.93811798095703,259.1264953613281,67.47163391113281,200.30267333984375,27.754941940307617,17.644994735717773,290.8975830078125,21.60265350341797,33.80378723144531
2020-08-18,112.19583129882812,90.90108489990234,165.62449645996094,22.20438003540039,41.37675476074219,33.01905822753906,69.14976501464844,35.43743133544922,77.1513442993164,175.79905700683594,127.78349304199219,84.74010467529297,260.2973327636719,67.31241607666016,201.45526123046875,27.76218032836914,17.433368682861328,287.5393981933594,21.223039627075195,33.637306213378906
2020-08-19,112.33663177490234,90.46891021728516,163.0240020751953,22.178281784057617,41.335662841796875,32.46232986450195,68.17127227783203,34.871646881103516,76.597412109375,177.2923583984375,128.03890991210938,84.93832397460938,260.5453796386719,67.68656158447266,200.2330322265625,27.689807891845703,17.389272689819336,286.2596435546875,21.249523162841797,33.26470184326172
2020-08-20,114.82933807373047,91.50434112548828,164.86849975585938,21.83038902282715,40.7520751953125,31.741849899291992,66.92447662353516,33.7171630859375,78.16645812988281,176.2706298828125,128.91580200195312,83.92130279541016,266.9154052734375,67.68656158447266,204.89271545410156,28.022724151611328,16.551555633544922,284.3808898925781,20.96702003479004,32.757328033447266
2020-08-21,120.74677276611328,92.19762420654297,164.23599243164062,21.72602081298828,40.52192687988281,31.24241828918457,67.13754272460938,33.1743278503418,78.13273620605469,176.77716064453125,130.0566864013672,83.87821960449219,264.93096923828125,67.64677429199219,203.40318298339844,28.138519287109375,16.38400650024414,285.1161193847656,20.86990737915039,32.511566162109375
2020-08-24,122.19091796875,91.28823852539062,165.3730010986328,22.343534469604492,41.96855926513672,31.82371711730957,68.81045532226562,33.89302444458008,78.60780334472656,181.06492614746094,130.39950561523438,86.23979187011719,269.2768859863281,67.99702453613281,204.04290771484375,28.10957145690918,17.239362716674805,280.30572509765625,21.620311737060547,33.4708251953125
2020-08-25,121.18849182128906,92.26065063476562,167.32449340820312,22.613147735595703,42.45351028442383,31.807344436645508,67.9660873413086,33.931251525878906,79.63432312011719,179.8947296142578,130.32235717773438,86.61898803710938,278.63348388671875,68.20398712158203,206.6973876953125,27.79836654663086,16.98363494873047,283.3734130859375,21.726247787475586,32.40851974487305
2020-08-26,122.8365478515625,92.90890502929688,172.09249877929688,22.230466842651367,41.79595184326172,30.75119400024414,66.90079498291016,33.07493209838867,81.53263854980469,180.9601287841797,130.52804565429688,85.40373229980469,301.5436706542969,68.092529296875,211.16612243652344,27.537826538085938,16.4633731842041,280.28753662109375,21.223039627075195,31.718795776367188
2020-08-27,121.3681411743164,100.20187377929688,170.0,22.656633377075195,42.51103973388672,31.23424530029297,67.00337982177734,34.367042541503906,80.75852966308594,183.51882934570312,131.11082458496094,88.2134780883789,290.9368591308594,68.3154296875,216.35096740722656,27.400320053100586,16.48982810974121,282.87432861328125,21.70859146118164,31.50475311279297
2020-08-28,121.17151641845703,99.75171661376953,170.08999633789062,22.87407112121582,42.97133255004883,31.42253303527832,67.571533203125,35.33039855957031,81.29955291748047,181.3880615234375,131.67648315429688,88.57544708251953,291.37347412109375,68.18010711669922,218.57583618164062,27.436504364013672,17.124731063842773,285.3247375488281,21.796875,32.25788116455078
2020-08-31,125.2807388305664,98.56319427490234,172.54800415039062,22.38701820373535,42.01787567138672,31.02137565612793,66.23005676269531,34.66521453857422,80.80863189697266,179.99107360839844,131.4793701171875,86.35179901123047,290.91705322265625,67.8775863647461,215.348388671875,27.349658966064453,16.7631893157959,283.6728210449219,21.320148468017578,31.663301467895508
2020-09-01,130.27098083496094,95.93414306640625,174.95599365234375,22.360929489135742,42.08363342285156,30.423702239990234,65.5593032836914,34.565826416015625,82.07564544677734,180.50950622558594,129.85955810546875,86.30872344970703,293.13958740234375,67.20893859863281,217.00990295410156,26.691064834594727,16.536834716796875,283.9271240234375,21.23186683654785,31.25899314880371
2020-09-02,127.57196807861328,98.53621673583984,176.57249450683594,22.630544662475586,42.70008850097656,29.785091400146484,65.64610290527344,33.411338806152344,85.16561126708984,184.5332489013672,131.83934020996094,87.61015319824219,300.1446228027344,69.19904327392578,221.1920928955078,26.922658920288086,16.661108016967773,290.6524658203125,21.690940856933594,31.0687198638916
2020-09-03,117.35843658447266,95.01577758789062,168.39999389648438,22.472900390625,42.33021545410156,29.46579933166504,64.92803955078125,32.97554397583008,80.8076400756836,182.35443115234375,128.17117309570312,87.33435821533203,288.853271484375,68.05274963378906,207.48995971679688,26.34367561340332,16.971786499023438,287.0129699707031,21.646793365478516,31.00530242919922
2020-09-04,117.43611907958984,93.78227233886719,164.7310028076172,23.243600845336914,43.16859817504883,29.359359741210938,64.65185546875,32.98319625854492,78.41242980957031,185.323974609375,127.34841918945312,89.22185516357422,280.5285339355469,67.85371398925781,204.57765197753906,26.314727783203125,17.14043426513672,283.17376708984375,21.885156631469727,30.981515884399414
2020-09-08,109.53325653076172,92.59378051757812,157.49200439453125,22.315258026123047,41.95212936401367,27.885663986206055,62.31606674194336,31.217042922973633,75.55553436279297,177.89132690429688,126.20851135253906,86.11911010742188,269.0486755371094,66.33330535888672,193.5109405517578,26.003524780273438,16.314926147460938,278.8625793457031,21.161243438720703,30.26802635192871
2020-09-09,113.90214538574219,95.26785278320312,163.4304962158203,22.34153175354004,42.248023986816406,28.213153839111328,63.152523040771484,32.004547119140625,76.72735595703125,177.66294860839844,128.2996826171875,86.9378890991211,271.5887145996094,67.5671615600586,201.7512664794922,26.18445587158203,16.519086837768555,283.1919250488281,21.046470642089844,30.085681915283203
2020-09-10,110.18372344970703,93.63819885253906,158.7554931640625,22.017486572265625,41.87814712524414,26.95231819152832,61.668983459472656,29.053342819213867,75.67703247070312,175.72129821777344,125.90857696533203,86.04151916503906,266.0025329589844,66.52435302734375,196.09852600097656,25.80088233947754,15.720202445983887,276.45745849609375,21.143583297729492,29.332555770874023
2020-09-11,108.73715209960938,94.2684555053711,155.81100463867188,22.332775115966797,41.91923904418945,27.10788345336914,61.30599594116211,29.856142044067383,75.16675567626953,176.52076721191406,126.65422821044922,87.11024475097656,264.53411865234375,67.24876403808594,194.81900024414062,26.104848861694336,15.862229347229004,274.75323486328125,21.426088333129883,29.25328254699707
2020-09-14,111.99925231933594,95.15982055664062,155.14849853515625,22.551725387573242,39.57669448852539,27.443559646606445,60.9903678894043,29.9478702545166,74.8230972290039,176.88978576660156,127.14273071289062,88.31687927246094,264.07763671875,67.48128509521484,196.1367645263672,26.7851505279541,16.004253387451172,281.21466064453125,21.902812957763672,29.063011169433594
2020-09-15,112.17401123046875,95.96115112304688,157.80650329589844,22.140100479125977,36.83139419555664,27.672800064086914,60.248600006103516,29.504436492919922,76.12680053710938,173.95535278320312,127.60551452636719,85.56749725341797,270.298828125,67.52136993408203,199.3546142578125,26.74896240234375,16.1551513671875,279.993408203125,21.964611053466797,28.753833770751953
2020-09-16,108.86336517333984,95.16883850097656,153.90499877929688,22.42035675048828,37.82595443725586,28.720767974853516,61.992523193359375,31.239992141723633,74.98475646972656,176.30992126464844,127.18557739257812,85.92947387695312,261.4681396484375,68.6118392944336,195.79298400878906,26.618694305419922,17.025041580200195,279.34649658203125,22.697351455688477,29.97469711303711
2020-09-17,107.12547302246094,96.033203125,150.43649291992188,22.20140266418457,37.42319869995117,29.547670364379883,62.17402267456055,31.492292404174805,73.74252319335938,171.17030334472656,126.13140106201172,84.94692993164062,252.83587646484375,68.66798400878906,193.7495574951172,26.647640228271484,16.936281204223633,277.9429626464844,22.167659759521484,29.966766357421875
2020-09-18,103.72747039794922,96.2132797241211,147.74549865722656,22.078792572021484,36.87248992919922,29.367557525634766,61.716346740722656,31.12529945373535,71.9597396850586,171.19667053222656,127.85406494140625,84.76593780517578,250.563720703125,68.8042984008789,191.34336853027344,26.510135650634766,16.62560272216797,280.7134094238281,22.18531608581543,29.483184814453125
2020-09-21,106.87309265136719,95.39393615722656,148.02349853515625,21.430707931518555,36.108089447021484,28.13128662109375,60.209129333496094,29.672632217407227,70.92086029052734,170.44114685058594,124.35734558105469,82.14582061767578,246.21778869628906,66.65540313720703,193.3962860107422,26.06865882873535,15.329642295837402,272.6662292480469,21.223039627075195,28.880672454833984
2020-09-22,108.55268096923828,94.3584976196289,156.44949340820312,20.966537475585938,35.582035064697266,28.08216094970703,59.60151290893555,29.397396087646484,72.39266204833984,168.3501434326172,123.59455108642578,81.24947357177734,252.7664337158203,66.50303649902344,198.05596923828125,26.235118865966797,15.382899284362793,268.1732482910156,20.878740310668945,28.16717529296875
2020-09-23,103.99931335449219,92.49474334716797,149.9929962158203,20.370994567871094,34.3984260559082,26.95231819152832,56.77650833129883,27.814743041992188,69.89183807373047,163.51806640625,123.79168701171875,79.93080139160156,247.0810546875,66.25447845458984,191.53433227539062,26.054183959960938,14.743794441223145,266.2412109375,20.15482521057129,27.26342010498047
2020-09-24,105.06724548339844,90.86508178710938,150.989501953125,20.441059112548828,34.677894592285156,27.50904655456543,56.658145904541016,28.021181106567383,70.55982208251953,171.41635131835938,123.9887924194336,79.86184692382812,247.58705139160156,66.67142486572266,194.01695251464844,25.8804931640625,14.75267219543457,266.7151794433594,20.587406158447266,27.207921981811523
2020-09-25,109.00896453857422,93.14300537109375,154.75650024414062,20.572429656982422,34.53816604614258,27.59092140197754,56.681827545166016,28.632829666137695,71.36319732666016,171.27577209472656,124.8372573852539,80.55996704101562,252.83587646484375,66.49504089355469,198.4379119873047,26.09037208557129,14.131318092346191,275.6827697753906,20.86990737915039,27.461610794067383
2020-09-28,111.61090850830078,94.03437805175781,158.70249938964844,21.097902297973633,35.623138427734375,27.599124908447266,58.33894348144531,28.625186920166016,72.33515930175781,174.8954620361328,126.07999420166016,82.8784408569336,254.8203582763672,66.35871887207031,199.98480224609375,26.336441040039062,14.601770401000977,276.34814453125,21.02881622314453,27.992773056030273
2020-09-29,110.76624298095703,94.70964813232422,157.24400329589844,20.817649841308594,34.86695098876953,26.575708389282227,56.737060546875,27.66948127746582,72.70014190673828,172.892333984375,126.037109375,82.18031311035156,259.7516174316406,65.66914367675781,197.9031982421875,26.177213668823242,13.847271919250488,277.1865539550781,20.53443717956543,27.17621421813965
2020-09-30,112.4361343383789,97.98696899414062,157.43649291992188,21.097902297973633,35.434085845947266,26.886821746826172,56.81597137451172,27.47834014892578,72.67931365966797,176.564697265625,127.59693908691406,82.97323608398438,259.8607177734375,66.51107025146484,200.83457946777344,26.560794830322266,13.811763763427734,284.1309814453125,20.755144119262695,27.215850830078125
2020-10-01,113.3875961303711,97.81590270996094,161.06300354003906,21.106660842895508,35.7053337097168,26.551149368286133,55.56916046142578,26.652612686157227,73.78517150878906,174.4385986328125,126.25997161865234,83.57656860351562,264.55389404296875,65.46067810058594,202.8684539794922,26.321969985961914,13.323561668395996,285.3157043457031,20.799283981323242,26.2645320892334
2020-10-02,109.7274169921875,95.88912200927734,156.25,21.20299530029297,35.88615417480469,27.075132369995117,56.176788330078125,26.614391326904297,72.18340301513672,175.62464904785156,125.33439636230469,84.36947631835938,257.9159851074219,64.78713989257812,196.88153076171875,26.329200744628906,13.82064151763916,284.3223571777344,21.178897857666016,26.14560890197754
2020-10-05,113.10604095458984,97.74386596679688,159.9600067138672,21.562076568603516,36.91359329223633,28.06578254699707,57.36833953857422,27.87591552734375,73.53375244140625,177.2939453125,127.03988647460938,86.1527328491211,262.58935546875,65.13994598388672,200.88235473632812,26.59697914123535,14.26446533203125,289.94537353515625,21.584997177124023,26.74812126159668
2020-10-06,109.86334228515625,95.66403198242188,154.9980010986328,21.343128204345703,36.50261688232422,27.26344108581543,57.052711486816406,27.51657485961914,71.95628356933594,176.67015075683594,125.35148620605469,85.26544952392578,256.6459655761719,63.84901809692383,196.6141815185547,26.177213668823242,13.909407615661621,286.5733947753906,21.346633911132812,26.470643997192383
2020-10-07,111.7274169921875,97.00557708740234,159.7845001220703,21.789783477783203,36.85605239868164,28.106719970703125,58.22057342529297,28.067054748535156,72.35895538330078,178.87535095214844,126.73990631103516,86.75296020507812,256.11016845703125,64.17777252197266,200.35719299316406,26.39434051513672,14.157944679260254,294.52044677734375,21.902812957763672,26.557851791381836
2020-10-08,111.62062072753906,97.72586822509766,159.52749633789062,22.10506820678711,36.757415771484375,29.089189529418945,59.35689926147461,28.801029205322266,73.56350708007812,182.72344970703125,127.60551452636719,88.53617858886719,261.70623779296875,64.53057098388672,201.07333374023438,26.69830322265625,14.584015846252441,293.8277587890625,22.33539390563965,27.95313262939453
2020-10-09,113.5623550415039,98.72528839111328,164.33250427246094,22.210163116455078,36.930030822753906,28.761701583862305,58.39419174194336,28.71693229675293,74.9034194946289,182.33685302734375,129.38816833496094,88.03166198730469,262.3909606933594,64.43434143066406,206.06723022460938,26.62592887878418,14.406487464904785,298.7763977050781,22.33539390563965,27.5408878326416
2020-10-12,120.7759017944336,99.98580932617188,172.14649963378906,22.49041748046875,37.71089172363281,29.13831329345703,58.7966423034668,29.213905334472656,77.5882339477539,188.11776733398438,130.1338348388672,89.11031341552734,273.6029357910156,64.43434143066406,211.4048309326172,26.647640228271484,14.308847427368164,300.717529296875,22.67086410522461,27.45368194580078
2020-10-13,117.57201385498047,97.57282257080078,172.18150329589844,21.851091384887695,35.90260314941406,28.55702018737793,57.920719146728516,29.54266357421875,77.71121978759766,185.2097625732422,127.15129089355469,87.66631317138672,273.98992919921875,64.71497344970703,212.79891967773438,26.705537796020508,13.962667465209961,302.0389709472656,21.84101104736328,27.128646850585938
2020-10-14,117.65943145751953,97.33792114257812,168.1855010986328,20.686281204223633,35.36833190917969,28.270458221435547,57.56559753417969,28.762802124023438,77.53120422363281,185.5787353515625,126.92847442626953,87.17919158935547,269.7035217285156,64.55463409423828,210.88917541503906,26.67659568786621,14.157944679260254,293.3174133300781,20.52560806274414,27.073156356811523
2020-10-15,117.19337463378906,96.94950866699219,166.9324951171875,21.150453567504883,35.845062255859375,28.98275375366211,58.007537841796875,29.407644271850586,77.13597106933594,183.2681121826172,126.14855194091797,88.4840087890625,264.6432189941406,63.39198684692383,209.743408203125,26.452232360839844,14.575139999389648,295.79632568359375,20.260765075683594,27.310989379882812
2020-10-16,115.5526123046875,99.07240295410156,163.635498046875,21.229270935058594,35.499839782714844,27.988210678100586,57.51827621459961,28.897960662841797,77.74246215820312,181.16844177246094,126.92847442626953,88.30133819580078,263.8594055175781,64.00938415527344,209.743408203125,27.465456008911133,13.28805160522461,300.6537780761719,20.181310653686523,27.033517837524414
2020-10-19,112.60118103027344,97.59990692138672,160.36050415039062,20.77385711669922,35.26148223876953,27.10140037536621,56.247802734375,27.94807243347168,75.87042999267578,180.7115020751953,123.68883514404297,86.8138656616211,259.3646240234375,63.07926940917969,204.5489959716797,27.35689353942871,13.323561668395996,295.4772644042969,19.898805618286133,26.494426727294922
2020-10-20,114.08663940429688,97.88898468017578,160.85049438476562,21.141695022583008,35.771087646484375,27.0019474029541,56.563453674316406,28.017576217651367,76.91826629638672,182.76736450195312,123.88595581054688,87.3096694946289,265.4766845703125,62.7585563659668,204.95960998535156,27.132539749145508,13.749629974365234,294.7391357421875,20.13716697692871,26.716407775878906
2020-10-21,113.46526336669922,95.69380187988281,159.2469940185547,21.062870025634766,35.35189437866211,25.39409065246582,55.92428207397461,27.12175178527832,78.64946746826172,178.2691192626953,123.35455322265625,86.43978118896484,276.5597229003906,62.59819412231445,205.10281372070312,26.835813522338867,13.323561668395996,294.17413330078125,20.040056228637695,26.288307189941406
2020-10-22,112.37789916992188,98.90074920654297,158.82000732421875,21.781024932861328,36.12451934814453,26.446659088134766,57.920719146728516,28.519550323486328,79.67449951171875,180.45672607421875,124.34020233154297,89.4930648803711,275.9544677734375,63.51224899291992,205.18873596191406,27.089107513427734,13.580978393554688,296.8534851074219,20.52560806274414,27.63602066040039
2020-10-23,111.68856811523438,97.37408447265625,160.22000122070312,21.807296752929688,36.12451934814453,26.968799591064453,57.26575469970703,28.967449188232422,80.9797134399414,180.1404571533203,124.47731018066406,90.30204772949219,282.5725402832031,64.00938415527344,206.46823120117188,27.631906509399414,13.669742584228516,301.2916564941406,20.552091598510742,27.081085205078125
2020-10-26,111.69829559326172,98.46714782714844,160.3520050048828,21.49201202392578,35.557376861572266,25.12888526916504,55.97950744628906,26.97502899169922,78.5651626586914,176.7140655517578,123.38884735107422,88.06646728515625,274.9522705078125,63.215576171875,200.59588623046875,27.443740844726562,13.465585708618164,294.42010498046875,20.040056228637695,26.438936233520508
2020-10-27,113.20313262939453,98.08773803710938,164.31649780273438,20.887712478637695,34.423099517822266,25.07915496826172,54.85109329223633,26.70473861694336,79.2886734008789,171.91708374023438,122.68606567382812,86.40499877929688,281.0841979980469,62.53403091430664,203.62281799316406,27.089107513427734,13.394572257995605,292.09619140625,19.2631778717041,26.018770217895508
2020-10-28,107.96044921875,96.13645935058594,158.13900756835938,20.554912567138672,33.806640625,23.860837936401367,52.77571105957031,25.106159210205078,74.92078399658203,166.7248077392578,118.58084106445312,83.97805786132812,265.5858459472656,61.08273696899414,193.5299530029297,25.656137466430664,12.586814880371094,280.6952209472656,18.69816780090332,25.02780532836914
2020-10-29,111.9604263305664,94.85367584228516,160.55050659179688,20.6162166595459,34.242271423339844,24.1674861907959,54.29081344604492,26.23366355895996,77.20589447021484,166.87417602539062,117.57810974121094,84.52606201171875,278.643310546875,60.85020446777344,195.47784423828125,25.533103942871094,12.826478958129883,276.7582092285156,18.662857055664062,26.137685775756836
2020-10-30,105.68861389160156,94.95303344726562,151.8074951171875,20.756343841552734,34.46694564819336,23.719942092895508,54.84319305419922,26.442171096801758,80.14311218261719,166.08343505859375,117.50955200195312,85.28284454345703,261.06134033203125,60.304954528808594,193.32943725585938,25.67784881591797,13.26142692565918,278.0887451171875,18.93653106689453,25.860214233398438
2020-11-02,105.6012191772461,97.09403991699219,150.2239990234375,21.089139938354492,35.12432098388672,25.054298400878906,56.934326171875,27.144926071166992,80.5502700805664,167.1025848388672,118.86366271972656,87.20528411865234,259.324951171875,61.50769805908203,193.19580078125,26.220643997192383,13.829520225524902,284.4317932128906,19.333797454833984,26.946313858032227
2020-11-03,107.22257995605469,98.97303771972656,152.42050170898438,21.623382568359375,36.222740173339844,24.291807174682617,56.610801696777344,27.044532775878906,81.60851287841797,173.89385986328125,118.70083618164062,89.9541015625,263.2342224121094,61.67607879638672,197.1106719970703,26.191692352294922,13.989295959472656,292.8617248535156,19.501541137695312,26.48650360107422
2020-11-04,111.60120391845703,100.7526626586914,162.05799865722656,20.738826751708984,35.016151428222656,25.178611755371094,56.63447952270508,27.83223533630371,86.57695007324219,173.84117126464844,119.4721450805664,87.20528411865234,285.1423645019531,64.6428451538086,206.6210174560547,27.01674461364746,14.175702095031738,323.12762451171875,19.316144943237305,26.343799591064453
2020-11-05,115.56232452392578,102.55941772460938,166.10000610351562,21.553316116333008,35.8399658203125,24.96312141418457,56.92643356323242,27.49244499206543,87.40261840820312,178.3130340576172,119.78069305419922,90.77177429199219,292.3855285644531,64.51453399658203,213.20953369140625,26.607288360595703,13.776260375976562,322.9818115234375,19.803922653198242,26.296234130859375
2020-11-06,115.43106842041016,103.36339569091797,165.56849670410156,21.290578842163086,35.54039001464844,24.19235610961914,56.14522171020508,26.70473861694336,87.26524353027344,176.81948852539062,121.91472625732422,89.56267547607422,291.1253967285156,64.43434143066406,213.62013244628906,26.61459732055664,13.509965896606445,316.65704345703125,19.431434631347656,25.98705291748047
2020-11-09,113.12610626220703,98.81945037841797,157.18699645996094,24.312068939208984,39.6428108215332,27.664979934692383,62.655391693115234,31.129779815673828,87.34906005859375,188.82940673828125,125.19727325439453,101.68875122070312,276.59942626953125,64.5466079711914,208.53076171875,28.661874771118164,16.19952964782715,318.97186279296875,21.480119705200195,29.27706527709961
2020-11-10,112.78571319580078,100.10224914550781,151.75100708007812,24.22449493408203,39.65113067626953,29.446876525878906,65.55140686035156,32.581626892089844,86.17376708984375,191.06097412109375,127.08271789550781,101.35821533203125,270.30877685546875,65.03571319580078,201.48390197753906,28.28166961669922,16.252790451049805,322.3347473144531,21.453514099121094,29.926578521728516
2020-11-11,116.2090835571289,101.76443481445312,156.8695068359375,23.94423484802246,40.71626663208008,29.23967933654785,65.07006072998047,32.36539840698242,86.64537811279297,191.57057189941406,126.67135620117188,99.84461975097656,274.3272399902344,64.9956283569336,206.77383422851562,28.150056838989258,15.720202445983887,320.5211181640625,21.453514099121094,29.618059158325195
2020-11-12,115.93675994873047,101.13208770751953,155.51400756835938,23.374969482421875,40.17537307739258,28.187114715576172,63.65755081176758,31.2687931060791,86.42668914794922,188.46047973632812,127.09986877441406,98.61808776855469,272.9381103515625,64.03345489501953,205.71392822265625,27.4554443359375,15.356270790100098,322.990966796875,21.116498947143555,28.60318374633789
2020-11-13,115.98540496826172,101.71926879882812,156.4405059814453,23.646465301513672,40.49159240722656,29.305984497070312,65.51985931396484,32.95231246948242,87.8866195678711,192.47547912597656,128.4711456298828,99.23571014404297,274.7935791015625,65.01968383789062,206.7356414794922,28.2377986907959,15.977617263793945,324.1391906738281,21.347091674804688,29.293304443359375
2020-11-16,116.99684143066406,102.6858901977539,156.55299377441406,24.154430389404297,41.93949508666992,31.56028175354004,70.19928741455078,35.0219612121582,87.97439575195312,195.37472534179688,129.28536987304688,102.03671264648438,276.7879638671875,64.29003143310547,207.423095703125,27.294588088989258,17.788419723510742,325.18731689453125,22.083189010620117,30.982051849365234
2020-11-17,116.11181640625,102.13480377197266,156.7830047607422,24.12815284729004,42.21409225463867,32.198463439941406,69.69483184814453,35.26908493041992,87.3609619140625,197.3690643310547,127.9997787475586,101.0015640258789,272.8587646484375,65.34843444824219,204.77818298339844,27.77435302734375,17.83279800415039,320.8857116699219,22.20736312866211,31.396120071411133
2020-11-18,114.7891845703125,99.1627426147461,155.2729949951172,23.628950119018555,42.480384826660156,32.471961975097656,67.48481750488281,34.69762420654297,86.31857299804688,197.06158447265625,126.30281829833984,100.25344848632812,269.8523254394531,64.34614562988281,202.07838439941406,27.990135192871094,17.726282119750977,313.9685974121094,22.225093841552734,30.210742950439453
2020-11-19,115.38243103027344,100.27389526367188,155.8509979248047,23.628950119018555,43.38740539550781,32.712310791015625,68.64588928222656,35.10691833496094,87.20772552490234,197.2987823486328,126.10569763183594,100.52313232421875,270.81475830078125,64.45841217041016,203.36129760742188,27.88994598388672,18.16122817993164,307.1243591308594,23.200654983520508,30.364999771118164
2020-11-20,114.11809539794922,100.17452239990234,154.97000122070312,23.48006248474121,42.97966766357422,32.86149978637695,68.69392395019531,35.05286407470703,86.10733795166016,196.22694396972656,125.43721008300781,99.66193389892578,267.6000061035156,64.50652313232422,201.41783142089844,28.282981872558594,17.939315795898438,305.0281982421875,22.59758186340332,29.991535186767578
2020-11-23,110.72393798828125,98.71105194091797,154.91949462890625,23.9880313873291,44.35267639160156,35.397579193115234,72.88971710205078,38.90644073486328,85.6699447631836,201.0414581298828,124.1599349975586,102.53253173828125,266.3398742675781,64.37019348144531,201.1498260498047,28.144268035888672,19.182025909423828,305.3563232421875,23.324819564819336,31.95632553100586
2020-11-24,112.0076904296875,97.21145629882812,155.9029998779297,25.380537033081055,47.481502532958984,36.8065185546875,76.56501007080078,42.026363372802734,87.4720458984375,208.65858459472656,124.1599349975586,107.27336883544922,274.7637939453125,64.25794219970703,204.73989868164062,28.20591926574707,19.732364654541016,306.2220764160156,25.373498916625977,34.083499908447266
2020-11-25,112.84408569335938,96.12743377685547,159.2534942626953,25.424331665039062,47.481502532958984,36.16007614135742,73.77851104736328,40.92975997924805,87.48345184326172,207.81520080566406,123.9959716796875,106.15121459960938,273.44415283203125,64.19377899169922,204.74942016601562,28.151968002319336,19.616968154907227,303.6520690917969,25.355762481689453,33.133575439453125
2020-11-27,113.38871002197266,97.22049713134766,159.76699829101562,25.389297485351562,47.15696716308594,35.45560073852539,73.11390686035156,39.71730422973633,88.6185531616211,206.81358337402344,124.27214813232422,105.44662475585938,275.6468811035156,64.03345489501953,206.05145263671875,28.691429138183594,19.421682357788086,307.98095703125,25.240468978881836,32.63019561767578
2020-11-30,115.78114318847656,97.76252746582031,158.40199279785156,24.662389755249023,45.82554626464844,32.78689193725586,69.80692291259766,36.203529357910156,87.00093078613281,202.57891845703125,124.85897827148438,102.54124450683594,274.8133850097656,64.45841217041016,204.9409637451172,29.52373695373535,18.454153060913086,306.52288818359375,24.25603675842285,30.957691192626953
2020-12-01,119.35039520263672,98.00640869140625,161.00399780273438,25.126558303833008,46.15841293334961,32.546546936035156,70.02313232421875,35.93324661254883,89.03215026855469,205.0081787109375,127.24947357177734,104.15919494628906,284.3188171386719,65.38851928710938,206.9896240234375,30.371461868286133,18.815826416015625,310.9429016113281,24.885719299316406,31.258094787597656
2020-12-02,119.70051574707031,97.69927978515625,160.17649841308594,25.450605392456055,47.59800338745117,33.1266975402832,71.96086883544922,36.9294548034668,90.50051879882812,209.92840576171875,127.844970703125,106.1599349975586,285.28125,65.61302185058594,206.1854705810547,31.44266128540039,19.32484245300293,316.7481689453125,25.604093551635742,32.427223205566406
2020-12-03,119.56436157226562,97.13920593261719,159.3365020751953,25.47704315185547,47.082088470458984,34.1461181640625,71.90484619140625,37.19973373413086,90.34529113769531,208.00271606445312,128.587158203125,105.46401977539062,279.6554260253906,65.3083267211914,205.10366821289062,30.8955020904541,19.708837509155273,317.7689208984375,25.861282348632812,32.64643859863281
2020-12-04,118.8932876586914,97.47343444824219,158.12899780273438,25.811918258666992,48.779624938964844,36.690486907958984,74.69132232666016,40.92975997924805,90.44051361083984,211.63328552246094,129.68310546875,106.4208755493164,277.52215576171875,65.70122528076172,205.21852111816406,31.08816146850586,20.94119644165039,320.0188293457031,26.20716094970703,33.839927673339844
2020-12-07,120.35209655761719,96.82301330566406,157.89999389648438,25.63566780090332,48.37187576293945,35.488746643066406,72.67351531982422,39.82542419433594,90.10678100585938,210.63511657714844,128.561279296875,106.0207748413086,283.3563537597656,66.15824890136719,205.15150451660156,31.789453506469727,20.387523651123047,318.162109375,26.020917892456055,33.20664978027344
2020-12-08,120.96480560302734,96.47974395751953,158.864501953125,25.494672775268555,48.56328201293945,35.37271499633789,73.29805755615234,40.27333450317383,89.82411193847656,210.9796142578125,130.787841796875,106.12513732910156,281.19329833984375,66.69547271728516,206.79815673828125,32.79901123046875,20.744733810424805,318.162109375,25.666170120239258,34.29458999633789
2020-12-09,118.43618774414062,96.0461196899414,155.2100067138672,25.380104064941406,49.05423355102539,35.38929748535156,72.41727447509766,40.89885711669922,88.1643295288086,214.49534606933594,132.12545776367188,105.29873657226562,275.7560119628906,66.92801666259766,202.76771545410156,32.2518424987793,20.869754791259766,315.0067138671875,25.76372528076172,34.74925231933594
2020-12-10,119.85609436035156,96.22679901123047,155.07449340820312,25.653295516967773,50.34403991699219,36.46672439575195,74.74738311767578,42.22714614868164,87.65799713134766,215.89105224609375,131.3919219970703,104.62023162841797,274.9621887207031,66.54315185546875,201.54234313964844,32.15936279296875,20.878684997558594,310.6531066894531,26.153953552246094,35.73164749145508
2020-12-11,119.04890441894531,96.67847442626953,155.8209991455078,25.17741584777832,49.03759002685547,36.03574752807617,74.02674865722656,41.393104553222656,88.0125732421875,211.99545288085938,131.9960174560547,104.00262451171875,271.4200134277344,66.51908874511719,204.1654510498047,31.689268112182617,20.485763549804688,308.2933654785156,25.79033088684082,35.56116485595703
2020-12-14,118.43618774414062,96.470703125,157.84849548339844,24.868982315063477,48.879493713378906,35.07435989379883,71.6165771484375,40.21928024291992,86.89481353759766,210.0520782470703,128.6475372314453,102.90658569335938,272.0550231933594,64.91085052490234,205.0653839111328,30.217323303222656,19.807069778442383,307.4336242675781,25.400102615356445,34.278358459472656
2020-12-15,124.36869812011719,97.06690979003906,158.25599670410156,25.23910140991211,49.653358459472656,35.4721794128418,71.56050872802734,41.05331802368164,87.33219146728516,214.1508331298828,129.94204711914062,104.66374969482422,273.4044494628906,65.0401611328125,204.9983673095703,29.831998825073242,20.512550354003906,310.6713562011719,26.366802215576172,34.94411849975586
2020-12-16,124.30062866210938,96.96755981445312,162.04800415039062,25.309602737426758,49.719947814941406,35.07435989379883,71.0160140991211,40.698081970214844,87.13928985595703,215.3345489501953,129.1653594970703,104.96819305419922,273.5235290527344,64.5148696899414,209.9287567138672,29.161527633666992,20.396455764770508,310.36956787109375,26.29585075378418,35.47997283935547
2020-12-17,125.16618347167969,98.26841735839844,161.8040008544922,25.406538009643555,49.969573974609375,34.78428649902344,70.79181671142578,40.27333450317383,86.3121337890625,215.9175262451172,132.57421875,104.09831237792969,272.34283447265625,64.50677490234375,210.06275939941406,29.307950973510742,20.476829528808594,312.50067138671875,26.136215209960938,35.30134201049805
2020-12-18,123.18218994140625,98.44004821777344,160.08250427246094,25.26554298400879,49.1457633972168,33.96377944946289,69.81494140625,39.979881286621094,85.60348510742188,213.88583374023438,133.34226989746094,103.58509826660156,274.2478332519531,64.2724380493164,209.26815795898438,29.03822898864746,19.923160552978516,309.4914855957031,25.72825050354004,34.69242858886719
2020-12-21,124.7090835571289,97.64507293701172,160.3090057373047,26.208486557006836,50.95149612426758,33.3504638671875,68.93412017822266,38.67477035522461,86.0170669555664,227.0036163330078,132.056396484375,107.47346496582031,270.66595458984375,64.07844543457031,213.09754943847656,28.807029724121094,19.449867248535156,307.38787841796875,26.20716094970703,34.05915069580078
2020-12-22,128.2589111328125,97.81671905517578,160.3260040283203,25.741416931152344,49.312191009521484,32.34764099121094,67.54891204833984,37.724876403808594,85.30595397949219,220.91732788085938,131.7975311279297,105.83807373046875,265.0103454589844,64.18351745605469,214.39002990722656,28.313810348510742,19.074798583984375,306.40924072265625,25.68390464782715,33.48269271850586
2020-12-23,127.3641357421875,97.06690979003906,159.2635040283203,26.48166847229004,50.577030181884766,33.21786880493164,68.61387634277344,38.67477035522461,85.70316314697266,226.535400390625,131.12435913085938,108.795654296875,266.0223693847656,64.45829772949219,211.59454345703125,28.85326385498047,19.57488441467285,308.7689208984375,26.916664123535156,33.91299819946289
2020-12-24,128.3463897705078,97.87994384765625,158.63450622558594,26.402359008789062,50.402278900146484,32.7288818359375,68.32559967041016,38.304073333740234,85.99723052978516,226.27923583984375,131.58175659179688,108.31722259521484,265.3179016113281,64.76539611816406,213.25074768066406,28.722251892089844,19.32484245300293,311.6957702636719,26.464359283447266,33.77497482299805
2020-12-28,132.93679809570312,97.37408447265625,164.197998046875,26.55217170715332,50.8682746887207,32.57140350341797,67.98129272460938,37.794376373291016,87.97091674804688,229.30914306640625,132.2030792236328,109.030517578125,274.84320068359375,65.01593017578125,215.3665008544922,28.375457763671875,19.262327194213867,316.41522216796875,26.54418182373047,33.888641357421875
2020-12-29,131.16677856445312,97.86188507080078,166.10000610351562,26.446422576904297,50.68520736694336,32.38078689575195,67.74907684326172,37.585872650146484,87.16756439208984,227.9134521484375,133.0229949951172,108.74347686767578,274.6248779296875,65.7998275756836,214.59103393554688,28.552711486816406,19.0926570892334,317.6957702636719,26.411149978637695,33.50704574584961
2020-12-30,130.04830932617188,97.96126556396484,164.29249572753906,26.41998291015625,50.64360046386719,33.159854888916016,68.32559967041016,39.045440673828125,86.10088348388672,229.1855010986328,134.67127990722656,109.04792022705078,269.75311279296875,65.1290512084961,212.22637939453125,28.313810348510742,19.539161682128906,315.5372009277344,26.384544372558594,33.77497482299805
2020-12-31,129.04664611816406,98.90980529785156,162.84649658203125,26.710796356201172,51.30930709838867,33.143280029296875,67.62095642089844,38.51258850097656,86.91365814208984,232.94854736328125,135.81910705566406,110.5354232788086,271.0330505371094,66.10694885253906,212.93482971191406,28.36776351928711,19.4945125579834,320.7413635253906,26.76589584350586,33.46646499633789
2021-01-04,125.85669708251953,98.56651306152344,159.3314971923828,26.46404457092285,50.044471740722656,32.79518127441406,67.82913208007812,38.504859924316406,85.59903717041016,234.088134765625,135.0596923828125,109.49156188964844,266.845947265625,65.42808532714844,208.4065399169922,28.36776351928711,19.6016788482666,319.662109375,26.340194702148438,33.693790435791016
2021-01-05,127.41275787353516,99.78605651855469,160.92550659179688,26.666738510131836,51.34260177612305,34.67654037475586,69.66279602050781,41.64022445678711,86.2893295288086,239.3263397216797,136.6475830078125,110.08735656738281,268.860107421875,65.54121398925781,208.60755920410156,28.660598754882812,20.65543556213379,315.3634338378906,27.07630157470703,35.31758499145508
2021-01-06,123.12387084960938,99.57829284667969,156.91900634765625,28.332304000854492,54.29667282104492,36.06060791015625,71.90484619140625,42.52061080932617,85.4378662109375,252.24095153808594,137.93344116210938,115.25658416748047,261.259765625,66.57564544677734,203.1985321044922,28.41399383544922,21.798494338989258,328.59808349609375,28.991952896118164,36.21879577636719
2021-01-07,127.32527160644531,100.54489135742188,158.10800170898438,28.957996368408203,54.93740463256836,37.046871185302734,72.24113464355469,45.26985549926758,87.98975372314453,257.62933349609375,138.39947509765625,119.04151916503906,266.6474914550781,67.90103149414062,208.98094177246094,28.56041717529297,22.218204498291016,333.86627197265625,29.64823341369629,36.502960205078125
2021-01-08,128.42420959472656,100.82492065429688,159.13499450683594,28.667177200317383,54.39651870727539,37.046871185302734,72.92974090576172,45.46290969848633,89.1546401977539,256.24249267578125,138.1146697998047,119.17291259765625,265.48663330078125,67.10095977783203,210.25421142578125,28.614360809326172,22.182491302490234,332.3663330078125,29.435386657714844,36.90890121459961
2021-01-11,125.43850708007812,100.12934875488281,155.7104949951172,29.14305305480957,55.28690719604492,37.5938720703125,73.34611511230469,46.034393310546875,87.09465789794922,259.55511474609375,137.53646850585938,120.95152282714844,254.84014892578125,68.69302368164062,208.21507263183594,29.107582092285156,22.31644058227539,329.9516906738281,29.479738235473633,38.02932357788086
2021-01-12,125.26344299316406,98.32257843017578,156.04150390625,29.662996292114258,55.47829055786133,39.301170349121094,74.73936462402344,48.219879150390625,86.15939331054688,266.95751953125,136.46636962890625,122.85272979736328,249.13491821289062,67.1494369506836,205.76425170898438,28.65289306640625,23.34340476989746,326.8602294921875,30.100543975830078,38.87370300292969
2021-01-13,127.29603576660156,101.31273651123047,158.29449462890625,29.486745834350586,55.63639831542969,38.97795104980469,74.66732025146484,46.698543548583984,86.64637756347656,267.6024475097656,136.25924682617188,122.96662139892578,249.6806182861328,66.5433349609375,207.11410522460938,28.406293869018555,22.736154556274414,324.7292175292969,29.976383209228516,39.31212615966797
2021-01-14,125.37042236328125,99.80712890625,156.37350463867188,29.95380973815918,57.42547607421875,39.674137115478516,76.46092224121094,48.365379333496094,85.83656311035156,271.95733642578125,138.64111328125,123.68506622314453,243.72732543945312,66.40592956542969,203.93569946289062,28.32151985168457,23.182661056518555,320.6041564941406,30.81891632080078,40.84661102294922
2021-01-15,123.6490249633789,100.949951171875,155.21249389648438,29.090177536010742,53.44789123535156,37.394962310791016,73.73847961425781,45.99527359008789,85.67290496826172,265.8975524902344,138.33905029296875,121.46843719482422,249.40280151367188,67.38382720947266,203.58148193359375,28.282981872558594,22.24500274658203,321.3084716796875,28.415489196777344,38.8818244934082
2021-01-19,124.32008361816406,102.10184478759766,156.03799438476562,28.878679275512695,52.9985466003418,38.124298095703125,75.67622375488281,46.997711181640625,88.49211120605469,259.8819274902344,140.47930908203125,120.94273376464844,259.0669860839844,67.23025512695312,207.20982360839844,28.306108474731445,22.700437545776367,322.1224670410156,28.93874168395996,39.653133392333984
2021-01-20,128.40472412109375,102.39209747314453,163.16900634765625,28.499746322631836,52.63239669799805,37.5938720703125,76.37283325195312,46.7801399230957,93.2329330444336,256.58697509765625,140.1340789794922,119.1291275024414,265.39727783203125,66.64031219482422,214.77294921875,28.12885093688965,22.63792610168457,320.8876953125,28.78797149658203,40.21333312988281
2021-01-21,133.11184692382812,102.4465103149414,165.34950256347656,27.9974308013916,51.48405456542969,35.79539108276367,73.6744155883789,42.76263427734375,93.43524932861328,255.61538696289062,139.57315063476562,118.13032531738281,270.74530029296875,65.60588073730469,215.37608337402344,28.113441467285156,21.602025985717773,324.69256591796875,28.380008697509766,39.0604362487793
2021-01-22,135.25146484375,102.34671783447266,164.6114959716797,27.803552627563477,51.034706115722656,35.38100051879883,73.4502182006836,42.63052749633789,93.85232543945312,255.6330108642578,141.14382934570312,117.2191162109375,272.3626403808594,65.44424438476562,216.31427001953125,28.167387008666992,21.798494338989258,317.87860107421875,28.291318893432617,38.50834274291992
2021-01-25,138.99575805664062,104.0519027709961,164.6999969482422,27.459861755371094,50.39396667480469,35.289852142333984,72.78562927246094,42.894737243652344,93.93761444091797,250.02369689941406,143.2408905029297,115.75597381591797,275.8453369140625,65.58161926269531,219.74160766601562,28.729957580566406,21.200172424316406,318.116455078125,28.59286117553711,38.07804489135742
2021-01-26,139.22915649414062,104.06097412109375,166.30650329589844,27.2659854888916,50.68520736694336,34.543922424316406,71.55250549316406,41.56593322753906,94.6155014038086,248.8931121826172,147.12440490722656,115.28286743164062,279.8537902832031,64.85426330566406,222.42222595214844,28.753076553344727,20.307157516479492,313.8177185058594,27.83014678955078,37.24178695678711
2021-01-27,138.1593780517578,103.66189575195312,161.62899780273438,26.287796020507812,49.42868423461914,33.69028854370117,70.62366485595703,42.7470817565918,90.20149230957031,241.44635009765625,144.88063049316406,112.02360534667969,270.0210266113281,62.28436279296875,222.96791076660156,27.928485870361328,19.476655960083008,304.5616455078125,26.757028579711914,36.81959533691406
2021-01-28,133.32582092285156,109.19464874267578,161.88099670410156,26.719608306884766,50.21090316772461,34.0715217590332,71.28026580810547,41.74465560913086,91.90044403076172,242.93927001953125,145.9852752685547,113.99495697021484,262.9366149902344,62.97128677368164,228.74075317382812,27.9362735748291,20.217859268188477,309.2811279296875,27.324626922607422,37.39604568481445
2021-01-29,128.33668518066406,112.09707641601562,160.30999755859375,26.129169464111328,48.6667366027832,33.17641830444336,68.22149658203125,39.59991455078125,90.61903381347656,239.5383758544922,140.78140258789062,112.7332992553711,256.3185119628906,62.28436279296875,222.0679931640625,27.96742820739746,19.8338623046875,305.1011962890625,26.499832153320312,36.40553283691406
2021-02-01,130.456787109375,111.14471435546875,167.1439971923828,26.402359008789062,49.03598403930664,33.73999786376953,69.19037628173828,39.8874397277832,93.87761688232422,242.68309020996094,140.4188995361328,113.56560516357422,259.9698486328125,62.51873779296875,229.43006896972656,27.889537811279297,19.789209365844727,305.4853820800781,26.597387313842773,36.47047805786133
2021-02-02,131.28347778320312,109.05860900878906,169.0,27.345298767089844,50.00109100341797,33.955482482910156,69.71084594726562,39.83305358886719,95.16942596435547,253.49534606933594,139.15892028808594,117.06143951416016,265.0003967285156,62.85007095336914,229.29603576660156,27.258508682250977,20.101762771606445,309.802490234375,27.271419525146484,37.04692459106445
2021-02-03,130.2622833251953,109.04043579101562,165.62649536132812,27.82999038696289,51.276710510253906,35.811973571777344,71.23222351074219,43.42315673828125,102.10014343261719,254.8909454345703,138.51168823242188,118.40194702148438,264.57373046875,62.48640441894531,232.63719177246094,27.14165496826172,21.593103408813477,309.0433044433594,28.113948822021484,38.5002326965332
2021-02-04,133.61758422851562,108.60508728027344,166.5500030517578,28.640745162963867,52.3760986328125,36.47500228881836,71.26424407958984,44.658695220947266,101.83980560302734,259.4844055175781,139.7975616455078,121.1267318725586,264.4150085449219,61.44388198852539,231.68939208984375,27.180612564086914,22.155696868896484,301.20501708984375,29.057008743286133,39.23906326293945
2021-02-05,133.20364379882812,112.49614715576172,167.6074981689453,28.526182174682617,52.51877212524414,36.81481170654297,71.4724349975586,43.990421295166016,103.58537292480469,259.2635192871094,141.92051696777344,120.89018249511719,266.01251220703125,61.258018493652344,231.8712921142578,27.2039737701416,22.33430290222168,296.8055725097656,28.968042373657227,40.5543212890625
2021-02-08,133.34974670410156,112.9224624633789,166.14700317382812,29.16068458557129,53.41673278808594,38.770748138427734,73.25003814697266,46.16623306274414,103.37162780761719,265.1379089355469,142.3261260986328,122.78264617919922,264.50433349609375,60.64381408691406,232.1297607421875,27.12607765197754,23.20945930480957,296.6501159667969,29.715373992919922,42.29991149902344
2021-02-09,132.47314453125,113.51200103759766,165.25,29.037307739257812,52.971946716308594,38.8536262512207,72.83364868164062,45.24150466918945,102.91887664794922,265.41180419921875,143.4911651611328,122.29199981689453,267.35198974609375,60.64381408691406,233.37435913085938,27.242931365966797,23.218381881713867,301.488525390625,29.590816497802734,41.804508209228516
2021-02-10,131.8692169189453,113.63899230957031,164.32899475097656,29.06374740600586,53.391563415527344,39.1602783203125,74.08277893066406,46.787899017333984,103.46881866455078,268.7861633300781,143.95721435546875,122.36210632324219,269.75311279296875,60.522586822509766,232.46487426757812,27.063756942749023,23.77205467224121,304.9366455078125,29.537439346313477,42.209083557128906
2021-02-11,131.61602783203125,115.04485321044922,163.10650634765625,28.97562026977539,53.039093017578125,38.84245300292969,73.68242645263672,46.34496307373047,103.5813980102539,267.0546875,143.3099365234375,122.0203857421875,268.2846374511719,60.40138244628906,234.06362915039062,26.822250366210938,23.548799514770508,304.63482666015625,29.110389709472656,41.15220642089844
2021-02-12,131.8497772216797,116.30558013916016,163.885498046875,29.40743064880371,53.39995574951172,39.444664001464844,74.10679626464844,47.41733169555664,103.89283752441406,270.5882263183594,143.7587127685547,123.75515747070312,268.3937683105469,60.61149215698242,234.5423126220703,27.04817771911621,23.906005859375,300.2171630859375,29.83102798461914,41.713680267333984
2021-02-16,129.72645568847656,116.11515045166016,163.44749450683594,30.200563430786133,53.811180114746094,40.85816955566406,75.62531280517578,49.03365707397461,104.66991424560547,275.5702209472656,142.45556640625,126.73402404785156,271.83673095703125,60.00536346435547,233.30731201171875,27.024799346923828,24.054046630859375,296.90625,30.9520263671875,42.968719482421875
2021-02-17,127.43758392333984,115.40764617919922,165.4320068359375,30.323936462402344,54.3482780456543,41.28474426269531,77.89092254638672,49.375572204589844,105.06265258789062,276.2592468261719,142.96475219726562,127.12836456298828,271.43994140625,61.04790496826172,234.32443237304688,27.180612564086914,24.10787582397461,298.9549865722656,32.55345916748047,43.637516021728516
2021-02-18,126.33695983886719,113.7478256225586,166.4114990234375,30.13005828857422,53.27406692504883,39.8879508972168,77.14382934570312,47.067649841308594,104.42741394042969,273.75054931640625,143.03379821777344,127.55760955810547,267.2924499511719,60.94284439086914,233.9310302734375,26.92352294921875,22.950483322143555,300.3726501464844,32.88264083862305,42.952213287353516
2021-02-19,126.49279022216797,111.59821319580078,162.4949951171875,30.438507080078125,55.20427703857422,40.49852752685547,77.79346466064453,48.57518005371094,103.58438110351562,278.8033142089844,140.6519012451172,129.6866455078125,259.5234069824219,60.053855895996094,231.22506713867188,26.83003807067871,23.43497657775879,296.86956787109375,33.65666961669922,43.24119186401367
2021-02-22,122.72343444824219,111.1537857055664,159.03700256347656,30.97606086730957,54.9860954284668,42.556068420410156,79.89665985107422,51.36488723754883,101.87103271484375,279.907470703125,140.56509399414062,130.9044952392578,258.30291748046875,60.55492401123047,225.0263671875,26.689815521240234,24.70900535583496,299.66845703125,33.149539947509766,44.83477020263672
2021-02-23,122.58706665039062,109.56653594970703,159.72500610351562,31.3021297454834,56.009952545166016,43.57647705078125,80.9035873413086,52.72478103637695,102.16162872314453,281.9744873046875,139.32325744628906,131.9558563232422,263.7899475097656,60.23972702026367,223.83648681640625,26.417144775390625,24.888446807861328,301.3788146972656,33.042781829833984,45.45402908325195
2021-02-24,122.09036254882812,110.99957275390625,157.97650146484375,32.060001373291016,57.57091522216797,45.72602844238281,83.89190673828125,56.2371826171875,103.33642578125,292.07135009765625,141.19029235839844,134.27764892578125,262.25201416015625,60.26396942138672,225.06471252441406,26.292505264282227,26.386781692504883,303.8482360839844,34.06591796875,46.8164176940918
2021-02-25,117.84373474121094,110.27398681640625,152.85800170898438,31.663442611694336,56.572242736816406,44.35433578491211,83.11234283447266,54.853981018066406,99.97123718261719,289.5271911621094,141.33790588378906,132.45523071289062,252.70689392089844,60.30438232421875,219.72959899902344,26.347036361694336,25.57929801940918,300.7933654785156,33.41645431518555,46.0402717590332
2021-02-26,118.10670471191406,108.6413803100586,154.64649963378906,30.588315963745117,55.288204193115234,43.501197814941406,81.20403289794922,50.16819763183594,100.26679992675781,282.2130126953125,137.60386657714844,128.9419708251953,255.6140899658203,58.68808364868164,222.9824981689453,26.089954376220703,25.04097557067871,303.8573913574219,32.17979431152344,44.8925666809082
2021-03-01,124.4668960571289,110.84542083740234,157.3070068359375,31.540069580078125,58.35979080200195,44.003055572509766,82.86872863769531,50.49457550048828,102.63472747802734,292.5800476074219,138.3507080078125,131.85951232910156,262.8473815917969,58.4941291809082,227.3580780029297,26.245758056640625,25.767704010009766,306.07989501953125,32.9983024597168,46.5687141418457
2021-03-02,121.86632537841797,111.1356430053711,154.72650146484375,31.310941696166992,57.8310661315918,43.72703552246094,83.18541717529297,50.0982551574707,102.37784576416016,293.4845275878906,138.09014892578125,131.43017578125,256.9833679199219,58.873958587646484,224.4121856689453,26.10553741455078,25.24732780456543,306.0708312988281,33.042781829833984,46.296226501464844
2021-03-03,118.88591003417969,108.09716796875,150.25,32.09524917602539,59.06471633911133,44.88126754760742,84.1192626953125,52.05649185180664,99.74610137939453,296.5795593261719,135.65870666503906,133.97097778320312,253.4212646484375,59.23761749267578,218.357421875,26.791091918945312,25.453685760498047,304.45184326171875,33.5321044921875,46.667789459228516
2021-03-04,117.0060806274414,105.2219467163086,148.8784942626953,32.32551956176758,58.58637619018555,46.520606994628906,84.85822296142578,55.50672912597656,100.86286926269531,292.0212707519531,132.92327880859375,131.9120635986328,255.63394165039062,58.32441329956055,217.56097412109375,26.643075942993164,25.64209747314453,305.3116149902344,33.06056594848633,48.47605514526367
2021-03-05,118.26255798339844,106.34666442871094,150.0229949951172,32.70634078979492,58.9388427734375,48.79562759399414,88.51239776611328,57.95451736450195,103.99398803710938,290.3186340332031,135.5544891357422,132.21873474121094,262.22216796875,59.100223541259766,222.2340087890625,26.791091918945312,26.081724166870117,317.467041015625,33.3007926940918,50.30906677246094
2021-03-08,113.33412170410156,104.8772964477539,147.59750366210938,32.88346862792969,60.608909606933594,49.16364288330078,89.12142181396484,57.9622802734375,99.55220031738281,296.36676025390625,136.68341064453125,133.97097778320312,253.3220672607422,59.94072341918945,218.19427490234375,26.759931564331055,26.65593719482422,320.2749938964844,34.40399169921875,50.259525299072266
2021-03-09,117.94110870361328,105.84779357910156,153.1425018310547,32.166107177734375,59.57664489746094,48.427608489990234,88.9184341430664,57.200748443603516,101.18173217773438,293.1741943359375,136.94390869140625,133.02474975585938,263.6708984375,59.916481018066406,224.32583618164062,26.83783721923828,26.332942962646484,321.930419921875,33.92356872558594,49.483375549316406
2021-03-10,116.85999298095703,105.10404968261719,152.8820037841797,33.09601593017578,61.89292907714844,49.69894027709961,90.43694305419922,58.36637878417969,100.97494506835938,303.310546875,138.2030792236328,135.91603088378906,262.8373718261719,60.417537689208984,223.02084350585938,27.21176528930664,26.87126922607422,319.753662109375,35.21360778808594,51.002647399902344
2021-03-11,118.78849029541016,106.59153747558594,155.67950439453125,32.98088073730469,61.52366638183594,50.04186248779297,90.290771484375,58.52178192138672,104.16606903076172,303.3814392089844,138.19439697265625,135.2063751220703,271.7474670410156,60.31245803833008,227.5403594970703,27.04038429260254,26.3778076171875,322.9548645019531,34.59083557128906,50.62282943725586
2021-03-12,117.88269805908203,105.85685729980469,154.47450256347656,33.600826263427734,63.09300994873047,49.506568908691406,90.59121704101562,58.28089141845703,101.6597900390625,309.33209228515625,138.59384155273438,136.80966186523438,266.31011962890625,60.81793212890625,226.2161865234375,27.219560623168945,26.02789306640625,326.7823791503906,35.56059265136719,51.16778564453125
2021-03-15,120.76569366455078,107.11759948730469,154.08399963378906,33.432559967041016,62.28734588623047,48.645076751708984,89.52745056152344,57.7835693359375,101.87996673583984,306.8843994140625,139.305908203125,136.1262969970703,271.6185302734375,62.146785736083984,225.31419372558594,27.585708618164062,26.126583099365234,324.8180847167969,35.320369720458984,49.86320877075195
2021-03-16,122.30462646484375,107.22644805908203,154.59300231933594,33.33513259887695,61.54044723510742,47.32355880737305,87.40802764892578,54.90060806274414,103.34040069580078,303.0356140136719,140.13087463378906,134.49667358398438,277.1054382324219,62.6196174621582,228.096923828125,27.912906646728516,25.17555046081543,325.47900390625,35.008975982666016,48.806331634521484
2021-03-17,121.51569366455078,106.68224334716797,156.7864990234375,33.609683990478516,61.76704406738281,47.53266525268555,87.72472381591797,56.87437057495117,103.25757598876953,305.9089050292969,139.60984802246094,135.88099670410156,281.798583984375,63.019107818603516,227.45399475097656,27.88174057006836,25.39985466003418,323.2576904296875,35.44493103027344,49.0210075378418
2021-03-18,117.39568328857422,107.12667083740234,151.39950561523438,34.48646545410156,61.968448638916016,44.64707946777344,84.54964447021484,53.54072189331055,100.238525390625,308.61376953125,139.3493194580078,138.12391662597656,276.4505615234375,62.994659423828125,221.38958740234375,27.866161346435547,24.448814392089844,332.31707763671875,36.30791473388672,46.90724182128906
2021-03-19,116.86970520019531,109.06766510009766,153.7480010986328,34.123355865478516,61.27189254760742,43.99468231201172,83.94873809814453,54.45766067504883,100.51721954345703,305.2438049316406,138.97592163085938,135.92477416992188,287.8510437011719,63.1903190612793,221.03453063964844,27.67919158935547,24.269378662109375,335.5572814941406,35.258094787597656,46.64302444458008
2021-03-22,120.18130493164062,110.1742172241211,155.5435028076172,33.35285568237305,60.39070129394531,43.693572998046875,83.2666244506836,53.020084381103516,100.70219421386719,300.9249267578125,139.37539672851562,132.27125549316406,291.2543640136719,63.1903190612793,226.4464874267578,28.04534149169922,24.80769920349121,336.7320861816406,34.6708984375,46.16412353515625
2021-03-23,119.35342407226562,109.28533935546875,156.875,32.679771423339844,59.5095329284668,43.25028991699219,82.80374908447266,54.12351608276367,101.2298355102539,294.2205810546875,139.24514770507812,130.9483184814453,288.3670349121094,62.179386138916016,227.97216796875,27.5467586517334,23.92844009399414,338.2374267578125,34.02143096923828,45.59440994262695
2021-03-24,116.96712493896484,107.0450439453125,154.35350036621094,32.679771423339844,58.81296157836914,44.5048828125,85.02061462402344,56.36928939819336,100.7934341430664,291.4537048339844,140.59982299804688,131.9646453857422,279.9432067871094,62.15495300292969,225.9379425048828,27.74151611328125,24.601343154907227,340.1650085449219,33.9146728515625,46.5191650390625
2021-03-25,117.45413208007812,107.97926330566406,152.31300354003906,33.35285568237305,60.189308166503906,44.805992126464844,85.32109832763672,56.7578239440918,100.78998565673828,293.1387023925781,140.65191650390625,133.65557861328125,276.569580078125,62.01634216308594,222.9440460205078,27.788253784179688,24.583396911621094,340.61474609375,34.964500427246094,46.38705825805664
2021-03-26,118.05799865722656,110.71841430664062,152.60150146484375,34.25619888305664,61.280269622802734,46.03550720214844,87.27811431884766,58.187644958496094,100.40666198730469,290.3363037109375,143.22230529785156,135.88099670410156,280.8163146972656,63.09248352050781,226.91664123535156,28.240102767944336,25.39985466003418,345.5621643066406,35.373741149902344,47.650352478027344
2021-03-29,118.23331451416016,110.8635482788086,153.7864990234375,33.92851257324219,60.07180404663086,45.03181838989258,86.82334899902344,57.22406768798828,101.45100402832031,288.86419677734375,144.1862335205078,133.7694854736328,288.55560302734375,63.83436584472656,225.726806640625,28.528335571289062,24.852561950683594,347.93023681640625,34.199363708496094,47.39440155029297
2021-03-30,116.78206634521484,108.61416625976562,152.76449584960938,34.53074264526367,61.22992706298828,44.688899993896484,86.01942443847656,56.92877960205078,101.48473358154297,294.4334411621094,143.29177856445312,135.34654235839844,285.757568359375,62.7419319152832,222.47390747070312,28.131040573120117,24.421897888183594,342.8819274902344,35.04457473754883,46.80815887451172
2021-03-31,118.97354888916016,108.69580078125,154.70399475097656,34.26505661010742,61.05367660522461,44.30415725708008,85.09371185302734,56.361515045166016,102.28064727783203,289.9904479980469,142.7186279296875,133.37521362304688,292.2366943359375,62.8479118347168,226.23533630371094,28.224523544311523,24.39498519897461,341.51422119140625,34.759864807128906,46.09806823730469
2021-04-01,119.80145263671875,107.87950134277344,158.0500030517578,34.97356414794922,61.381004333496094,45.182369232177734,85.8732681274414,58.54508972167969,105.6160888671875,290.5580749511719,141.3987274169922,134.67190551757812,296.3345031738281,62.8479118347168,232.54928588867188,28.279050827026367,25.211441040039062,336.92486572265625,35.258094787597656,47.38615036010742
2021-04-05,122.62604522705078,108.71392822265625,161.3365020751953,35.24810028076172,61.05367660522461,43.66847610473633,84.86634826660156,55.786468505859375,110.03853607177734,286.9220886230469,141.9197540283203,135.3857421875,306.5046691894531,62.7745361328125,238.99749755859375,28.26346778869629,24.717973709106445,339.77947998046875,35.12464141845703,46.65128707885742
2021-04-06,122.92799377441406,108.81371307373047,161.1909942626953,35.15067672729492,60.92780685424805,43.97794723510742,84.11114501953125,56.18278503417969,109.55750274658203,290.04364013671875,141.885009765625,134.43394470214844,303.8753356933594,61.78807830810547,237.83645629882812,28.08428955078125,24.61928367614746,334.4466552734375,35.453819274902344,46.5191650390625
2021-04-07,124.57403564453125,108.94068145751953,163.96949768066406,35.46950912475586,61.00334548950195,43.81068420410156,84.60648345947266,56.959861755371094,111.03380584716797,289.59136962890625,142.07603454589844,136.54026794433594,310.6521301269531,62.057132720947266,239.79397583007812,27.9752254486084,24.538537979125977,335.6123046875,35.578372955322266,46.7255973815918
2021-04-08,126.97010040283203,108.6413803100586,164.96499633789062,35.159542083740234,60.70122528076172,42.85718536376953,83.65641021728516,56.09730911254883,111.5991439819336,293.6619567871094,141.52029418945312,136.70770263671875,310.5827331542969,61.54349136352539,243.0084991455078,28.014179229736328,24.27834701538086,334.9239196777344,35.613956451416016,46.238433837890625
2021-04-09,129.54141235351562,109.65721893310547,168.61000061035156,35.41637420654297,60.77674865722656,42.848812103271484,83.5751953125,55.77092361450195,112.60284423828125,293.3692932128906,140.0266876220703,137.7300262451172,310.0270690917969,62.212032318115234,245.5033416748047,28.512754440307617,24.009185791015625,345.3968200683594,36.0321044921875,46.13109588623047
2021-04-12,127.8271713256836,109.7842025756836,168.96949768066406,35.47837448120117,61.00334548950195,42.539344787597656,82.64948272705078,54.47321701049805,111.31102752685547,294.2826843261719,140.3653564453125,137.43919372558594,309.11419677734375,62.13863754272461,245.5609130859375,28.801008224487305,23.81180191040039,345.3785705566406,36.27232360839844,45.825592041015625
2021-04-13,130.93418884277344,111.57100677490234,170.0,34.823001861572266,60.47463607788086,42.48080062866211,83.02301025390625,54.706336975097656,111.79749298095703,290.5935363769531,138.4896240234375,135.79998779296875,307.34814453125,62.30984115600586,248.03656005859375,28.949018478393555,23.36319923400879,343.7446594238281,35.40043258666992,45.99899673461914
2021-04-14,128.5966033935547,110.60604858398438,166.64999389648438,35.3189582824707,61.18798828125,44.069950103759766,84.67144012451172,57.597068786621094,111.1766128540039,297.3953857421875,138.8717041015625,133.26181030273438,300.462158203125,62.28538513183594,245.25384521484375,28.956804275512695,24.50265121459961,344.7818908691406,37.357749938964844,47.328346252441406
2021-04-15,131.00242614746094,112.82728576660156,168.95449829101562,34.30933380126953,60.8774528503418,43.409202575683594,83.9812240600586,56.91176223754883,113.32585144042969,300.2333068847656,139.2798309326172,134.1078643798828,305.4232177734375,62.497337341308594,249.0057373046875,29.29179573059082,23.919464111328125,357.98101806640625,37.58016586303711,47.04761505126953
2021-04-16,130.67123413085938,113.20053100585938,169.9720001220703,34.67243957519531,60.801918029785156,42.731719970703125,83.60770416259766,55.098819732666016,113.20188903808594,303.56768798828125,140.88638305664062,135.103759765625,303.79595947265625,63.157711029052734,250.19558715820312,30.047468185424805,23.587501525878906,358.8988952636719,39.00365447998047,46.783390045166016
2021-04-19,131.33351135253906,113.36437225341797,168.60049438476562,34.690147399902344,60.53337097167969,42.56443405151367,83.85128784179688,55.70834732055664,113.54952239990234,304.25946044921875,141.2771453857422,134.53089904785156,299.88665771484375,63.31260299682617,248.27647399902344,30.327922821044922,23.80282974243164,357.824951171875,39.03923797607422,46.634765625
2021-04-20,129.64852905273438,109.24055480957031,166.7344970703125,33.72482681274414,58.56959915161133,40.69089889526367,82.28404998779297,53.58283615112305,113.01641082763672,294.318115234375,144.5682830810547,131.55210876464844,300.29345703125,64.05448150634766,247.81582641601562,30.40581512451172,22.65440559387207,363.9654846191406,37.847068786621094,45.652191162109375
2021-04-21,130.02838134765625,111.60741424560547,168.1009979248047,34.291629791259766,59.29132080078125,41.853492736816406,83.4208984375,53.887603759765625,112.98368835449219,297.32440185546875,144.66383361816406,132.6713104248047,299.1226501464844,64.5925521850586,250.04200744628906,30.79534149169922,23.085065841674805,366.0583190917969,38.4698486328125,46.238433837890625
2021-04-22,128.50897216796875,112.42672729492188,165.45199584960938,33.972801208496094,58.58637619018555,41.36838150024414,81.9754867553711,53.410919189453125,111.7027816772461,293.4047546386719,143.4394073486328,129.8776397705078,294.211181640625,63.55717849731445,246.76995849609375,30.101993560791016,22.65440559387207,363.9747619628906,37.98942184448242,45.635684967041016
2021-04-23,130.8271026611328,112.2537612915039,167.04400634765625,34.699012756347656,59.90394973754883,41.585845947265625,82.46269226074219,53.96574401855469,114.0538558959961,300.9427490234375,143.73464965820312,132.3629150390625,298.78533935546875,63.491966247558594,250.58901977539062,30.117578506469727,23.067119598388672,367.43505859375,39.021446228027344,45.883392333984375
2021-04-26,131.2166748046875,111.58921813964844,170.4499969482422,34.9027099609375,60.59213638305664,42.029136657714844,82.43833923339844,54.56745147705078,114.54975128173828,304.6407775878906,142.5189208984375,132.68898010253906,300.680419921875,63.20661163330078,250.97279357910156,30.133153915405273,23.659278869628906,363.3504943847656,39.27055358886719,45.974220275878906
2021-04-27,130.895263671875,110.78812408447266,170.8715057373047,35.3189582824707,61.255104064941406,42.9073600769043,83.39656066894531,56.013099670410156,113.61001586914062,307.3988342285156,141.70263671875,133.29705810546875,301.2063293457031,63.06803512573242,251.37583923339844,29.953981399536133,23.488807678222656,362.1022644042969,40.11576461791992,46.57697677612305
2021-04-28,130.1063232421875,110.56053161621094,172.9250030517578,35.45180130004883,61.18798828125,44.36270523071289,85.44290161132812,58.59182357788086,116.98512268066406,308.7113037109375,140.6605682373047,134.16075134277344,304.7088317871094,62.8479118347168,244.26547241210938,30.23443603515625,24.547510147094727,362.1848449707031,40.10685348510742,47.98063659667969
2021-04-29,130.0089111328125,110.16000366210938,173.5655059814453,36.408287048339844,61.968448638916016,44.43797302246094,86.80711364746094,59.33418273925781,118.65729522705078,313.0212707519531,142.58840942382812,136.76942443847656,326.9443359375,60.06789779663086,242.2983856201172,30.07084083557129,24.960222244262695,368.5732421875,41.138893127441406,48.66595458984375
2021-04-30,128.04148864746094,109.31336975097656,173.37100219726562,35.89461898803711,60.20226287841797,42.773536682128906,83.6969985961914,57.544708251953125,116.71038818359375,309.0127868652344,141.31185913085938,135.55322265625,322.54876708984375,60.73639678955078,241.98170471191406,30.109783172607422,24.269378662109375,366.04913330078125,40.08017349243164,47.262290954589844
2021-05-03,129.09335327148438,108.81267547607422,169.32449340820312,35.921180725097656,60.59943771362305,44.11178207397461,85.69464111328125,59.365455627441406,116.19366455078125,310.5292053222656,143.46546936035156,135.1566162109375,320.0682678222656,61.94297409057617,241.6746826171875,31.029052734375,25.319107055664062,372.5660095214844,40.46272659301758,48.56687545776367
2021-05-04,124.52534484863281,107.00112915039062,165.593505859375,36.31085205078125,61.12339782714844,43.9695930480957,86.16560363769531,58.615257263183594,114.3960189819336,310.2454528808594,145.6885223388672,137.02499389648438,315.881103515625,61.95112609863281,237.76927185058594,31.122539520263672,25.471628189086914,377.5592346191406,40.694053649902344,48.872371673583984
2021-05-05,124.76883697509766,107.88416290283203,163.52699279785156,36.65625,62.289581298828125,46.37006378173828,88.47993469238281,59.9437141418457,114.78976440429688,317.14495849609375,145.08067321777344,138.8228759765625,312.567138671875,63.345211029052734,236.5026397705078,31.13811683654785,27.221181869506836,378.62408447265625,40.871986389160156,50.342105865478516
2021-05-06,126.36619567871094,108.13902282714844,165.31849670410156,37.20534133911133,63.19380187988281,46.5875244140625,88.52863311767578,60.15468215942383,115.90950775146484,324.5499267578125,145.6624755859375,141.61659240722656,317.5281677246094,63.410438537597656,239.6308135986328,30.831296920776367,27.571083068847656,380.8911437988281,41.57637023925781,50.82100296020508
2021-05-07,127.03937530517578,108.28469848632812,164.58050537109375,37.35591125488281,63.447296142578125,47.758487701416016,89.3406982421875,64.93706512451172,116.63251495361328,328.9130554199219,146.3224639892578,142.101318359375,316.5954895019531,63.924034118652344,242.25042724609375,31.13811683654785,28.611845016479492,383.3510437011719,41.49612045288086,51.547607421875
2021-05-10,123.76119232177734,108.27558898925781,159.52450561523438,37.24077224731445,63.489566802978516,47.67485046386719,88.97525787353516,66.07012939453125,113.64820861816406,326.95318603515625,147.85948181152344,142.0836944580078,303.5876159667969,63.72838592529297,237.18394470214844,31.358400344848633,28.378576278686523,386.32501220703125,41.54961013793945,51.671451568603516
2021-05-11,122.84410095214844,107.77490234375,161.19549560546875,36.815673828125,63.26985168457031,46.604248046875,86.64469909667969,64.18688201904297,112.57258605957031,319.1845703125,146.65243530273438,139.72177124023438,304.1432189941406,63.14955520629883,236.2723846435547,30.957172393798828,28.04660415649414,377.88970947265625,40.76499557495117,50.0283317565918
2021-05-12,119.78056335449219,105.91781616210938,157.5970001220703,36.47027587890625,62.7290153503418,46.57914733886719,87.18878936767578,63.57736587524414,109.11070251464844,314.2894592285156,146.06190490722656,138.76116943359375,300.1942443847656,63.589786529541016,229.33477783203125,31.22465705871582,28.800254821777344,372.07958984375,40.69365692138672,50.29640197753906
2021-05-13,121.92699432373047,106.919189453125,158.07350158691406,37.05479049682617,63.62477111816406,45.71939468383789,86.62847137451172,62.1864013671875,110.53839874267578,318.20025634765625,147.5902862548828,142.33042907714844,302.88311767578125,64.15232849121094,233.20179748535156,31.54721450805664,28.495210647583008,375.00762939453125,41.371299743652344,49.67649841308594
2021-05-14,124.34659576416016,107.7020492553711,161.14500427246094,37.51530838012695,64.69800567626953,47.64121627807617,88.8940658569336,64.54635620117188,112.98518371582031,327.0329895019531,147.81607055664062,144.54248046875,313.4799499511719,63.82621383666992,238.11468505859375,31.484270095825195,29.43726921081543,376.145751953125,41.87059783935547,50.907936096191406
2021-05-17,123.1953353881836,106.2728500366211,163.51950073242188,37.85186004638672,65.42475891113281,49.1416015625,89.98219299316406,66.49992370605469,113.50785827636719,327.4586181640625,147.9636993408203,145.12417602539062,313.00372314453125,65.11431121826172,235.26480102539062,31.55507469177246,30.549806594848633,375.0718078613281,42.70873260498047,52.09749221801758
2021-05-18,121.80989074707031,106.49132537841797,161.61399841308594,37.33819580078125,64.74870300292969,48.290260314941406,87.27787017822266,64.83547973632812,112.19619750976562,323.29949951171875,148.0157928466797,143.07955932617188,307.5465087890625,64.71484375,233.24972534179688,31.50787353515625,29.67054557800293,376.67816162109375,41.78143310546875,50.62312316894531
2021-05-19,121.65380859375,105.94512939453125,161.58999633789062,37.169925689697266,64.61351013183594,46.8488883972168,84.828369140625,62.93659210205078,112.64398956298828,317.81890869140625,147.69448852539062,141.9867401123047,311.1482849121094,64.69853210449219,233.82679748535156,31.334793090820312,28.710538864135742,375.8704528808594,41.16621398925781,49.40842819213867
2021-05-20,124.21000671386719,107.23779296875,162.38400268554688,37.08135986328125,64.39378356933594,46.68873977661133,85.12428283691406,62.92094802856445,114.4019775390625,319.0604248046875,148.55422973632812,141.73997497558594,316.1291809082031,64.943115234375,237.05836486816406,31.562942504882812,28.504182815551758,375.0810546875,40.773902893066406,49.2911491394043
2021-05-21,122.37577819824219,106.62786865234375,160.1540069580078,37.55074691772461,65.61912536621094,46.90789031982422,85.5845947265625,62.56930923461914,113.76622009277344,324.8070373535156,148.4586639404297,143.35275268554688,313.7677307128906,64.55178833007812,235.7984619140625,31.429203033447266,28.665679931640625,377.8254699707031,40.907649993896484,49.3581657409668
2021-05-24,124.0051040649414,106.77352905273438,162.24949645996094,37.75444412231445,65.94024658203125,47.287208557128906,86.8011245727539,62.62403106689453,117.08430480957031,326.60736083984375,149.02664184570312,144.12831115722656,322.1022644042969,64.42950439453125,241.1940155029297,31.319063186645508,28.44137954711914,377.2013854980469,41.228641510009766,49.93619155883789
2021-05-25,123.80998992919922,107.78399658203125,162.95249938964844,37.20534133911133,65.30643463134766,46.258853912353516,85.37908935546875,61.483116149902344,117.175048828125,323.2551574707031,148.61598205566406,142.638916015625,325.2377624511719,63.18215560913086,242.09808349609375,30.94144058227539,28.028661727905273,379.1288146972656,41.094886779785156,48.80527114868164
2021-05-26,123.76119232177734,106.28194427490234,163.25799560546875,37.23191452026367,65.50926971435547,46.71402359008789,85.5845947265625,62.20205307006836,118.03990936279297,325.8180236816406,147.73341369628906,142.6212615966797,325.1087341308594,62.96204376220703,241.87689208984375,30.618885040283203,28.306793212890625,379.27569580078125,41.371299743652344,49.37491226196289
2021-05-27,122.22940826416016,105.31698608398438,161.5054931640625,37.683589935302734,66.55714416503906,46.806739807128906,84.67221069335938,62.77248764038086,117.16563415527344,329.3387451171875,147.50621032714844,144.84213256835938,330.1590576171875,61.89405822753906,239.7802276611328,30.40646743774414,28.118383407592773,378.8076171875,41.69227981567383,49.05659484863281
2021-05-28,121.57574462890625,106.1908950805664,161.15350341796875,37.54187774658203,66.51488494873047,46.98375701904297,85.31334686279297,62.78030776977539,116.87652587890625,331.0293884277344,147.89065551757812,144.74520874023438,326.17041015625,61.869606018066406,240.13607788085938,30.469409942626953,28.109411239624023,378.09161376953125,41.65660858154297,48.89741897583008
2021-06-01,121.25377655029297,96.30464172363281,160.9324951171875,38.01126480102539,67.40220642089844,49.116310119628906,87.66421508789062,66.10138702392578,118.08303833007812,340.30126953125,144.64015197753906,146.34036254882812,326.5672912597656,61.290767669677734,237.9431915283203,30.288467407226562,29.66329002380371,373.3186950683594,42.13808822631836,50.64824295043945
2021-06-02,122.01478576660156,97.31511688232422,161.69949340820312,38.02898025512695,67.48672485351562,49.72320556640625,88.83965301513672,66.63276672363281,117.55789184570312,341.1910095214844,145.22560119628906,146.34915161132812,326.5870666503906,61.85331344604492,237.8470458984375,30.516616821289062,31.94229507446289,372.5201721191406,41.736854553222656,51.05036163330078
2021-06-03,120.53180694580078,99.40890502929688,159.35049438476562,38.46477127075195,67.2923355102539,50.12779998779297,88.4368667602539,67.83617401123047,116.41681671142578,345.8892822265625,145.08580017089844,146.4460906982422,323.5013122558594,63.147674560546875,236.3177947998047,30.658220291137695,32.89715576171875,374.4568786621094,41.42478942871094,51.25139236450195
2021-06-04,122.8245620727539,99.49082946777344,160.31100463867188,38.4825553894043,67.17403411865234,50.448116302490234,89.1437759399414,68.34410858154297,118.69745635986328,348.3184814453125,145.02462768554688,146.68406677246094,327.77783203125,63.31853485107422,241.20364379882812,30.799837112426758,32.80707550048828,372.3273620605469,41.87059783935547,51.477596282958984
2021-06-07,122.83433532714844,100.13716125488281,159.90049743652344,38.349143981933594,67.02191925048828,50.414390563964844,88.56839752197266,68.0080795288086,119.13037872314453,345.3910217285156,144.03720092773438,145.9966583251953,333.9592590332031,62.19929504394531,244.10818481445312,30.67396354675293,32.27560043334961,367.3800964355469,42.00434875488281,51.14250564575195
2021-06-08,123.65387725830078,98.22543334960938,163.20550537109375,38.13570785522461,66.82756042480469,50.9707145690918,89.3739242553711,68.28942108154297,118.93896484375,342.3122253417969,142.77020263671875,145.41497802734375,331.0818176269531,61.8575439453125,242.91558837890625,30.56382179260254,32.33866500854492,368.74761962890625,41.558528900146484,52.047237396240234
2021-06-09,124.03438568115234,99.2723388671875,164.0574951171875,37.63767623901367,66.03318786621094,50.30482864379883,88.5930404663086,67.05473327636719,119.41007232666016,340.6037902832031,144.69256591796875,143.59950256347656,327.6784973144531,63.258731842041016,243.89657592773438,31.319063186645508,32.2125358581543,368.1601867675781,40.94330596923828,52.48284149169922
2021-06-10,123.03921508789062,100.27371978759766,167.4824981689453,37.07735824584961,64.97688293457031,50.717838287353516,89.11089324951172,67.3360595703125,120.75843048095703,332.7378234863281,145.99453735351562,141.36097717285156,329.8713684082031,65.05293273925781,247.40708923339844,32.003501892089844,31.473888397216797,368.51824951171875,40.2032585144043,52.56661605834961
2021-06-11,124.24903106689453,100.05525207519531,167.3415069580078,37.22855758666992,64.63040161132812,50.54926300048828,88.69991302490234,66.765625,120.51395416259766,336.39495849609375,144.14210510253906,141.26406860351562,328.6806335449219,65.16400909423828,248.03228759765625,31.586538314819336,31.428855895996094,365.2138366699219,40.72932434082031,52.08074188232422
2021-06-14,127.30277252197266,100.5741195678711,169.19349670410156,36.78388214111328,63.51491928100586,50.83584976196289,88.74922943115234,66.31238555908203,121.44178771972656,331.83026123046875,144.50033569335938,138.8668975830078,334.14776611328125,65.01750183105469,249.95584106445312,31.177453994750977,30.672182083129883,366.3796081542969,40.25676727294922,51.99697494506836
2021-06-15,126.48328399658203,100.51040649414062,169.156494140625,36.810550689697266,62.38253402709961,51.56074905395508,90.66443634033203,66.89064025878906,120.42418670654297,330.38873291015625,143.7314453125,136.76058959960938,334.1279296875,65.23296356201172,248.4842529296875,31.145986557006836,30.798288345336914,367.4076232910156,40.53316116333008,53.89020919799805
2021-06-16,126.98084259033203,100.19178771972656,170.7624969482422,37.01511001586914,60.388179779052734,51.52704620361328,90.14659118652344,66.19518280029297,119.7824935913086,330.12176513671875,143.67897033691406,137.72119140625,328.5020446777344,66.01712799072266,247.541748046875,30.91783905029297,30.663175582885742,364.62640380859375,40.6312370300293,53.69753646850586
2021-06-17,128.58087158203125,101.62100219726562,174.46200561523438,35.396484375,58.191017150878906,49.74007797241211,88.00944519042969,63.632057189941406,120.74554443359375,321.6684875488281,144.36927795410156,133.74655151367188,333.88983154296875,66.55139923095703,250.9271240234375,31.059444427490234,29.24892234802246,364.71820068359375,38.15253448486328,51.92995834350586
2021-06-18,127.28329467773438,100.43758392333984,174.34500122070312,34.48933029174805,57.13469696044922,48.492557525634766,84.68862915039062,61.97544479370117,119.12642669677734,310.3945007324219,141.5381622314453,130.3623504638672,327.0931701660156,66.01712799072266,249.51333618164062,30.53235626220703,28.18597984313965,358.7025146484375,37.225250244140625,50.597984313964844
2021-06-21,129.0784912109375,101.44804382324219,172.697998046875,35.352012634277344,57.84454345703125,50.953857421875,87.17103576660156,66.4139633178711,120.81398010253906,318.1448669433594,143.16346740722656,132.57440185546875,329.7026062011719,66.13775634765625,252.59104919433594,31.012239456176758,29.834436416625977,366.7172546386719,38.58943557739258,52.43257141113281
2021-06-22,130.71754455566406,101.01109313964844,175.27200317382812,35.54768371582031,58.2755241394043,51.240455627441406,87.45873260498047,66.3827133178711,121.32772064208984,318.1358947753906,142.97119140625,132.38050842285156,336.3901672363281,65.65521240234375,255.3610076904297,31.161724090576172,29.744365692138672,367.2884521484375,38.82124328613281,53.43783950805664
2021-06-23,130.4443817138672,100.90186309814453,175.1909942626953,35.752227783203125,58.85861587524414,51.21515655517578,87.35184478759766,66.96878814697266,121.12589263916016,321.2680969238281,142.1061553955078,133.1824951171875,337.9380798339844,65.12954711914062,255.13021850585938,30.72115707397461,29.61824607849121,364.4049987792969,39.19573211669922,53.831573486328125
2021-06-24,130.16148376464844,101.68473815917969,172.45399475097656,36.31251907348633,60.26987075805664,51.74620056152344,88.06698608398438,67.2735366821289,121.49583435058594,328.1196594238281,142.75274658203125,134.4075469970703,340.50787353515625,65.80168151855469,256.495849609375,30.831296920776367,29.960554122924805,367.4543151855469,40.28351974487305,54.04936599731445
2021-06-25,129.8687286376953,102.61328887939453,170.072998046875,37.01511001586914,60.46424102783203,51.67876052856445,88.19850158691406,68.49256134033203,121.50428009033203,328.137451171875,143.48675537109375,135.76475524902344,338.7119445800781,66.5255355834961,254.88967895507812,30.666095733642578,30.041622161865234,373.0553894042969,41.353458404541016,54.16665267944336
2021-06-28,131.4981231689453,105.32608032226562,172.1945037841797,36.961753845214844,60.43043899536133,50.22895431518555,85.47773742675781,64.83547973632812,121.53154754638672,328.08404541015625,143.32070922851562,136.01150512695312,352.870849609375,66.2325668334961,258.4482727050781,30.776227951049805,28.843564987182617,369.8402099609375,40.8274040222168,52.784423828125
2021-06-29,133.01036071777344,106.7007064819336,172.40699768066406,36.365882873535156,58.88397979736328,49.773780822753906,85.28870391845703,64.31974029541016,121.27019500732422,331.56329345703125,143.32945251464844,135.8440399169922,349.1500549316406,66.53416442871094,261.0258483886719,30.760498046875,28.717445373535156,366.7449035644531,39.935791015625,52.457706451416016
2021-06-30,133.62503051757812,105.53547668457031,172.00799560546875,36.66826248168945,59.788185119628906,51.33316421508789,86.09423065185547,65.2027587890625,121.08870697021484,337.7119445800781,143.9498748779297,137.07786560058594,345.0025939941406,67.01673126220703,260.544921875,30.807697296142578,28.834552764892578,368.9006042480469,40.381591796875,52.84306716918945
2021-07-01,133.927490234375,106.65518951416016,171.64849853515625,36.943965911865234,60.007911682128906,53.00212097167969,87.30253601074219,67.19540405273438,121.4407958984375,333.6721496582031,145.01588439941406,138.43504333496094,351.63055419921875,67.20631408691406,261.2181701660156,31.12238311767578,29.789400100708008,373.0002136230469,40.488590240478516,52.99385452270508
2021-07-02,136.55194091796875,107.45628356933594,175.5489959716797,36.59711837768555,59.50086975097656,52.892547607421875,87.18746185302734,67.02349853515625,124.2307357788086,332.9336242675781,147.65478515625,138.3021240234375,351.93817138671875,67.73197937011719,267.0369567871094,31.256122589111328,29.53717803955078,377.11810302734375,40.1854362487793,52.918453216552734
2021-07-06,138.56179809570312,108.16632843017578,183.78700256347656,35.63661193847656,57.6417236328125,50.81056213378906,85.47773742675781,65.42154693603516,125.15558624267578,329.1073913574219,146.77223205566406,135.97982788085938,350.03314208984375,67.30970001220703,267.0464782714844,30.90996551513672,28.077882766723633,377.9471740722656,38.776676177978516,51.41056823730469
2021-07-07,141.04974365234375,109.12220764160156,184.82899475097656,35.352012634277344,57.40511703491211,49.74007797241211,84.60643768310547,63.366390228271484,125.437255859375,327.1587219238281,148.03048706054688,136.1393280029297,347.7609558105469,67.6974868774414,269.229736328125,30.957172393798828,27.636489868164062,379.2369079589844,38.69642639160156,50.606361389160156
2021-07-08,139.7521209716797,108.56690216064453,186.57049560546875,34.48933029174805,56.39103317260742,49.90864944458008,84.3351821899414,62.42866134643555,124.01898956298828,319.3906555175781,147.7421417236328,133.79043579101562,342.9586181640625,67.31832122802734,266.81573486328125,30.87849998474121,27.501371383666992,377.6615295410156,37.73346710205078,50.38017654418945
2021-07-09,141.57656860351562,109.00384521484375,185.9669952392578,35.60993194580078,57.84454345703125,50.68413162231445,85.54351043701172,64.53851318359375,124.48961639404297,330.79803466796875,148.32757568359375,138.0716552734375,347.6914978027344,67.20631408691406,267.31573486328125,31.161724090576172,28.095901489257812,379.6514892578125,39.151153564453125,51.29328918457031
2021-07-12,140.98143005371094,108.15723419189453,185.92750549316406,36.13465118408203,58.68115997314453,50.40596389770508,85.71611785888672,65.09333038330078,125.93465423583984,338.5750427246094,148.09169006347656,140.0482635498047,350.4101867675781,66.8271484375,266.7195129394531,31.279722213745117,28.12291717529297,383.27191162109375,39.37405776977539,51.24302673339844
2021-07-13,142.09364318847656,108.01158142089844,183.8679962158203,35.449832916259766,57.776954650878906,50.11936950683594,85.42841339111328,64.6479263305664,126.29763793945312,334.5530700683594,147.9081573486328,137.96530151367188,349.3485107421875,66.87885284423828,270.23956298828125,31.193185806274414,27.573434829711914,385.5750427246094,38.54484939575195,51.000083923339844
2021-07-14,145.51820373535156,107.07035064697266,184.08399963378906,34.56048583984375,57.60791778564453,48.610565185546875,83.81733703613281,62.248931884765625,127.18580627441406,333.1470947265625,148.91302490234375,137.4954833984375,344.92327880859375,66.88745880126953,271.7110900878906,31.429203033447266,26.61858558654785,382.07427978515625,40.07844543457031,49.869171142578125
2021-07-15,144.864501953125,106.60433197021484,181.55999755859375,34.53380584716797,57.84454345703125,48.113258361816406,83.26661682128906,60.61249542236328,125.96390533447266,332.21282958984375,147.12173461914062,137.796875,341.7779235839844,67.1287612915039,270.2877502441406,31.539348602294922,25.879934310913086,386.9660949707031,40.12302017211914,49.383304595947266
2021-07-16,142.8253936767578,107.38107299804688,178.68150329589844,33.724491119384766,56.53470230102539,46.781455993652344,81.06371307373047,58.79865264892578,125.92919921875,324.6048889160156,146.88583374023438,134.65020751953125,338.50360107421875,67.23217010498047,270.0183410644531,31.74388313293457,25.105243682861328,386.64361572265625,39.48105239868164,48.017826080322266
2021-07-19,138.9813232421875,108.55072784423828,177.47950744628906,32.844017028808594,54.99668884277344,45.264217376708984,78.87724304199219,55.958560943603516,123.55680847167969,315.6355895996094,145.81979370117188,130.27149963378906,334.326416015625,66.39627838134766,266.42138671875,31.586538314819336,24.006277084350586,376.8416442871094,38.38434600830078,46.36752700805664
2021-07-20,142.5912322998047,108.49591064453125,178.6595001220703,33.519935607910156,56.01921463012695,45.91325378417969,79.34576416015625,56.88140106201172,125.1749267578125,324.5693359375,147.19163513183594,132.70018005371094,338.9997253417969,65.63796997070312,268.64312744140625,32.29458236694336,24.53774642944336,380.4437255859375,39.9803581237793,46.87852478027344
2021-07-21,141.8595428466797,108.7243423461914,179.25999450683594,34.20473861694336,57.37131118774414,48.06269073486328,82.05008697509766,59.021419525146484,126.5034408569336,332.3463439941406,148.10040283203125,135.49227905273438,343.53411865234375,65.82752227783203,270.6435546875,32.2709846496582,25.609691619873047,381.9821472167969,40.8363151550293,48.38642501831055
2021-07-22,143.2254180908203,108.05728912353516,181.90150451660156,33.760066986083984,56.56005859375,47.767662048339844,81.22810363769531,58.6315803527832,127.3687973022461,331.643310546875,148.52857971191406,133.78155517578125,348.45550537109375,65.94818878173828,275.202392578125,32.6250114440918,25.204334259033203,383.023193359375,40.14976119995117,47.84189987182617
2021-07-23,144.9425506591797,110.38749694824219,182.83200073242188,33.52882385253906,56.37413787841797,47.00324630737305,81.260986328125,57.684898376464844,131.9246368408203,332.835693359375,150.11012268066406,133.52452087402344,366.9106750488281,66.81853485107422,278.5974426269531,32.79022216796875,25.591676712036133,384.80120849609375,39.75746536254883,47.783260345458984
2021-07-26,145.36212158203125,109.21778869628906,184.99099731445312,33.91124725341797,57.269901275634766,48.30275344848633,82.97892761230469,59.005489349365234,132.93629455566406,334.48187255859375,150.18003845214844,134.4197235107422,369.55987548828125,66.56001281738281,278.0011901855469,32.892494201660156,26.537521362304688,380.9688720703125,40.13193893432617,48.98957443237305
2021-07-27,143.19615173339844,109.48280334472656,181.3195037841797,33.7778434753418,57.447357177734375,47.84410858154297,82.699462890625,57.85991287231445,130.81878662109375,333.53863525390625,150.87034606933594,134.24246215820312,364.9461364746094,67.0856704711914,275.5870666503906,33.12063980102539,26.285293579101562,382.4059753417969,40.24784469604492,48.4450569152832
2021-07-28,141.44972229003906,110.13159942626953,181.51600646972656,33.91124725341797,57.54877471923828,48.17535400390625,83.16796112060547,58.313385009765625,134.9783935546875,332.99591064453125,150.45091247558594,134.46408081054688,370.37353515625,67.49929809570312,275.27935791015625,34.182701110839844,26.411407470703125,376.9430236816406,40.57775115966797,48.77177429199219
2021-07-29,142.09364318847656,110.65247344970703,179.99600219726562,34.40039825439453,58.14876937866211,48.48112487792969,84.31053161621094,58.639530181884766,134.66448974609375,335.9500427246094,150.45091247558594,135.6164093017578,355.5299987792969,66.2928695678711,275.5486755371094,33.96836471557617,26.699657440185547,379.6238098144531,41.46044921875,49.366554260253906
2021-07-30,142.30833435058594,110.55197143554688,166.37950134277344,34.11580276489258,57.5698356628418,47.614768981933594,83.68582153320312,57.96333694458008,133.62213134765625,333.5742492675781,150.4683837890625,134.5349884033203,353.5257263183594,66.24116516113281,274.0194091796875,33.9842414855957,25.970016479492188,379.7527770996094,40.961151123046875,48.22724914550781
2021-08-02,141.97659301757812,110.49713897705078,166.57400512695312,33.760066986083984,57.663482666015625,47.0372200012207,83.5378646850586,56.97684860229492,133.74905395507812,336.5195007324219,150.52955627441406,133.99429321289062,349.2096252441406,65.6465835571289,273.9328308105469,34.89715576171875,25.672748565673828,382.8389892578125,40.8274040222168,48.23563766479492
2021-08-03,143.77175903320312,111.59369659423828,168.31199645996094,34.284786224365234,58.64256286621094,48.107398986816406,84.3351821899414,58.615684509277344,134.51820373535156,338.4504089355469,152.3820343017578,135.51885986328125,348.505126953125,65.84477996826172,276.14495849609375,36.26255798339844,26.03307342529297,388.6703796386719,41.754695892333984,48.755008697509766
2021-08-04,143.3717803955078,111.09111022949219,167.73599243164062,34.0357666015625,58.336082458496094,46.655006408691406,82.44464874267578,56.27677917480469,134.0178680419922,336.22589111328125,151.4819793701172,134.0563507080078,356.1253662109375,65.0433578491211,275.5582275390625,35.87356948852539,24.889053344726562,388.3387145996094,41.14838790893555,47.61571502685547
2021-08-05,143.4790802001953,111.67593383789062,168.79949951171875,34.702781677246094,59.332176208496094,47.52134704589844,83.20907592773438,56.27677917480469,135.13462829589844,341.9563903808594,151.77032470703125,135.7493133544922,360.1437683105469,65.1381607055664,278.453125,35.770381927490234,25.15028953552246,378.8039855957031,42.0797119140625,47.917301177978516
2021-08-06,142.79510498046875,111.63937377929688,167.2469940185547,35.707763671875,60.507076263427734,47.98849105834961,83.8009033203125,56.42792510986328,134.6258087158203,354.0489501953125,151.26356506347656,139.6051025390625,360.6795959472656,65.00890350341797,278.3954772949219,35.7783203125,25.60068702697754,382.42437744140625,43.673709869384766,48.47018814086914
2021-08-09,142.74624633789062,112.54405975341797,167.093505859375,36.17021942138672,60.89017868041992,47.0966682434082,82.4035415649414,55.19484329223633,135.79067993164062,355.8196105957031,151.787841796875,139.4544219970703,358.7943115234375,64.9054946899414,277.3087158203125,36.500709533691406,25.21334457397461,378.5091247558594,43.566246032714844,47.917301177978516
2021-08-10,142.26747131347656,112.12371063232422,166.03399658203125,36.84613800048828,62.133201599121094,47.97150802612305,83.90775299072266,54.6777458190918,135.68556213378906,363.0182800292969,151.8402557373047,141.1651153564453,358.318115234375,64.79347229003906,275.490966796875,38.255096435546875,25.60068702697754,379.347412109375,44.443843841552734,48.738258361816406
2021-08-11,142.5215301513672,110.99058532714844,164.60549926757812,37.308597564697266,63.25703048706055,48.57455062866211,84.54067993164062,55.25849151611328,135.16188049316406,368.2859802246094,151.8665008544922,142.84922790527344,357.1572265625,64.81069946289062,275.9814147949219,36.76267623901367,26.10513687133789,375.62567138671875,45.3661994934082,48.88066864013672
2021-08-12,145.48220825195312,112.22421264648438,165.1750030517578,37.48647689819336,63.112274169921875,48.447147369384766,84.3680648803711,55.521026611328125,136.06939697265625,369.27374267578125,153.0897979736328,143.40765380859375,359.8262634277344,65.52591705322266,278.73211669921875,37.50094985961914,25.717792510986328,373.98583984375,45.80500030517578,48.770118713378906
2021-08-13,145.68734741210938,112.45266723632812,164.69850158691406,37.02401351928711,62.24388122558594,47.53834533691406,83.8091049194336,54.09699249267578,136.5985107421875,365.5186767578125,154.0072784423828,141.80332946777344,360.3521423339844,66.11193084716797,281.65594482421875,38.48530197143555,25.537635803222656,377.4036560058594,45.10650634765625,48.276893615722656
2021-08-16,147.66116333007812,113.91475677490234,164.94949340820312,36.72162628173828,61.38398742675781,46.553077697753906,82.95426177978516,52.44225311279297,137.1757354736328,363.3564147949219,155.3966522216797,140.8726348876953,363.7058410644531,67.15460205078125,283.3390197753906,38.82666015625,25.024179458618164,384.3497314453125,44.246822357177734,47.571067810058594
2021-08-17,146.75245666503906,114.85598754882812,162.09800720214844,36.54375076293945,60.9753303527832,46.306766510009766,82.798095703125,52.48203659057617,135.541259765625,360.34881591796875,156.8209228515625,139.17076110839844,355.65899658203125,67.93016052246094,281.87713623046875,40.02534866333008,24.492706298828125,388.5597839355469,43.61997604370117,47.24791717529297
2021-08-18,143.01004028320312,113.24768829345703,160.06100463867188,36.276947021484375,60.54962921142578,45.46590805053711,80.5571517944336,51.99675369262695,134.33872985839844,354.8586120605469,154.82864379882812,137.9032440185547,352.6823425292969,67.03397369384766,280.15228271484375,39.144187927246094,24.150402069091797,384.4511413574219,42.957298278808594,46.25294494628906
2021-08-19,143.34228515625,114.8833999633789,159.3874969482422,35.743324279785156,59.45988464355469,44.54010772705078,78.54945373535156,51.12165451049805,134.56777954101562,350.2049560546875,156.03451538085938,136.7509307861328,352.35491943359375,67.611328125,285.9724426269531,38.73933029174805,23.817108154296875,394.1886291503906,42.31254196166992,44.84130096435547
2021-08-20,144.7982177734375,115.4316635131836,159.99749755859375,35.903419494628906,59.80894088745117,44.82040023803711,78.55780792236328,51.28872299194336,136.30294799804688,352.25146484375,156.7947235107422,137.1409454345703,356.57177734375,67.80088806152344,293.2862548828125,38.67583084106445,23.83512306213379,395.865234375,42.464778900146484,44.84980010986328
2021-08-23,146.283447265625,114.99303436279297,163.2935028076172,36.3836784362793,60.35382080078125,46.53609848022461,80.58213806152344,53.81059265136719,138.89353942871094,357.2166748046875,156.1178741455078,138.89599609375,360.5208740234375,67.5423812866211,293.5657958984375,39.63636779785156,24.762941360473633,391.8578186035156,42.634918212890625,46.69515609741211
2021-08-24,146.19544982910156,114.68234252929688,165.28900146484375,36.890602111816406,61.33289337158203,47.06270217895508,81.5068359375,54.454978942871094,140.10354614257812,363.5432434082031,154.16651916503906,139.7557830810547,362.66400146484375,66.97364807128906,291.6095886230469,38.40592575073242,25.420530319213867,390.0614929199219,43.306541442871094,47.07784652709961
2021-08-25,144.96429443359375,113.98786163330078,164.95899963378906,37.48647689819336,62.30347442626953,47.58080291748047,82.06499481201172,54.6777458190918,140.91433715820312,367.600830078125,153.14688110351562,142.63653564453125,365.5216369628906,66.41351318359375,291.0218505859375,37.71527862548828,25.62771224975586,386.6805114746094,44.13936996459961,47.162872314453125
2021-08-26,144.1630859375,114.65492248535156,165.8000030517578,37.38864517211914,61.673465728759766,46.82488250732422,80.9903335571289,53.643531799316406,140.28109741210938,366.9691162109375,152.3294219970703,143.37220764160156,361.5428466796875,65.98265838623047,288.20806884765625,37.612083435058594,25.33945655822754,384.01812744140625,43.9244384765625,46.52508544921875
2021-08-27,145.19882202148438,113.85079193115234,167.48150634765625,37.788856506347656,62.14170455932617,48.19233703613281,82.17330932617188,55.393714904785156,142.8235626220703,373.44696044921875,152.00418090820312,144.52452087402344,369.7286071777344,65.75,288.815185546875,36.992889404296875,26.19521141052246,385.7776794433594,44.60503005981445,47.42649459838867
2021-08-30,149.6153564453125,115.08442687988281,171.07850646972656,37.050682067871094,61.01787567138672,47.73368453979492,81.96503448486328,53.6117057800293,143.4052734375,368.0279846191406,152.64585876464844,142.21104431152344,377.6960754394531,65.92233276367188,292.5443115234375,37.119903564453125,25.474573135375977,385.35394287109375,43.3513298034668,46.90775680541992
2021-08-31,148.35487365722656,115.47734832763672,173.5395050048828,37.13072967529297,61.222225189208984,47.16461944580078,80.61547088623047,53.71512985229492,143.51136779785156,369.7358093261719,152.18002319335938,141.77671813964844,376.4259948730469,65.74137878417969,290.8965148925781,36.57215881347656,25.370525360107422,383.48382568359375,40.92451095581055,46.3635139465332
2021-09-01,149.01931762695312,116.4185791015625,173.9499969482422,36.6326904296875,60.71139907836914,46.41718292236328,79.732421875,52.79228973388672,144.02513122558594,369.8698425292969,152.7161865234375,141.5728759765625,379.0751647949219,65.6465835571289,290.8483581542969,36.54834747314453,25.316234588623047,384.478759765625,38.90962219238281,45.725704193115234
2021-09-02,150.1332244873047,117.41463470458984,173.156005859375,36.66844940185547,60.87316131591797,48.07343292236328,81.3985366821289,54.38338088989258,142.11245727539062,370.6209716796875,153.7621612548828,142.2288055419922,372.35791015625,66.45660400390625,290.193115234375,37.18341064453125,25.886259078979492,390.3377685546875,39.912593841552734,46.839725494384766
2021-09-03,150.76834106445312,117.82582092285156,173.90249633789062,36.69526290893555,60.59220886230469,47.767662048339844,81.21527862548828,54.08903121948242,142.5612335205078,367.76861572265625,153.85887145996094,141.36898803710938,373.3302917480469,66.57723236083984,290.18353271484375,37.18341064453125,25.41576385498047,389.5547790527344,39.554386138916016,46.66114044189453
2021-09-07,153.10365295410156,117.32324981689453,175.46449279785156,36.93661880493164,60.29423141479492,47.54683303833008,80.85704040527344,53.83445739746094,143.09780883789062,366.88348388671875,151.468017578125,141.12081909179688,379.2041931152344,65.4742431640625,289.2584228515625,37.11196517944336,25.18051528930664,388.0624084472656,39.679752349853516,46.389007568359375
2021-09-08,151.55979919433594,117.93548583984375,176.27499389648438,36.45390319824219,59.630149841308594,46.952274322509766,80.29891204833984,53.444637298583984,142.5131378173828,362.1266174316406,151.09884643554688,140.4915008544922,374.6300964355469,64.93995666503906,289.2873229980469,36.92144775390625,24.121902465820312,382.67315673828125,39.240970611572266,45.96381759643555
2021-09-09,150.54364013671875,116.94857788085938,174.20799255371094,36.587989807128906,59.987735748291016,47.20708465576172,79.97399139404297,53.57987976074219,142.36436462402344,361.7510986328125,147.7322998046875,141.1030731201172,375.0567626953125,63.612911224365234,286.4349365234375,36.540401458740234,24.08571434020996,381.8992614746094,39.72453689575195,45.997833251953125
2021-09-10,145.56033325195312,117.69792175292969,173.45750427246094,35.99800491333008,59.230018615722656,47.334495544433594,80.03233337402344,53.412818908691406,139.72120666503906,360.76751708984375,146.765380859375,139.48101806640625,375.74139404296875,63.294036865234375,284.9510192871094,36.19110870361328,24.230480194091797,373.4034423828125,39.69767379760742,45.90428924560547
2021-09-13,146.12704467773438,115.70581817626953,172.85850524902344,36.5969352722168,60.0388069152832,48.914283752441406,81.6151351928711,55.759681701660156,141.16578674316406,365.9355773925781,145.73695373535156,141.6969451904297,373.578369140625,63.06138229370117,286.1844482421875,35.38933563232422,25.43385887145996,383.2120361328125,40.97824478149414,47.086334228515625
2021-09-14,144.7297821044922,116.09874725341797,172.5,35.61362075805664,58.557430267333984,48.36220169067383,80.14060974121094,55.30622482299805,141.3760223388672,360.955322265625,144.85797119140625,139.22396850585938,373.5981750488281,62.69622039794922,288.8825988769531,35.49252700805664,25.035747528076172,381.3815612792969,41.237937927246094,46.414527893066406
2021-09-15,145.61895751953125,116.50083923339844,173.7895050048828,35.881797790527344,59.97922134399414,50.383670806884766,81.8400650024414,59.91240692138672,143.24557495117188,359.3995056152344,145.40296936035156,140.1901397705078,371.008544921875,63.30483627319336,293.7296142578125,35.5401611328125,26.456281661987305,385.98541259765625,41.76627731323242,47.97925567626953
2021-09-16,145.3844451904297,116.45514678955078,174.41200256347656,36.158912658691406,59.596099853515625,50.30722427368164,81.07364654541016,58.84638977050781,142.4327850341797,354.6873779296875,145.22718811035156,140.12803649902344,370.1551818847656,62.574493408203125,294.114990234375,35.30201721191406,26.112459182739258,385.3568115234375,41.44389724731445,47.46900939941406
2021-09-17,142.7169647216797,115.86115264892578,173.12600708007812,36.203609466552734,59.562042236328125,50.04393005371094,80.60713195800781,59.06913757324219,139.64584350585938,350.0199890136719,144.81407165527344,139.76461791992188,361.880126953125,62.322349548339844,288.9596862792969,34.84158706665039,25.614822387695312,388.4260559082031,41.61404800415039,46.90775680541992
2021-09-20,139.6683807373047,114.10663604736328,167.7864990234375,34.96106719970703,57.29740524291992,48.47262954711914,78.95765686035156,56.90525817871094,137.5823974609375,338.1011657714844,143.98779296875,135.5809326171875,352.9303894042969,62.53971481323242,283.59234619140625,35.087677001953125,24.655731201171875,381.5294189453125,41.02302169799805,45.65768051147461
2021-09-21,140.14710998535156,114.34423828125,167.18150329589844,34.97894287109375,56.99089813232422,50.39216995239258,79.0159912109375,57.44622039794922,137.893310546875,336.05352783203125,144.6206817626953,135.5986328125,354.696533203125,62.574493408203125,284.0741271972656,34.86539840698242,24.36619758605957,381.1966552734375,41.058834075927734,45.61515808105469
2021-09-22,142.51173400878906,113.90562438964844,169.00250244140625,35.881797790527344,58.097686767578125,52.88076400756836,81.3402328491211,59.34756851196289,139.133544921875,344.6640625,144.09324645996094,138.1957244873047,340.53765869140625,62.63534164428711,287.71661376953125,34.88922119140625,24.565258026123047,377.83160400390625,42.160308837890625,46.95027542114258
2021-09-23,143.46932983398438,114.49958801269531,170.8000030517578,37.267364501953125,60.34531021118164,54.112335205078125,83.35624694824219,61.15347671508789,140.05841064453125,350.37762451171875,144.91073608398438,142.8669891357422,343.2662353515625,63.51349639892578,288.66094970703125,35.079734802246094,26.130558013916016,377.21221923828125,42.80506896972656,48.5405158996582
2021-09-24,143.55726623535156,113.64976501464844,171.2760009765625,37.66963195800781,60.600730895996094,55.2249870300293,83.80609130859375,62.13200378417969,141.0492401123047,349.474609375,144.47122192382812,144.51560974121094,350.21173095703125,64.0003890991211,288.45867919921875,34.88127517700195,26.248172760009766,376.33392333984375,42.91252517700195,48.974212646484375
2021-09-27,142.042724609375,110.18643951416016,170.2899932861328,38.67082977294922,61.520206451416016,56.660400390625,85.78044128417969,65.08345031738281,139.91558837890625,357.4860534667969,143.42520141601562,148.00799560546875,350.826904296875,63.78303527832031,283.4671325683594,34.58755874633789,27.315841674804688,374.66058349609375,42.59014892578125,50.42838668823242
2021-09-28,138.6619415283203,108.50503540039062,165.79800415039062,38.58142852783203,60.762481689453125,57.586181640625,86.1053466796875,65.0197982788086,134.716552734375,348.2674255371094,143.10877990722656,147.2102508544922,337.99755859375,63.748268127441406,273.2044982910156,34.16682434082031,27.96729278564453,368.512939453125,41.121517181396484,50.95561981201172
2021-09-29,139.5608673095703,109.16297149658203,165.05599975585938,38.50096893310547,60.89870071411133,57.790035247802734,86.08035278320312,65.68806457519531,133.25218200683594,344.1455078125,144.17234802246094,147.0950164794922,336.9656677246094,65.28716278076172,273.66717529296875,34.55580520629883,27.4425048828125,370.1677551269531,42.11552810668945,50.92162322998047
2021-09-30,138.26133728027344,107.9476318359375,164.2519989013672,37.94674301147461,59.74935531616211,57.560699462890625,84.51421356201172,63.85832595825195,132.5802459716797,338.0116882324219,141.9573211669922,145.09178161621094,336.74737548828125,65.30457305908203,271.6627502441406,34.14301300048828,26.818201065063477,361.2281188964844,41.56031799316406,50.020198822021484
2021-10-01,139.38497924804688,107.10691833496094,164.16299438476562,38.509910583496094,60.600730895996094,59.53970718383789,86.91341400146484,66.75408935546875,135.42373657226562,339.7731018066406,141.0519256591797,148.14093017578125,340.33917236328125,70.77342224121094,278.5815124511719,34.079498291015625,27.469654083251953,362.7904968261719,42.106571197509766,51.81452941894531
2021-10-04,135.95533752441406,105.57173156738281,159.48899841308594,38.742332458496094,60.69436264038086,60.72028350830078,87.23831939697266,68.7349853515625,132.56387329101562,334.54241943359375,139.9531707763672,147.98138427734375,323.6898498535156,72.25150299072266,272.8094177246094,33.674644470214844,27.940153121948242,357.77984619140625,42.106571197509766,52.4863395690918
2021-10-05,137.88023376464844,105.8915786743164,161.0500030517578,39.52898025512695,61.750064849853516,60.92414093017578,88.18800354003906,69.29188537597656,134.9080047607422,344.9681091308594,140.26968383789062,150.39794921875,330.3674011230469,70.94733428955078,278.2538146972656,33.59526062011719,27.677759170532227,363.7148742675781,42.9483528137207,52.40130615234375
2021-10-06,138.74981689453125,106.44898986816406,163.10049438476562,39.54685592651367,61.656402587890625,60.992103576660156,87.41325378417969,68.87024688720703,136.43734741210938,346.970947265625,140.5596923828125,150.718994140625,331.0422058105469,70.13004302978516,282.4456787109375,33.357112884521484,27.08963966369629,364.4729919433594,42.86774826049805,51.44035720825195
2021-10-07,140.01034545898438,107.74658966064453,165.1215057373047,39.4395866394043,61.46061325073242,60.7372932434082,88.03804016113281,68.24971008300781,138.08375549316406,349.2689208984375,141.8166961669922,151.673095703125,326.65655517578125,71.24295043945312,284.1222839355469,33.928680419921875,28.066823959350586,374.1336975097656,42.769248962402344,51.584922790527344
2021-10-08,139.62925720214844,108.1852035522461,164.43099975585938,39.63624572753906,61.59682083129883,63.63359451293945,90.01242065429688,72.02058410644531,138.63966369628906,351.22705078125,141.45628356933594,151.7890625,327.48004150390625,70.10395050048828,284.1222839355469,33.69845962524414,28.645893096923828,377.6097106933594,42.984169006347656,52.877525329589844
2021-10-11,139.54132080078125,106.80536651611328,162.31500244140625,39.13565444946289,61.026397705078125,62.82670593261719,89.2459945678711,71.72624206542969,137.7753143310547,344.4584655761719,140.8585662841797,148.59664916992188,322.91595458984375,69.49533081054688,283.5248718261719,33.38886260986328,29.369728088378906,374.4018249511719,42.33940124511719,52.35028076171875
2021-10-12,138.27108764648438,107.20743560791016,162.3665008544922,38.921112060546875,60.14098358154297,62.35105514526367,89.26264190673828,71.69441986083984,135.3305206298828,345.61187744140625,138.60836791992188,147.4552764892578,321.24896240234375,69.19972229003906,282.2239685058594,33.22214889526367,29.74974250793457,372.783935546875,41.775238037109375,52.078147888183594
2021-10-13,137.684814453125,106.91503143310547,164.21400451660156,38.563541412353516,59.81746292114258,62.19818878173828,89.79581451416016,71.92510986328125,136.45420837402344,345.4151306152344,139.9356231689453,143.56741333007812,322.01300048828125,68.6432876586914,285.52923583984375,32.880802154541016,29.64116859436035,373.0705261230469,41.237937927246094,51.9335823059082
2021-10-14,140.4695587158203,107.85069274902344,164.9929962158203,40.2888069152832,60.27720260620117,62.724769592285156,90.64554595947266,72.3830795288086,139.9939422607422,349.7875061035156,140.73548889160156,145.76991271972656,325.9719543457031,68.10420227050781,291.73492431640625,33.07926559448242,30.328815460205078,388.6109619140625,40.57526397705078,52.724456787109375
2021-10-15,141.52487182617188,107.7773208618164,170.4510040283203,41.450897216796875,61.54573440551758,62.9710807800293,91.3119888305664,71.62382507324219,140.2091827392578,363.0833740234375,141.78150939941406,148.56993103027344,322.2312927246094,68.10420227050781,293.1416931152344,32.93637466430664,30.763120651245117,395.7386474609375,43.324459075927734,53.22618865966797
2021-10-18,143.1957550048828,107.16271209716797,172.33700561523438,41.370452880859375,60.96681594848633,63.2768669128418,91.27031707763672,71.37609100341797,141.60760498046875,369.896728515625,140.74429321289062,148.5164337158203,332.7289123535156,67.07825469970703,296.10968017578125,32.801422119140625,30.907886505126953,392.5491638183594,44.264732360839844,53.2006721496582
2021-10-19,145.35513305664062,109.47437286376953,172.20750427246094,41.54923629760742,61.094512939453125,63.97334671020508,93.05309295654297,72.05541229248047,142.06285095214844,368.5286865234375,144.04052734375,150.31773376464844,337.34271240234375,69.11278533935547,297.0155029296875,33.41267776489258,31.25170135498047,392.32733154296875,45.07964324951172,54.00004577636719
2021-10-20,145.8437042236328,113.1161880493164,170.7530059814453,42.09450912475586,61.14561080932617,64.56787872314453,94.26935577392578,74.40502166748047,140.6068878173828,364.7107238769531,143.96142578125,152.3419189453125,338.1266174316406,70.48650360107422,296.2254333496094,33.97630310058594,31.432668685913086,402.2283935546875,44.918460845947266,54.29768371582031
2021-10-21,146.0586700439453,114.71234130859375,171.75050354003906,41.862098693847656,60.03030776977539,63.35330581665039,93.08642578125,72.64681243896484,140.72293090820312,364.4424133300781,143.62741088867188,151.1470184326172,339.21795654296875,70.5734634399414,299.4534912109375,34.023929595947266,31.034563064575195,408.87542724609375,45.0706901550293,53.31122589111328
2021-10-22,145.28672790527344,116.24427795410156,166.77749633789062,42.523597717285156,60.762481689453125,64.31306457519531,93.9694595336914,73.52592468261719,136.43882751464844,370.46002197265625,143.90867614746094,153.18014526367188,322.08245849609375,70.55607604980469,297.9116516113281,34.262081146240234,30.681682586669922,415.2356872558594,45.3661994934082,53.6768913269043
2021-10-25,145.23789978027344,116.11585998535156,166.01849365234375,42.46996307373047,60.30274963378906,64.99254608154297,94.84416961669922,75.15626525878906,136.3203125,370.844482421875,144.2251434326172,152.4311065673828,326.1307067871094,70.99949645996094,296.91912841796875,34.254146575927734,31.088842391967773,415.54083251953125,45.33039093017578,54.72287368774414
2021-10-26,145.90231323242188,117.53772735595703,168.80349731445312,42.872230529785156,60.14948272705078,65.42572021484375,95.05242919921875,75.92349243164062,138.1665496826172,373.40167236328125,145.6930389404297,152.84127807617188,313.3509826660156,71.51246643066406,298.8271179199219,34.57962417602539,30.998361587524414,420.30181884765625,45.3393440246582,55.98996353149414
2021-10-27,145.44308471679688,117.15245056152344,169.62449645996094,42.04982376098633,59.86003112792969,63.59719467163086,93.36131286621094,74.35707092285156,145.0189208984375,367.4825134277344,143.9262237548828,149.6578369140625,309.7889099121094,70.89514923095703,311.4119873046875,34.11125564575195,29.442110061645508,419.2294006347656,44.81993865966797,54.53579330444336
2021-10-28,149.07797241210938,117.15245056152344,172.32850646972656,42.71131134033203,60.34531021118164,64.21240234375,94.23602294921875,74.97245025634766,144.6534423828125,370.9071044921875,143.1439666748047,151.91390991210938,314.45233154296875,75.25111389160156,312.5490417480469,34.2779655456543,30.129756927490234,421.0414123535156,45.99305725097656,54.688865661621094
2021-10-29,146.37130737304688,118.23490142822266,168.6215057373047,42.71131134033203,59.307682037353516,63.64845275878906,95.3773422241211,73.89354705810547,146.83245849609375,369.59271240234375,143.17031860351562,151.49478149414062,321.0505676269531,76.55529022216797,319.5544738769531,34.722511291503906,29.18876838684082,425.6914978027344,45.813961029052734,54.82492446899414
2021-11-01,145.55055236816406,118.28076171875,165.90550231933594,42.773887634277344,59.693572998046875,63.73390197753906,95.41065216064453,74.69274139404297,142.32070922851562,372.5881042480469,143.29339599609375,151.41452026367188,327.41064453125,76.37269592285156,317.3864440917969,34.643131256103516,30.129756927490234,419.8118591308594,46.30648422241211,55.81138229370117
2021-11-02,146.58631896972656,117.15245056152344,165.6374969482422,42.80071258544922,58.82746124267578,62.40095138549805,94.8275146484375,74.1812515258789,144.2403564453125,378.981201171875,145.55238342285156,152.01199340820312,325.52545166015625,77.3986587524414,321.0096435546875,36.079978942871094,30.039281845092773,417.898193359375,45.93932342529297,55.12256622314453
2021-11-03,148.0226593017578,118.06060791015625,169.1999969482422,43.23873519897461,59.17049026489258,62.15315628051758,94.1444091796875,72.68675231933594,145.39630126953125,373.6610107421875,145.08657836914062,152.06549072265625,329.03790283203125,77.10303497314453,321.84796142578125,35.57984924316406,29.84022331237793,422.7887268066406,46.56618881225586,54.3657112121582
2021-11-04,147.50477600097656,118.41837310791016,173.85000610351562,42.309059143066406,57.45539093017578,62.64017868041992,94.56092834472656,72.64681243896484,147.0521240234375,364.8716735839844,144.6821746826172,150.06800842285156,333.2349548339844,78.72023010253906,324.1990966796875,35.11537551879883,29.99403953552246,422.2616882324219,45.50541305541992,54.77390670776367
2021-11-05,148.03317260742188,114.08856964111328,175.94949340820312,41.987247467041016,57.44681930541992,64.4687271118164,95.5855941772461,76.01940155029297,147.6318359375,363.9864807128906,143.65377807617188,149.85401916503906,338.4738464355469,70.9560317993164,323.8330078125,38.92723846435547,30.31976318359375,421.3833923339844,45.34359359741211,55.29264450073242
2021-11-08,147.2112274169922,116.31768798828125,174.44900512695312,42.3180046081543,58.69883346557617,64.87887573242188,95.9271469116211,77.51388549804688,147.8093719482422,365.113037109375,143.16151428222656,150.75465393066406,335.9833984375,71.8863296508789,324.7291259765625,38.703006744384766,31.034563064575195,427.6791687011719,45.73014450073242,55.8879280090332
2021-11-09,147.5732879638672,115.97826385498047,178.81149291992188,41.906795501708984,58.30434799194336,64.72508239746094,96.63525390625,77.60980987548828,147.6977996826172,362.4395751953125,142.8450927734375,149.61325073242188,332.7586669921875,71.92111206054688,323.7269592285156,37.87816619873047,30.88978385925293,429.2784729003906,44.84916687011719,56.43217849731445
2021-11-10,144.7452850341797,117.25336456298828,174.1024932861328,42.21966552734375,58.493003845214844,62.37532043457031,95.09410095214844,75.35609436035156,144.6975555419922,356.8690490722656,144.39210510253906,149.47056579589844,325.0888977050781,73.0427017211914,318.76434326171875,39.25555419921875,29.614030838012695,425.1646423339844,45.27168273925781,55.3204231262207
2021-11-11,144.69638061523438,116.73046875,173.625,42.45208740234375,59.05900955200195,61.64048767089844,95.10240936279297,75.85956573486328,144.57159423828125,359.7481384277344,143.32855224609375,149.461669921875,325.18804931640625,73.0513916015625,320.3349914550781,40.18449783325195,29.65926742553711,422.8441162109375,45.47844696044922,55.42383575439453
2021-11-12,146.77085876464844,117.83126831054688,176.25750732421875,41.93362045288086,59.307682037353516,61.82844543457031,95.1607437133789,75.79563903808594,147.45925903320312,362.0461730957031,145.04257202148438,148.79286193847656,338.2357177734375,73.03401184082031,324.4689636230469,39.824134826660156,29.64116859436035,424.3233337402344,45.81105041503906,55.001548767089844
2021-11-15,146.7806854248047,118.73941802978516,177.28399658203125,42.05875778198242,58.94751739501953,62.13607406616211,97.318359375,74.48495483398438,147.23509216308594,361.95672607421875,143.73287963867188,148.52532958984375,344.853759765625,72.76448822021484,323.8426208496094,39.76007080078125,29.604976654052734,416.7518310546875,45.9189338684082,55.475555419921875
2021-11-16,147.75921630859375,120.069580078125,177.03500366210938,42.08558654785156,58.089969635009766,62.06770706176758,97.7015609741211,73.44600677490234,146.66384887695312,360.4188232421875,142.98574829101562,147.4552764892578,340.2895812988281,73.129638671875,327.157470703125,39.72003173828125,29.758792877197266,415.66094970703125,45.28066635131836,56.03573226928711
2021-11-17,150.19577026367188,117.9872055053711,177.4499969482422,41.576045989990234,57.32675552368164,61.495235443115234,97.26339721679688,71.99147033691406,146.83343505859375,350.10040283203125,143.52191162109375,146.6616668701172,338.1166076660156,71.81678009033203,327.3794860839844,40.7370491027832,29.0078125,415.0415954589844,44.80421447753906,55.42383575439453
2021-11-18,154.48178100585938,117.0882339477539,184.80299377441406,41.40620803833008,57.54971694946289,62.13607406616211,96.44596099853516,71.62382507324219,148.6102294921875,349.93951416015625,142.7484130859375,145.39540100097656,336.0528564453125,72.20803833007812,329.455078125,41.16948318481445,28.82685089111328,415.5223083496094,44.858158111572266,54.82056427001953
2021-11-19,157.104248046875,116.35436248779297,183.82850646972656,40.58380126953125,56.889408111572266,59.478694915771484,94.30553436279297,68.47501373291016,147.70570373535156,346.3808288574219,143.17910766601562,143.49603271484375,342.61138916015625,70.16481018066406,331.2313537597656,40.68099594116211,27.189170837402344,406.7675476074219,43.88727951049805,52.286800384521484
2021-11-22,157.5641632080078,114.90498352050781,178.6284942626953,41.370452880859375,57.48969650268555,61.4268684387207,95.99092102050781,69.2981948852539,145.10272216796875,354.2224426269531,141.29458618164062,146.55467224121094,338.354736328125,70.98210906982422,328.0649108886719,41.00131607055664,27.451562881469727,404.49334716796875,45.253692626953125,53.01073455810547
2021-11-23,157.94577026367188,114.18946838378906,179.0019989013672,42.46102523803711,58.37296676635742,63.041805267333984,98.00495147705078,73.33412170410156,144.5869903564453,363.32476806640625,142.1704864501953,150.05909729003906,334.6240539550781,71.99067687988281,325.9893493652344,40.90521240234375,28.211589813232422,413.3590393066406,46.206600189208984,54.406890869140625
2021-11-24,158.4644317626953,114.7306900024414,179.02049255371094,42.577232360839844,57.695499420166016,63.93898010253906,98.75494384765625,74.36505889892578,144.92221069335938,356.931640625,141.77235412597656,148.88206481933594,338.4043884277344,71.53853607177734,326.21142578125,40.75306701660156,28.419694900512695,416.1601867675781,46.125694274902344,54.70852279663086
2021-11-26,153.4445037841797,115.4737319946289,175.22799682617188,40.90561294555664,56.169071197509766,61.076541900634766,96.49654388427734,69.86560821533203,141.0175018310547,348.1690979003906,140.85220336914062,144.39663696289062,330.5261535644531,68.82585906982422,318.2662353515625,43.24357604980469,26.872488021850586,406.68438720703125,43.536685943603516,52.78666305541992
2021-11-29,156.8009033203125,117.44599914550781,178.07850646972656,40.753639221191406,55.774600982666016,61.64902114868164,96.78304290771484,70.64082336425781,144.33755493164062,345.6208190917969,141.3388214111328,143.77247619628906,335.3979797363281,65.1133041381836,324.9757080078125,41.96228790283203,26.827245712280273,417.8612365722656,44.192928314208984,53.07968521118164
2021-11-30,161.7523193359375,115.37281036376953,175.35350036621094,39.7524528503418,54.625492095947266,59.92303466796875,95.11451721191406,69.52995300292969,140.7343292236328,340.6583557128906,137.9591064453125,141.63232421875,321.9336242675781,65.13070678710938,319.1447448730469,43.02736282348633,26.059457778930664,410.6688537597656,42.95235824584961,51.57148361206055
2021-12-01,161.2336883544922,116.26263427734375,172.18600463867188,39.18929672241211,53.61359786987305,59.128379821777344,94.46564483642578,68.21127319335938,139.89529418945312,338.4021911621094,139.861328125,140.79408264160156,308.18157958984375,64.7220458984375,318.6524658203125,43.788124084472656,25.786869049072266,410.7798156738281,42.4399528503418,51.52840042114258
2021-12-02,160.24534606933594,117.76705169677734,171.8679962158203,40.3210563659668,54.719825744628906,60.88859176635742,97.02742767333984,69.17829895019531,141.79408264160156,348.3436279296875,138.9853973388672,143.754638671875,307.9732360839844,64.24383544921875,318.0828857421875,42.474796295166016,26.64097785949707,412.33282470703125,43.96818923950195,52.81251525878906
2021-12-03,158.3665313720703,119.50080108642578,169.489501953125,39.40485382080078,53.81940841674805,60.760406494140625,96.41226959228516,68.72276306152344,140.8374786376953,344.0201110839844,141.01145935058594,141.1508026123047,304.4508361816406,63.76563262939453,311.8272705078125,43.459800720214844,26.568286895751953,416.7384338378906,42.92539596557617,52.47640609741211
2021-12-06,161.77188110351562,121.5189437866211,171.36849975585938,39.65636444091797,53.61359786987305,62.21295928955078,97.92068481445312,69.9854965209961,141.9815216064453,349.9255676269531,144.16119384765625,142.8183135986328,315.3949279785156,63.835201263427734,314.8971252441406,41.225547790527344,27.2679386138916,426.7460021972656,43.8782958984375,53.071067810058594
2021-12-07,167.506103515625,121.47309875488281,176.1645050048828,40.15936279296875,53.93947219848633,63.71680450439453,99.37010192871094,72.37507629394531,146.06231689453125,359.6422119140625,144.53277587890625,144.96739196777344,320.2964782714844,62.84402084350586,323.3249206542969,41.41773986816406,27.949403762817383,431.0309753417969,45.17279815673828,53.66572189331055
2021-12-08,171.32244873046875,121.42720031738281,176.1580047607422,39.665340423583984,53.56214141845703,63.32374954223633,99.81672668457031,71.99147033691406,146.97177124023438,357.1343994140625,145.39984130859375,143.30877685546875,327.9861145019531,63.65262222290039,323.3731384277344,41.16148376464844,28.221994400024414,434.86151123046875,44.417659759521484,53.82084655761719
2021-12-09,170.8135528564453,121.57400512695312,174.17100524902344,39.961753845214844,53.2877311706543,61.990814208984375,99.55548858642578,71.03243255615234,146.4282684326172,356.3883361816406,146.780029296875,143.08584594726562,327.25189208984375,63.34830093383789,321.5679931640625,41.70602798461914,27.822195053100586,438.9980773925781,44.669376373291016,53.958744049072266
2021-12-10,175.59860229492188,123.26189422607422,172.21200561523438,39.988704681396484,52.06143569946289,62.79399490356445,99.7240219116211,71.67179107666016,146.7882843017578,351.5074768066406,146.41732788085938,142.51513671875,327.1824035644531,63.13964080810547,330.68115234375,42.26658630371094,28.158390045166016,443.5520935058594,45.12785339355469,54.303470611572266
2021-12-13,171.96823120117188,124.72042846679688,169.5675048828125,39.144378662109375,51.60694122314453,60.68349075317383,97.6510238647461,70.35311889648438,144.6311492919922,345.7369079589844,149.0361785888672,140.82083129882812,331.88555908203125,63.835201263427734,327.6498107910156,44.204551696777344,27.10438346862793,443.4686584472656,43.6535530090332,53.11415481567383
2021-12-14,170.58848571777344,121.95011138916016,169.0915069580078,39.638404846191406,52.00141525268555,60.392982482910156,97.93753051757812,69.75613403320312,142.72738647460938,349.4941101074219,150.66412353515625,141.89984130859375,331.141357421875,64.70411682128906,316.9727478027344,44.47682189941406,26.959001541137695,444.69287109375,43.95020294189453,53.03659439086914
2021-12-15,175.4518280029297,124.35350799560547,173.31500244140625,39.46773910522461,51.65839767456055,60.41861343383789,97.38135528564453,69.3554458618164,145.24058532714844,350.4739074707031,151.4161376953125,140.83871459960938,338.9997253417969,66.08210754394531,323.0642395019531,47.08745193481445,26.631893157958984,458.531005859375,43.99515151977539,52.80390167236328
2021-12-16,168.56289672851562,124.8396987915039,168.87100219726562,40.41984558105469,52.37015914916992,61.264503479003906,98.29145050048828,70.48396301269531,143.2609405517578,357.1793518066406,153.0706329345703,143.04122924804688,332.2923889160156,66.62629699707031,313.6517333984375,49.04943084716797,26.98625946044922,457.1212158203125,45.21773910522461,52.890071868896484
2021-12-17,167.46694946289062,125.775390625,170.0175018310547,39.413841247558594,51.05812072753906,58.62425231933594,95.72967529296875,68.69302368164062,140.56324768066406,343.18414306640625,148.84149169921875,139.7864532470703,331.1910095214844,66.43319702148438,312.58984375,47.63200378417969,26.322959899902344,451.7973937988281,43.105186462402344,51.73523712158203
2021-12-20,166.10679626464844,123.82144927978516,167.07899475097656,38.76713180541992,49.97761154174805,58.615718841552734,95.77180480957031,68.34957122802734,140.44619750976562,334.02471923828125,148.4168701171875,137.2718048095703,322.91595458984375,67.06513977050781,308.8345642089844,48.865238189697266,25.86864471435547,448.6532287597656,42.11632537841797,50.98545455932617
2021-12-21,169.2772674560547,124.08747863769531,170.41700744628906,39.692291259765625,50.9209098815918,60.392982482910156,97.30551147460938,70.61480712890625,142.2964324951172,341.8537902832031,147.9390869140625,139.1890106201172,331.5977783203125,66.30155181884766,315.95904541015625,47.20757293701172,26.759098052978516,451.88092041015625,42.97932434082031,52.14029312133789
2021-12-22,171.87039184570312,127.49991607666016,171.03700256347656,39.773136138916016,51.10956954956055,60.73475646972656,97.86168670654297,71.32626342773438,145.21481323242188,343.66046142578125,148.57606506347656,139.7329559326172,327.8770446777344,66.8457260131836,321.6644592285156,47.68806076049805,26.804533004760742,458.2991638183594,43.177093505859375,52.56259536743164
2021-12-23,172.4966278076172,127.65595245361328,171.06849670410156,39.89888000488281,51.632667541503906,60.82875061035156,98.09764862060547,71.29356384277344,145.7122039794922,346.0964660644531,148.8592071533203,140.23231506347656,332.62969970703125,66.46832275390625,323.1028747558594,47.015377044677734,26.868135452270508,459.4584655761719,43.473751068115234,52.58844757080078
2021-12-27,176.45973205566406,129.76576232910156,169.66949462890625,40.09648132324219,52.00999069213867,62.55476379394531,100.10324096679688,74.237548828125,146.69407653808594,348.7929992675781,150.1155548095703,141.03489685058594,343.4844970703125,67.2055892944336,330.5942077636719,47.407779693603516,27.113468170166016,463.27972412109375,43.84233856201172,53.338226318359375
2021-12-28,175.44204711914062,128.85760498046875,170.66099548339844,40.15038299560547,51.98427200317383,62.47785186767578,99.90943908691406,73.77958679199219,145.48455810546875,348.406494140625,150.71722412109375,141.46292114257812,343.524169921875,67.41622161865234,329.4356994628906,46.454811096191406,27.358797073364258,466.4703674316406,43.52769470214844,53.16585922241211
2021-12-29,175.53012084960938,129.51806640625,169.2010040283203,40.08750915527344,51.9156608581543,62.30695343017578,99.39540100097656,73.47702026367188,145.45285034179688,347.13916015625,151.77890014648438,141.39158630371094,340.2697448730469,67.53909301757812,330.11151123046875,46.11046600341797,26.940826416015625,468.9188537597656,43.55466079711914,52.700477600097656
2021-12-30,174.37542724609375,129.34376525878906,168.64450073242188,39.997684478759766,51.82133102416992,61.76010513305664,98.95718383789062,72.9291000366211,145.00205993652344,346.52783203125,152.4512939453125,141.3202362060547,341.6785888671875,67.70586395263672,327.57257080078125,46.76713180541992,27.09529685974121,467.8522033691406,43.24002456665039,52.39021682739258
2021-12-31,173.75897216796875,129.1053009033203,166.7169952392578,39.961753845214844,51.78703308105469,61.84579086303711,98.8897705078125,72.64289093017578,143.6646270751953,343.8582458496094,151.35423278808594,141.20433044433594,333.7310485839844,67.26701354980469,324.6764221191406,47.28765869140625,27.21341323852539,465.7283630371094,43.13214874267578,52.734947204589844
2022-01-03,178.10365295410156,127.54581451416016,170.4044952392578,41.4797477722168,54.1109619140625,63.2081413269043,100.4992904663086,74.54830169677734,143.80296325683594,355.34564208984375,151.77001953125,144.19155883789062,335.9039611816406,67.4688949584961,323.16070556640625,45.36572265625,28.821687698364258,465.858154296875,45.604286193847656,54.76023483276367
2022-01-04,175.84327697753906,124.54615020751953,167.52200317382812,43.105525970458984,54.53116226196289,65.95000457763672,102.32795715332031,77.97476959228516,143.21583557128906,366.2668151855469,151.36306762695312,149.6578369140625,333.9096374511719,67.59176635742188,317.6195373535156,43.66800308227539,30.22096824645996,455.3033447265625,47.420196533203125,56.81999206542969
2022-01-05,171.1658477783203,123.98655700683594,164.35699462890625,42.377967834472656,53.89658737182617,64.8189926147461,102.99368286132812,76.54365539550781,136.64561462402344,358.3118896484375,152.37167358398438,146.92178344726562,321.6458740234375,69.23307037353516,305.42681884765625,44.548892974853516,30.22096824645996,454.1811218261719,47.00667190551758,57.52668762207031
2022-01-06,168.30850219726562,123.96821594238281,163.25399780273438,43.23127746582031,55.663124084472656,67.25237274169922,103.87007904052734,78.11380004882812,136.6183319091797,356.78387451171875,151.84967041015625,148.48269653320312,329.8713684082031,69.18917846679688,303.0133056640625,43.916259765625,30.938791275024414,435.59423828125,48.2112922668457,58.8797607421875
2022-01-07,168.47483825683594,124.35350799560547,162.5540008544922,44.17440414428711,56.4091796875,69.09456634521484,105.36164093017578,80.27271270751953,135.89382934570312,357.3052062988281,153.90228271484375,149.95388793945312,329.20654296875,70.47940826416016,303.16778564453125,44.620967864990234,31.82925033569336,425.3455810546875,49.23609924316406,59.36235809326172
2022-01-10,168.49444580078125,124.07831573486328,161.48599243164062,43.949851989746094,56.62356185913086,69.42869567871094,105.42906188964844,80.19093322753906,137.53277587890625,358.79730224609375,153.14137268066406,150.09742736816406,325.5155334472656,72.29623413085938,303.3898010253906,45.037391662597656,31.91102409362793,431.28143310546875,49.75748825073242,59.009037017822266
2022-01-11,171.32244873046875,124.48191833496094,165.36199951171875,44.20134735107422,57.54971694946289,71.62218475341797,107.83914947509766,83.57652282714844,138.5905303955078,362.2848815917969,151.5134735107422,150.24989318847656,331.7664489746094,71.68184661865234,304.0752868652344,45.39774703979492,33.14676284790039,434.9914245605469,50.39575958251953,61.491065979003906
2022-01-12,171.7627410888672,122.66561126708984,165.20700073242188,43.88697814941406,57.695499420166016,72.31620025634766,107.29981994628906,84.04265594482422,140.27114868164062,350.8334045410156,150.22174072265625,151.1021270751953,330.6651306152344,71.26931762695312,307.2513732910156,45.36572265625,33.1194953918457,439.3691101074219,50.70140075683594,61.31009292602539
2022-01-13,168.49444580078125,119.3515625,161.21400451660156,43.797149658203125,58.12427520751953,71.64791107177734,106.85320281982422,84.02616882324219,137.4509735107422,351.2738342285156,149.31040954589844,150.9137420654297,323.9378967285156,71.37466430664062,294.2475891113281,44.47682189941406,32.865081787109375,433.53521728515625,50.34182357788086,60.87056350708008
2022-01-14,169.3555450439453,117.97992706298828,162.13800048828125,43.033668518066406,57.39536666870117,74.32118225097656,108.67340850830078,87.0165023803711,138.33714294433594,342.41107177734375,148.4964599609375,141.63804626464844,329.3157043457031,71.42731475830078,299.4607238769531,44.00434494018555,34.3552360534668,434.7038879394531,52.19367980957031,61.93921661376953
2022-01-18,166.15574645996094,116.51622009277344,158.91749572753906,41.55160140991211,55.99756622314453,74.98094940185547,109.02735900878906,87.04948425292969,134.88319396972656,318.555419921875,147.84178161621094,135.69947814941406,315.6727600097656,71.5677490234375,292.172119140625,43.3316650390625,34.10990905761719,427.56219482421875,50.96209716796875,62.98202896118164
2022-01-19,162.6623077392578,116.03752899169922,156.2989959716797,41.713287353515625,55.08857345581055,74.78387451171875,108.63127136230469,86.60460662841797,134.0089111328125,312.19140625,147.3816680908203,133.6002960205078,317.1015319824219,71.34832763671875,292.82855224609375,42.875205993652344,33.710105895996094,428.9812316894531,49.95526123046875,63.00788497924805
2022-01-20,160.97923278808594,114.80397033691406,151.66749572753906,41.0935173034668,55.27723693847656,73.3701171875,108.2436294555664,85.26185607910156,132.21473693847656,312.89263916015625,146.20497131347656,132.46107482910156,314.09515380859375,70.87435150146484,291.1584777832031,43.28361511230469,33.664676666259766,429.4265441894531,49.44286346435547,63.1457633972168
2022-01-21,158.92430114746094,115.83499908447266,142.64300537109375,40.34798812866211,54.25675964355469,70.87674713134766,106.9458999633789,82.8976058959961,129.28298950195312,309.12640380859375,145.86875915527344,130.1466064453125,300.8094177246094,70.19852447509766,285.78125,42.27460861206055,33.0377197265625,427.7292175292969,48.24724197387695,62.1977653503418
2022-01-24,158.15127563476562,113.98466491699219,144.54400634765625,40.015647888183594,53.76795196533203,71.13380432128906,107.1734390258789,84.28156280517578,129.73179626464844,308.65899658203125,144.187744140625,130.02999877929688,306.3062438964844,69.18917846679688,286.10943603515625,41.27359390258789,33.25579833984375,428.7493896484375,47.93260192871094,62.73210525512695
2022-01-25,156.3507537841797,113.47834777832031,139.98599243164062,40.80608367919922,54.977088928222656,74.6382064819336,111.73237609863281,88.09569549560547,125.89447784423828,307.0050964355469,148.31068420410156,131.4473876953125,297.8128967285156,69.74212646484375,278.5023498535156,42.07440185546875,35.24569320678711,423.7131652832031,48.175323486328125,64.57640075683594
2022-01-26,156.2626953125,110.53254699707031,138.87249755859375,41.228248596191406,55.525917053222656,74.59538269042969,111.81665802001953,88.58171081542969,128.1736297607422,308.020751953125,148.97421264648438,132.69430541992188,292.3359069824219,69.46126556396484,286.4377136230469,42.45077896118164,36.16340637207031,425.1878662109375,48.66975402832031,63.92140579223633
2022-01-27,155.80279541015625,110.87315368652344,139.6374969482422,40.842018127441406,55.011390686035156,76.8231430053711,114.07508087158203,90.41051483154297,127.947509765625,306.53765869140625,150.92953491210938,130.3529052734375,292.3458251953125,70.72515106201172,289.45941162109375,43.06401824951172,35.30929946899414,428.1279602050781,48.32814407348633,64.74015808105469
2022-01-28,166.67434692382812,115.39311981201172,143.97799682617188,41.20130157470703,55.47446060180664,76.44612121582031,110.06385040283203,90.36932373046875,132.2578887939453,311.9128112792969,151.99119567871094,131.51910400390625,299.3607482910156,71.0060043334961,297.5878601074219,43.83863830566406,36.05436325073242,432.26458740234375,48.71469497680664,64.87805938720703
2022-01-31,171.02883911132812,117.33551025390625,149.57350158691406,41.443817138671875,55.84320831298828,75.93201446533203,110.67059326171875,91.83568572998047,134.19436645507812,318.80712890625,152.43356323242188,133.30430603027344,310.82080078125,71.51509857177734,300.2137451171875,42.51532745361328,35.50010299682617,438.3026123046875,48.36410903930664,65.46408081054688
2022-02-01,170.86251831054688,117.0961685180664,151.19349670410156,42.16239547729492,57.07806396484375,78.4339599609375,113.58627319335938,93.23609924316406,136.51568603515625,327.2383728027344,151.18612670898438,135.59182739257812,316.51617431640625,71.90127563476562,298.07061767578125,42.82194519042969,35.90898513793945,434.4442138671875,49.98222351074219,69.66114807128906
2022-02-02,172.06610107421875,119.71057891845703,150.6125030517578,42.11748504638672,56.79508590698242,79.00804901123047,114.10877990722656,93.02192687988281,146.7868194580078,326.3394470214844,152.85829162597656,134.50636291503906,320.4850158691406,71.98027038574219,302.60784912109375,43.45940017700195,35.66366195678711,444.98974609375,50.278892517089844,69.48017120361328
2022-02-03,169.18919372558594,119.77503204345703,138.8455047607422,41.70429229736328,55.9632682800293,77.85991668701172,113.08911895751953,92.08280181884766,141.9170379638672,322.582275390625,152.8494110107422,133.3939971923828,235.90870666503906,69.34717559814453,290.820556640625,43.07209014892578,35.05488204956055,453.32781982421875,49.818359375,68.67007446289062
2022-02-04,168.90504455566406,119.40681457519531,157.63949584960938,43.36600875854492,57.11277389526367,78.71671295166016,114.50484466552734,93.66448211669922,142.11839294433594,330.4203186035156,151.84967041015625,136.8566436767578,235.24392700195312,68.95220184326172,295.34820556640625,42.765464782714844,34.991275787353516,448.1338806152344,50.865840911865234,70.16101837158203
2022-02-07,168.1898193359375,117.878662109375,157.9355010986328,43.57258987426758,57.35478591918945,79.63352966308594,116.75481414794922,94.48002624511719,138.0599365234375,330.91461181640625,151.34535217285156,137.31417846679688,223.1587677001953,68.0920639038086,290.53094482421875,42.93492126464844,36.59046173095703,448.6254577636719,51.76884460449219,71.0055923461914
2022-02-08,171.2957305908203,118.43099975585938,161.4134979248047,44.35404586791992,58.01164627075195,78.2540283203125,114.97673034667969,91.87686920166016,138.25631713867188,332.66748046875,151.7434844970703,139.8977508544922,218.46560668945312,67.50399017333984,294.0160217285156,41.71650695800781,35.45569610595703,457.63134765625,53.05109405517578,69.16992950439453
2022-02-09,172.71641540527344,120.12487030029297,161.1894989013672,44.26422119140625,58.63393783569336,79.64207458496094,116.11434936523438,93.34320831298828,140.4313201904297,336.6494445800781,151.725830078125,140.4808349609375,230.19357299804688,67.17047119140625,300.4357604980469,41.530921936035156,35.91141891479492,461.9812927246094,53.331024169921875,68.83879089355469
2022-02-10,168.64051818847656,117.61170196533203,159.0034942626953,44.05763244628906,58.340087890625,78.75100708007812,114.6396484375,92.8077392578125,137.48367309570312,333.0899353027344,149.8943634033203,139.8977508544922,226.2941436767578,67.1968002319336,291.911376953125,40.828922271728516,35.701778411865234,451.4264221191406,53.321990966796875,68.17652893066406
2022-02-11,165.23086547851562,115.52200317382812,153.2935028076172,43.04264450073242,58.03757858276367,80.53353881835938,116.97393798828125,96.1770248413086,133.18174743652344,326.3394470214844,148.3814697265625,138.07669067382812,217.84051513671875,67.26701354980469,284.8255310058594,40.97416687011719,37.02339172363281,443.4593505859375,52.65378189086914,69.8931655883789
2022-02-14,165.46604919433594,113.02727508544922,155.16700744628906,42.593544006347656,57.44121170043945,78.83708953857422,115.17057037353516,93.42559051513672,134.41506958007812,323.8046875,146.51461791992188,136.7938995361328,216.00486755371094,67.1177978515625,284.7869567871094,40.18340301513672,35.82027816772461,439.999755859375,52.2383918762207,68.82138061523438
2022-02-15,169.29696655273438,114.1319580078125,156.510498046875,42.925880432128906,57.907936096191406,77.22677612304688,114.3275146484375,91.3578872680664,135.4886932373047,327.1304931640625,148.0275421142578,138.79437255859375,219.27920532226562,68.2939224243164,290.06756591796875,40.17533493041992,36.54033279418945,443.5520935058594,52.716976165771484,67.95869445800781
2022-02-16,169.0618438720703,113.85578918457031,158.10049438476562,42.82707595825195,57.864715576171875,77.68318176269531,114.36158752441406,92.07456970214844,136.6089324951172,323.6340026855469,147.9390869140625,139.0455322265625,214.8539276123047,67.77607727050781,289.7289733886719,40.08657455444336,37.998661041259766,445.2401123046875,52.500267028808594,68.27239990234375
2022-02-17,165.46604919433594,111.00203704833984,154.65249633789062,41.38094711303711,55.92869186401367,78.50127410888672,113.7740249633789,92.7583236694336,131.45254516601562,313.7555236816406,147.03665161132812,135.84298706054688,206.09271240234375,67.02125549316406,281.2451171875,39.45719528198242,37.47001266479492,436.2342224121094,50.70330047607422,68.1678466796875
2022-02-18,163.91796875,107.5130615234375,152.60150146484375,41.28213882446289,55.4360466003418,77.18373107910156,113.61223602294922,91.95100402832031,129.3340606689453,311.041015625,145.4605712890625,136.4799041748047,204.5547637939453,67.030029296875,278.5364685058594,39.15864562988281,36.64970397949219,433.8876953125,50.233734130859375,67.40974426269531
2022-02-22,160.99818420410156,108.17588806152344,150.19749450683594,40.922847747802734,55.219966888427734,75.63368225097656,112.74365997314453,90.22928619384766,128.7493896484375,309.4499816894531,143.48382568359375,136.2377166748047,200.50653076171875,66.6613998413086,278.3333740234375,38.35174560546875,36.048133850097656,428.9720764160156,49.917686462402344,66.62548065185547
2022-02-23,156.83413696289062,107.93653106689453,144.82699584960938,40.22224044799805,54.64088439941406,75.97814178466797,115.42603302001953,90.88832092285156,126.54212951660156,306.6815185546875,143.55502319335938,133.38502502441406,196.90476989746094,66.5648422241211,271.1263732910156,37.81919479370117,36.221317291259766,426.2915344238281,48.716712951660156,66.8956298828125
2022-02-24,159.45016479492188,109.2897720336914,151.35800170898438,39.16233825683594,52.436927795410156,75.54756927490234,114.8299331665039,90.69883728027344,131.60328674316406,305.7825927734375,140.8125,129.67117309570312,205.9835662841797,64.51980590820312,284.97918701171875,37.084922790527344,34.92704772949219,422.83209228515625,47.59699249267578,66.0503921508789
2022-02-25,161.5174560546875,112.6866683959961,153.7884979248047,40.43781661987305,53.56916046142578,78.59597778320312,119.53894805908203,88.37580108642578,133.3572998046875,314.70831298828125,147.811279296875,132.73915100097656,208.8411102294922,66.98615264892578,287.61041259765625,38.50505828857422,35.95699691772461,441.2519226074219,48.86117935180664,67.8279800415039
2022-02-28,161.78201293945312,111.03885650634766,153.56300354003906,39.7012825012207,51.19234085083008,81.68746185302734,122.62150573730469,94.66949462890625,133.94992065429688,306.77142333984375,146.5380096435547,127.20423889160156,209.3868408203125,67.21436309814453,289.0422058105469,37.87568283081055,35.765594482421875,441.3631591796875,48.19296646118164,68.33338928222656
2022-03-01,159.9008026123047,108.7834701538086,151.14199829101562,38.14735794067383,50.63918685913086,83.49585723876953,127.4923095703125,95.89692687988281,132.96255493164062,296.74420166015625,146.03045654296875,122.40496063232422,201.905517578125,67.0036849975586,285.3274230957031,36.91547775268555,34.334598541259766,441.7156982421875,45.411739349365234,68.98693084716797
2022-03-02,163.1929168701172,110.79949188232422,152.05250549316406,38.76713180541992,51.477561950683594,84.42587280273438,131.256103515625,96.16878509521484,133.4683837890625,304.1402587890625,147.84693908691406,124.9436264038086,206.48956298828125,67.2933349609375,290.396484375,38.48892593383789,35.765594482421875,450.1836242675781,47.15452575683594,70.1719970703125
2022-03-03,162.8695526123047,111.36104583740234,147.89849853515625,38.351924896240234,49.800819396972656,83.88336944580078,133.02732849121094,95.798095703125,132.80191040039062,301.4639587402344,150.0195770263672,124.05549621582031,201.38963317871094,67.71464538574219,286.26580810546875,38.59381866455078,35.109336853027344,451.3058776855469,46.26958084106445,70.61640930175781
2022-03-04,159.87142944335938,111.76609802246094,145.64100646972656,36.9619026184082,48.910587310791016,86.34622192382812,135.0965576171875,97.8246078491211,130.82521057128906,298.0733642578125,150.91000366210938,120.56592559814453,198.50225830078125,68.31147003173828,280.40350341796875,39.25547790527344,35.492149353027344,462.4914245605469,44.0572395324707,73.27410888671875
2022-03-07,156.07969665527344,109.41865539550781,137.4530029296875,34.60609436035156,48.011722564697266,87.20735168457031,137.98326110839844,98.97789001464844,125.34256744384766,291.03900146484375,153.3408660888672,115.91014099121094,186.01028442382812,68.22370147705078,269.81072998046875,38.71485137939453,38.37236022949219,451.565673828125,41.36631774902344,75.91436004638672
2022-03-08,154.2572784423828,106.8870849609375,136.01449584960938,34.83173751831055,47.42399978637695,85.08035278320312,145.2128143310547,97.05023956298828,126.0625991821289,290.5688171386719,150.23324584960938,115.09381866455078,188.8083038330078,67.53909301757812,266.8505859375,38.279136657714844,41.088497161865234,439.1280212402344,41.9532585144043,76.48946380615234
2022-03-09,159.65589904785156,108.9859619140625,139.2790069580078,37.04314422607422,48.35744094848633,82.85001373291016,141.5852508544922,93.7221450805664,132.3263397216797,301.6176452636719,150.8031463623047,119.70474243164062,196.9543914794922,68.27635955810547,279.08782958984375,39.33616256713867,38.791622161865234,450.3598937988281,44.3913459777832,72.14131927490234
2022-03-10,155.3154296875,107.7063980102539,146.8175048828125,36.70917510986328,47.432640075683594,85.87260437011719,145.4597930908203,98.75546264648438,131.3439483642578,298.2814025878906,151.07028198242188,118.28738403320312,193.69003295898438,68.3641357421875,276.2727966308594,39.69927215576172,39.557247161865234,455.8041687011719,44.25589370727539,74.38074493408203
2022-03-11,151.60206604003906,104.96310424804688,145.52450561523438,36.402286529541016,46.81035232543945,84.74452209472656,145.52789306640625,96.11935424804688,128.805908203125,295.6593017578125,150.79425048828125,115.62308502197266,186.14918518066406,68.68889617919922,270.932861328125,40.562644958496094,39.101531982421875,449.18096923828125,43.768280029296875,73.99734497070312
2022-03-14,147.5751495361328,106.34396362304688,141.85299682617188,37.18755340576172,46.870853424072266,83.14280700683594,141.96849060058594,96.25231170654297,124.91854858398438,293.8329162597656,152.87786865234375,116.77132415771484,185.1768341064453,68.87486267089844,267.4212646484375,42.16029739379883,37.87105178833008,453.87860107421875,45.02344512939453,71.34835052490234
2022-03-15,151.95477294921875,108.14827728271484,147.3665008544922,37.458343505859375,47.631431579589844,81.85108947753906,134.78146362304688,94.57386779785156,128.138916015625,297.6122131347656,156.8402557373047,118.84355163574219,190.5347900390625,69.63639068603516,277.7818908691406,42.12801742553711,35.783809661865234,463.171630859375,45.24919128417969,67.28772735595703
2022-03-16,156.3638153076172,109.98941040039062,153.10400390625,38.631736755371094,49.09210205078125,81.65303039550781,134.2960968017578,93.89251708984375,132.18797302246094,308.1004943847656,155.39776611328125,124.15416717529297,202.04444885253906,69.17591857910156,284.7857971191406,42.70091247558594,34.526004791259766,463.4971923828125,46.594661712646484,67.03504943847656
2022-03-17,157.3730010986328,111.57276916503906,157.23899841308594,38.83932876586914,49.51560592651367,85.10618591308594,136.62081909179688,97.9390640258789,132.74188232421875,310.369873046875,157.4279327392578,125.72405242919922,206.22164916992188,69.90203857421875,285.58868408203125,43.766021728515625,36.01168441772461,471.6460266113281,46.48630905151367,68.82138061523438
2022-03-18,160.66502380371094,112.72347259521484,161.25050354003906,38.72199630737305,49.56745529174805,85.76927185058594,137.7193145751953,96.21907043457031,135.0096435546875,312.27764892578125,155.6826629638672,125.67919921875,214.8043670654297,70.05258178710938,290.6286315917969,43.98387908935547,36.21220016479492,470.8088684082031,46.43212890625,68.5512466430664
2022-03-21,162.03677368164062,112.08829498291016,161.4915008544922,38.66782760620117,49.24766540527344,88.49044799804688,140.197265625,101.75289916992188,134.98585510253906,306.5091247558594,156.564208984375,125.27555084228516,209.84327697753906,70.00829315185547,289.4001159667969,43.72568130493164,37.542930603027344,472.24139404296875,46.179283142089844,71.627197265625
2022-03-22,165.40725708007812,112.20795440673828,164.88900756835938,39.87733459472656,49.69710922241211,87.63793182373047,139.7289276123047,100.39852905273438,138.72145080566406,310.13482666015625,155.82516479492188,127.93984985351562,214.96307373046875,70.2208480834961,294.1402282714844,42.7977409362793,37.552040100097656,470.06463623046875,48.21102523803711,71.31350708007812
2022-03-23,166.76913452148438,107.63273620605469,163.4080047607422,38.89349365234375,48.703163146972656,89.87687683105469,141.23614501953125,102.65860748291016,137.1420135498047,303.4440612792969,155.2374267578125,125.39213562011719,211.79794311523438,70.6015853881836,289.71929931640625,42.11188507080078,38.654903411865234,468.1204833984375,46.161224365234375,72.43759155273438
2022-03-24,170.55111694335938,108.46124267578125,163.64950561523438,38.87543869018555,48.763668060302734,90.02328491210938,141.61080932617188,100.5481185913086,140.41151428222656,304.004638671875,156.03890991210938,126.2084732055664,217.86033630371094,71.20374298095703,294.17901611328125,42.43465042114258,38.86454391479492,477.6367492675781,46.35084533691406,72.65543365478516
2022-03-25,171.18792724609375,109.50151062011719,164.77349853515625,39.471168518066406,49.040245056152344,92.57225799560547,144.1739501953125,103.45626831054688,140.5116729736328,305.1439208984375,157.5347900390625,127.31185913085938,220.09280395507812,72.0272445678711,293.7726135253906,42.58795166015625,39.81245803833008,477.2368469238281,47.4615364074707,74.24132537841797
2022-03-28,172.05018615722656,110.45890045166016,168.99049377441406,39.308692932128906,48.331512451171875,89.127685546875,141.6533966064453,100.42346954345703,140.2959747314453,303.163818359375,158.34507751464844,126.36995697021484,221.84902954101562,71.91214752197266,300.5635986328125,42.99140548706055,38.03511047363281,477.3948669433594,46.78429412841797,72.15872955322266
2022-03-29,175.34225463867188,110.64300537109375,169.31500244140625,39.20940399169922,48.806888580322266,86.70790100097656,139.9248046875,100.23236083984375,141.3373565673828,307.10589599609375,158.26492309570312,126.64802551269531,228.0702362060547,72.23094177246094,305.1199645996094,42.55567932128906,38.85542678833008,475.09716796875,46.594661712646484,71.77532958984375
2022-03-30,174.17630004882812,110.81790924072266,166.30099487304688,38.812255859375,47.510433197021484,87.32112884521484,140.91258239746094,100.61457061767578,140.7749786376953,303.4259948730469,159.91221618652344,126.07392120361328,226.07589721679688,72.96588897705078,303.62054443359375,42.31361389160156,38.47261047363281,484.48321533203125,45.24919128417969,73.00398254394531
2022-03-31,171.08018493652344,108.95838165283203,162.99749755859375,37.20561599731445,46.15348815917969,86.37104797363281,138.65597534179688,99.06909942626953,137.92752075195312,298.462158203125,157.81082153320312,122.28829193115234,220.62863159179688,72.65596771240234,298.2515563964844,41.772987365722656,37.652313232421875,474.3902282714844,43.759246826171875,71.967041015625
2022-04-01,170.78623962402344,109.16089630126953,163.55999755859375,36.916778564453125,45.228694915771484,86.87200164794922,139.83963012695312,99.98308563232422,139.0016326904297,298.5705871582031,158.66561889648438,121.38225555419922,223.0992431640625,73.95768737792969,299.3254089355469,41.61161422729492,37.998661041259766,476.8274841308594,43.98499298095703,72.42887878417969
2022-04-04,174.83273315429688,109.43705749511719,168.34649658203125,36.85359191894531,45.63490676879883,86.8460922241211,139.9673614501953,100.39852905273438,141.79953002929688,296.7532958984375,157.1340789794922,121.92048645019531,232.06881713867188,73.93110656738281,304.6943054199219,41.103267669677734,37.87105178833008,474.4367370605469,43.759246826171875,72.46372985839844
2022-04-05,171.5210723876953,109.98941040039062,164.05499267578125,36.23079299926758,44.58047103881836,84.68682098388672,139.10728454589844,97.90580749511719,139.43853759765625,292.91064453125,158.14918518066406,120.50166320800781,230.0347900390625,74.13477325439453,300.7377624511719,41.34532928466797,36.8775634765625,481.6367492675781,43.45222854614258,72.08905029296875
2022-04-06,168.35635375976562,110.41284942626953,158.75599670410156,35.83364486694336,43.672950744628906,84.24633026123047,140.34202575683594,98.42097473144531,135.4286651611328,285.9486999511719,162.26296997070312,118.82978057861328,221.5613250732422,75.24166107177734,289.7289733886719,42.66057586669922,37.16923904418945,494.65069580078125,43.24454116821289,72.89069366455078
2022-04-07,168.66014099121094,113.57041931152344,157.7845001220703,35.5538330078125,43.24079513549805,86.33650207519531,142.2920684814453,100.22403717041016,134.7746124267578,284.0408935546875,161.844482421875,118.46833038330078,221.21401977539062,76.86214447021484,291.5379638671875,44.508358001708984,37.34241485595703,499.4879455566406,43.109092712402344,74.1106185913086
2022-04-08,166.65155029296875,113.4599380493164,154.4604949951172,35.80656051635742,43.975460052490234,89.00537109375,144.70188903808594,105.4255142211914,132.19491577148438,290.5869140625,162.1650390625,120.63723754882812,220.59886169433594,77.64137268066406,287.281494140625,44.51643371582031,38.78251266479492,507.86932373046875,44.00305938720703,75.67040252685547
2022-04-11,162.39927673339844,110.50492095947266,151.1219940185547,35.734352111816406,43.69024658203125,84.6263656616211,140.9806671142578,100.8222885131836,127.76750946044922,290.017333984375,160.1348419189453,120.19439697265625,214.77456665039062,76.71159362792969,275.95361328125,43.51588821411133,37.670536041259766,499.9436950683594,44.54485321044922,73.06497192382812
2022-04-12,164.2707061767578,108.9859619140625,150.78750610351562,35.35525131225586,43.50873565673828,86.37104797363281,143.91847229003906,103.5061264038086,126.66759490966797,289.13128662109375,160.18826293945312,118.87496185302734,212.47262573242188,75.82609558105469,272.85797119140625,42.854225158691406,37.85282897949219,496.47393798828125,43.7231330871582,74.58988189697266
2022-04-13,166.9552764892578,110.42778778076172,155.54100036621094,35.03934097290039,43.344520568847656,86.56969451904297,146.18360900878906,103.28875732421875,128.82923889160156,291.11138916015625,160.86500549316406,115.04322052001953,213.31600952148438,76.26884460449219,278.2366027832031,42.846160888671875,38.80073928833008,499.5343017578125,43.83149337768555,75.64425659179688
2022-04-14,161.94857788085938,108.77342224121094,151.7064971923828,33.91108322143555,44.01866912841797,87.55433654785156,146.1154327392578,102.77050018310547,125.69116973876953,290.81298828125,160.18826293945312,113.97682189941406,208.54345703125,76.95954132080078,270.70074462890625,42.862300872802734,39.4205322265625,497.5064392089844,41.85392379760742,76.53306579589844
2022-04-18,161.73301696777344,107.47948455810547,152.78500366210938,35.06642150878906,45.21140670776367,89.36812591552734,148.07398986816406,103.08815002441406,126.62989807128906,298.2632141113281,158.19371032714844,116.09153747558594,209.1288604736328,76.21570587158203,271.3682556152344,41.82947540283203,39.81245803833008,496.81817626953125,42.594383239746094,77.16043853759766
2022-04-19,164.01593017578125,110.889892578125,158.11549377441406,35.71630859375,45.73862075805664,87.71843719482422,146.31982421875,101.78409576416016,128.94326782226562,303.7514953613281,163.0198211669922,118.49541473388672,215.6179656982422,75.96778106689453,275.99224853515625,40.490028381347656,39.5845947265625,500.1856384277344,43.19036102294922,76.47206115722656
2022-04-20,163.84939575195312,113.34837341308594,153.9980010986328,35.79753875732422,45.894195556640625,88.67715454101562,146.9158935546875,102.56150817871094,126.99041748046875,308.3717041015625,163.7410888671875,118.91112518310547,198.85948181152344,76.5610580444336,277.01763916015625,40.14305877685547,38.9010009765625,507.9156494140625,43.93082809448242,76.6463394165039
2022-04-21,163.0557098388672,114.02307891845703,148.29600524902344,35.120574951171875,45.487979888916016,85.22230529785156,140.1461639404297,99.88650512695312,123.7913589477539,302.2596435546875,163.2691650390625,117.98934173583984,186.6056365966797,76.35740661621094,271.6487731933594,39.626644134521484,37.050743103027344,499.9436950683594,43.14521026611328,75.8359603881836
2022-04-22,158.5193328857422,110.57566833496094,144.35000610351562,33.902061462402344,44.2779655456543,82.92485046386719,137.05506896972656,97.06938171386719,118.65481567382812,289.1222229003906,161.6485595703125,114.60038757324219,182.67645263671875,74.9051513671875,265.08990478515625,38.83588409423828,37.962196350097656,484.5948791503906,41.84489440917969,74.18034362792969
2022-04-25,159.5873260498047,110.9176254272461,146.07400512695312,33.65834426879883,44.191532135009766,79.16771697998047,134.1087646484375,93.43305206298828,122.06513977050781,290.6141357421875,165.6287841796875,114.56425476074219,185.5340118408203,75.65784454345703,271.56170654296875,39.49754333496094,35.2642822265625,487.6925964355469,41.38437271118164,71.67949676513672
2022-04-26,153.6302490234375,108.10796356201172,139.39100646972656,32.90015411376953,43.413665771484375,78.87403106689453,133.29129028320312,93.2825698852539,117.67740631103516,283.10955810546875,164.4445037841797,111.1753158569336,179.5410614013672,74.80775451660156,261.4042663574219,39.56208801269531,36.039031982421875,477.9344177246094,40.25562286376953,71.70562744140625
2022-04-27,153.40487670898438,107.87689971923828,138.16700744628906,32.71963119506836,42.8691520690918,80.37689971923828,133.0443572998047,94.30242156982422,113.35760498046875,283.20904541015625,162.14720153808594,109.72936248779297,173.5877685546875,74.74577331542969,273.9801330566406,40.13499069213867,36.412723541259766,477.96240234375,40.25562286376953,73.75334930419922
2022-04-28,160.33197021484375,109.06916046142578,144.59649658203125,33.22509765625,43.23215866088867,84.25496673583984,137.77037048339844,98.44869232177734,117.55094146728516,287.8926086425781,163.3582305908203,111.46448516845703,204.12811279296875,78.43834686279297,280.1810302734375,40.756290435791016,36.558555603027344,487.83197021484375,40.78839111328125,75.98409271240234
2022-04-29,154.46302795410156,104.90084838867188,124.28150177001953,32.20515823364258,42.09700393676758,82.50164031982422,133.41050720214844,97.60438537597656,113.17411041259766,276.2108459472656,160.68692016601562,107.8676986694336,198.90907287597656,78.5357437133789,268.466064453125,39.59436798095703,35.55595397949219,473.0692138671875,39.39777755737305,74.284912109375
2022-05-02,154.76678466796875,104.28160095214844,124.5,32.62034225463867,42.533599853515625,82.84712219238281,136.03326416015625,97.22821807861328,115.62733459472656,280.6683044433594,159.0663299560547,108.85275268554688,209.48606872558594,77.61481475830078,275.1893615722656,39.00533676147461,35.64710235595703,466.1855773925781,39.43389129638672,75.29570007324219
2022-05-03,156.25604248046875,103.91191864013672,124.25350189208984,33.51393127441406,43.747352600097656,85.4468765258789,138.36648559570312,100.94815826416016,116.3721923828125,284.5019836425781,158.75469970703125,111.18434143066406,210.3790740966797,77.12779235839844,272.5871276855469,39.77188491821289,36.59501647949219,464.7623596191406,39.87636184692383,76.84674835205078
2022-05-04,162.66384887695312,106.93415069580078,125.92849731445312,34.858821868896484,45.607269287109375,89.7049789428711,142.7093048095703,104.3002700805664,121.25880432128906,293.0462646484375,160.45538330078125,114.86247253417969,221.67044067382812,78.38521575927734,280.5196228027344,40.070438385009766,38.82808303833008,472.20416259765625,41.51982498168945,79.90528869628906
2022-05-05,153.600830078125,104.44798278808594,116.40699768066406,33.884002685546875,44.803924560546875,88.84127044677734,141.57675170898438,103.17174530029297,115.55047607421875,283.06439208984375,157.3922882080078,111.98863220214844,206.6582794189453,77.93360900878906,268.3016357421875,39.09409713745117,38.35413360595703,460.2042236328125,40.63911819458008,78.6940689086914
2022-05-06,154.32693481445312,103.7640380859375,114.77249908447266,33.802764892578125,45.07461929321289,93.01300048828125,145.34910583496094,110.52803039550781,114.79768371582031,282.9649353027344,157.0450439453125,111.80789947509766,202.18336486816406,78.27008056640625,265.7671203613281,39.57016372680664,39.22000503540039,464.7623596191406,40.448448181152344,79.89657592773438
2022-05-09,149.20492553710938,99.25376892089844,108.78900146484375,32.82794952392578,43.56398010253906,83.95266723632812,135.6074981689453,98.59080505371094,111.58871459960938,279.2850036621094,157.8998565673828,110.12700653076172,194.68226623535156,77.60595703125,255.9482421875,39.247406005859375,34.671844482421875,452.4832458496094,39.91276931762695,73.59651947021484
2022-05-10,151.6089324951172,98.6622543334961,108.85900115966797,32.2773551940918,42.56852722167969,84.64363098144531,136.91033935546875,99.94503021240234,113.457275390625,275.8221130371094,157.68612670898438,107.44294738769531,196.1110076904297,77.7564926147461,260.70770263671875,39.93326187133789,34.535118103027344,453.96234130859375,39.11379623413086,74.08447265625
2022-05-11,143.7493133544922,97.8211898803711,105.37200164794922,32.10585021972656,41.61674118041992,85.54188537597656,138.93701171875,101.39118957519531,112.67127990722656,272.6484375,156.8313446044922,106.76516723632812,187.27040100097656,78.97848510742188,252.0497283935547,39.90098190307617,34.97262191772461,452.2320251464844,38.6507453918457,75.62682342529297
2022-05-12,139.88331604003906,99.78982543945312,106.93049621582031,31.6545467376709,40.65621566772461,86.02557373046875,140.25686645507812,100.73916625976562,111.91899871826172,270.713623046875,158.38070678710938,106.67478942871094,189.75094604492188,80.43073272705078,247.0193634033203,40.991050720214844,35.57418441772461,445.3948974609375,37.960716247558594,75.97013092041016
2022-05-13,144.34788513183594,101.55509948730469,113.05500030517578,31.74481201171875,41.599273681640625,88.88445281982422,142.94773864746094,103.89067077636719,115.09920501708984,277.56707763671875,157.47244262695312,107.62369537353516,197.073486328125,80.058837890625,252.6011199951172,40.60871124267578,37.132781982421875,451.53436279296875,38.71430206298828,78.22370910644531
2022-05-16,142.8073272705078,101.39801025390625,110.81050109863281,31.419879913330078,41.44209289550781,91.53059387207031,147.3246612548828,105.62940979003906,113.5068588256836,274.35736083984375,158.5677032470703,106.87361907958984,198.48240661621094,81.7501449584961,252.9686737060547,41.21882247924805,38.408809661865234,455.0879211425781,38.323890686035156,80.06355285644531
2022-05-17,146.43788146972656,105.86204528808594,115.36849975585938,32.48495864868164,44.57688903808594,92.84932708740234,148.19317626953125,106.51551818847656,115.51824188232422,282.9740295410156,159.22659301757812,110.41618347167969,201.0423126220703,82.352294921875,258.1152038574219,41.763851165771484,39.1470947265625,458.1669921875,39.685791015625,81.08470916748047
2022-05-18,138.1759796142578,104.19843292236328,107.11250305175781,31.483057022094727,43.066253662109375,90.6456527709961,144.28683471679688,102.46955871582031,110.98223876953125,277.33203125,156.2703857421875,108.52741241455078,190.74314880371094,81.55535125732422,246.36328125,40.99917984008789,37.48824691772461,438.49261474609375,38.23309326171875,79.79945373535156
2022-05-19,134.77114868164062,103.92115783691406,107.31900024414062,31.09493064880371,43.467926025390625,90.75846099853516,143.256591796875,101.73394012451172,109.47915649414062,278.6611633300781,154.8813018798828,106.91879272460938,189.80055236816406,81.54647827148438,245.45184326171875,41.20255661010742,37.2330322265625,445.162353515625,38.13322448730469,80.23081970214844
2022-05-20,135.00660705566406,104.66055297851562,107.59100341796875,30.56239128112793,43.44173812866211,91.11414337158203,144.08079528808594,102.0265121459961,108.01525115966797,277.395263671875,157.5882110595703,106.04219055175781,192.03302001953125,82.83930969238281,244.88941955566406,42.683082580566406,37.4791259765625,451.8414611816406,37.83360290527344,80.86463165283203
2022-05-23,140.42300415039062,106.31494903564453,107.55699920654297,32.376644134521484,46.07878494262695,94.58448791503906,147.42910766601562,107.05887603759766,110.5740966796875,286.26507568359375,160.805419921875,112.60318756103516,194.7021026611328,83.08724975585938,252.73367309570312,43.0166015625,39.93095397949219,457.7483215332031,39.785667419433594,82.65164184570312
2022-05-24,137.724609375,105.150390625,104.0999984741211,32.17806625366211,46.000205993652344,94.98358917236328,148.21896362304688,108.04528045654297,105.10134887695312,283.8600158691406,162.56182861328125,114.1937255859375,179.8684844970703,83.80451965332031,251.73500061035156,43.447750091552734,40.01298522949219,462.84600830078125,39.3044548034668,83.10060119628906
2022-05-25,137.881591796875,104.61434173583984,106.7750015258789,32.34957504272461,46.017677307128906,96.47584533691406,150.59715270996094,111.23859405517578,104.93769073486328,284.7189025878906,160.9666748046875,114.98896789550781,182.39865112304688,83.01641082763672,254.5469207763672,43.69179153442383,41.0611572265625,463.3390808105469,40.05804443359375,84.7731704711914
2022-05-26,141.08038330078125,106.16705322265625,111.07749938964844,33.098731994628906,47.23141860961914,98.16766357421875,151.61021423339844,111.78194427490234,106.90890502929688,292.61224365234375,160.8232879638672,116.97718048095703,190.13790893554688,81.74127960205078,257.8242492675781,43.919559478759766,42.55594253540039,467.1902160644531,41.40177917480469,85.07247161865234
2022-05-27,146.8303985595703,107.84917449951172,115.14649963378906,33.414642333984375,46.82101058959961,99.42565155029297,153.0611572265625,114.39845275878906,111.39580535888672,297.08782958984375,162.28404235839844,118.6309814453125,193.6106414794922,82.42312622070312,264.9413757324219,43.85448455810547,43.941368103027344,471.7297668457031,41.665096282958984,85.90876007080078
2022-05-31,146.04539489746094,108.56082916259766,120.20950317382812,33.57711410522461,46.63763427734375,97.48225402832031,149.95323181152344,114.49040222167969,112.82945251464844,297.3334655761719,160.8860626220703,119.49852752685547,192.1322479248047,81.49334716796875,263.6129455566406,43.146759033203125,42.04319381713867,462.1204833984375,41.55613708496094,84.50908660888672
2022-06-01,145.91786193847656,106.36113739013672,121.68399810791016,33.098731994628906,45.746978759765625,100.42339324951172,151.37841796875,116.97314453125,112.95838928222656,292.7850341796875,159.2550811767578,117.40191650390625,187.17120361328125,80.70523834228516,264.1462707519531,42.60173034667969,42.701839447021484,458.1855773925781,41.002288818359375,86.12882995605469
2022-06-02,148.3708953857422,108.6070556640625,125.51100158691406,33.316612243652344,45.78190994262695,99.73799133300781,151.10366821289062,116.56350708007812,116.65831756591797,294.9682312011719,158.75320434570312,119.2906723022461,197.3115997314453,79.69576263427734,266.24066162109375,42.853912353515625,42.354217529296875,457.9158020019531,41.156646728515625,85.97917938232422
2022-06-03,142.65032958984375,107.73824310302734,122.3499984741211,32.853614807128906,44.82138442993164,102.47956848144531,152.4773406982422,119.10477447509766,113.60208892822266,289.9012756347656,158.09898376464844,117.62783813476562,189.29452514648438,79.61608123779297,261.8191833496094,43.27691650390625,43.42450714111328,451.72979736328125,40.693599700927734,87.22920227050781
2022-06-06,143.39610290527344,107.59961700439453,124.79000091552734,32.81731414794922,44.88250732421875,101.8375244140625,151.8162841796875,117.95953369140625,115.86289978027344,291.5660400390625,158.0811309814453,117.2392349243164,192.7374725341797,79.55406951904297,260.5877685546875,43.325721740722656,43.19581985473633,455.9809875488281,40.965980529785156,87.00912475585938
2022-06-07,145.91786193847656,108.0247802734375,123.0,32.998863220214844,45.49374771118164,106.4617919921875,154.70956420898438,121.9887924194336,116.18919372558594,292.4757080078125,159.81964111328125,117.5465316772461,194.1265869140625,80.12081146240234,264.2238464355469,43.89515686035156,44.76008605957031,462.4181213378906,41.28375244140625,90.99691009521484
2022-06-08,145.18194580078125,106.00070190429688,121.18000030517578,32.58127212524414,44.89124298095703,105.72433471679688,155.5080108642578,121.8299560546875,116.23332977294922,286.262451171875,158.8696746826172,115.67581176757812,195.10888671875,79.23529815673828,262.19732666015625,43.496551513671875,45.34554672241211,459.0971984863281,40.521087646484375,92.07087707519531
2022-06-09,139.9617919921875,104.17070007324219,116.1500015258789,31.328495025634766,43.63383102416992,102.8613052368164,152.40867614746094,119.11312103271484,113.8941650390625,276.7470703125,155.6704559326172,113.24480438232422,182.56732177734375,77.92475128173828,256.7480163574219,42.12178421020508,44.03740692138672,455.28326416015625,38.74153137207031,90.0813980102539
2022-06-10,134.55526733398438,101.32404327392578,109.6500015258789,30.112035751342773,41.66039276123047,101.36038970947266,150.58851623535156,120.37541198730469,110.25028228759766,261.1003723144531,154.63092041015625,108.03941345214844,174.2029571533203,77.1986083984375,245.3063507080078,40.649383544921875,43.186668395996094,450.818115234375,36.389991760253906,88.43523406982422
2022-06-13,129.4038543701172,97.88591003417969,103.66999816894531,29.06806182861328,39.89653015136719,96.96170043945312,143.6601104736328,110.95435333251953,105.5203857421875,257.7344665527344,153.0716094970703,104.8221664428711,162.98101806640625,75.26821899414062,234.90223693847656,38.9736213684082,40.54296112060547,436.9297790527344,35.40034484863281,84.37702941894531
2022-06-14,130.26731872558594,95.14091491699219,102.30999755859375,28.55968475341797,40.132301330566406,96.72746276855469,143.8489990234375,111.23401641845703,105.84073638916016,257.0248718261719,150.7237091064453,103.0780029296875,162.4551239013672,75.4378433227539,237.06451416015625,38.98176193237305,39.536705017089844,429.5344543457031,33.98396682739258,84.59712219238281
2022-06-15,132.88719177246094,96.85999298095703,107.66999816894531,29.09528923034668,41.54689025878906,94.85344696044922,141.0243682861328,108.0137710571289,108.86473083496094,263.8749084472656,152.3367919921875,104.29801940917969,168.0313720703125,75.55389404296875,244.1137237548828,39.46171569824219,37.98158264160156,431.9344177246094,34.65583419799805,83.53193664550781
2022-06-16,127.61799621582031,94.33683013916016,103.66000366210938,28.91373062133789,40.94437789916992,88.85841369628906,133.48634338378906,101.31904602050781,105.16431427001953,259.2445983886719,152.4174346923828,102.50865173339844,159.61740112304688,75.7860107421875,237.52993774414062,38.62383270263672,35.20065689086914,425.7823791503906,34.183712005615234,80.45089721679688
2022-06-17,129.08984375,94.76197814941406,106.22000122070312,28.977277755737305,40.62129592895508,81.32774353027344,127.39068603515625,94.63280487060547,106.26522827148438,254.5232696533203,151.86181640625,102.14716339111328,162.46507263183594,75.54497528076172,240.1285858154297,37.85103225708008,33.51746368408203,422.0201110839844,34.937294006347656,75.81168365478516
2022-06-21,133.3189239501953,96.49954986572266,108.68000030517578,29.821535110473633,41.878700256347656,86.13418579101562,132.72222900390625,99.70045471191406,110.629638671875,259.0899353027344,155.0431671142578,104.67756652832031,155.8271484375,78.58927917480469,246.0336151123047,39.13631820678711,35.51168441772461,448.4022216796875,35.40034484863281,80.53011322021484
2022-06-22,132.80868530273438,97.4515151977539,108.94999694824219,29.594585418701172,41.21506118774414,80.73780059814453,126.9528579711914,93.87010192871094,110.57361602783203,258.8443298339844,157.48963928222656,104.09014892578125,154.63650512695312,79.59808349609375,245.44212341308594,39.917266845703125,34.32246780395508,457.1402893066406,35.04624557495117,77.34341430664062
2022-06-23,135.67388916015625,98.16316986083984,112.44000244140625,29.12252426147461,40.47284698486328,76.25234985351562,122.2823486328125,90.8193588256836,111.32191467285156,260.32708740234375,161.00257873535156,102.95148468017578,157.513916015625,82.1335220336914,250.99806213378906,40.74700927734375,31.998933792114258,466.59710693359375,34.410701751708984,75.0105972290039
2022-06-24,139.00018310546875,101.15768432617188,116.45999908447266,29.331323623657227,41.7913818359375,78.87250518798828,124.2913589477539,93.71758270263672,117.00792694091797,275.4098815917969,163.35940551757812,106.02410888671875,168.83509826660156,83.14231872558594,259.5696716308594,41.96722412109375,32.072113037109375,462.7042541503906,37.00738525390625,76.49832916259766
2022-06-27,139.00018310546875,100.81573486328125,113.22000122070312,29.367633819580078,41.76518249511719,80.63861846923828,126.6952896118164,96.4039535522461,114.88397979736328,273.61773681640625,163.20709228515625,105.17462158203125,168.17027282714844,84.28504943847656,256.8450012207031,42.203128814697266,32.831382751464844,472.058349609375,36.53526306152344,78.37337493896484
2022-06-28,134.85943603515625,98.86558532714844,107.4000015258789,29.28592872619629,41.223793029785156,83.25282287597656,128.73001098632812,100.25975036621094,111.08935546875,272.4443054199219,158.5650177001953,104.66854095458984,159.42886352539062,82.03530883789062,248.69036865234375,41.21068572998047,33.8193473815918,474.6536560058594,36.48078918457031,80.54771423339844
2022-06-29,136.61582946777344,100.83422088623047,108.91999816894531,28.922805786132812,41.127742767333984,79.96538543701172,126.188720703125,95.94634246826172,110.78585052490234,275.89202880859375,158.6098175048828,104.1986083984375,162.66351318359375,82.58882141113281,252.35556030273438,41.43846130371094,33.0966682434082,481.4405212402344,36.054054260253906,77.57229614257812
2022-06-30,134.1529541015625,100.41830444335938,106.20999908447266,28.260107040405273,40.15849685668945,78.52275085449219,124.29997253417969,93.59046936035156,108.06981658935547,270.1972961425781,159.0758056640625,101.76762390136719,159.9944305419922,81.39253234863281,249.02972412109375,42.65053939819336,32.712459564208984,479.49871826171875,35.56376266479492,75.38912963867188
2022-07-01,136.32144165039062,101.86935424804688,109.55999755859375,28.650466918945312,40.92690658569336,79.54569244384766,125.78524017333984,94.59043884277344,107.84616088867188,272.2076721191406,160.87710571289062,103.06897735595703,158.78395080566406,82.50846862792969,251.6962127685547,42.55292510986328,32.6118278503418,483.0181884765625,36.24471664428711,77.0705337524414
2022-07-05,138.90206909179688,101.01905822753906,113.5,28.359968185424805,40.69987869262695,74.00251007080078,122.4798355102539,88.82789611816406,112.33454895019531,270.361083984375,159.64041137695312,102.67692565917969,166.8804168701172,82.70487976074219,254.8668975830078,42.00788879394531,30.489551544189453,471.666259765625,36.40814971923828,74.65850067138672
2022-07-06,140.23655700683594,100.45528411865234,114.33000183105469,28.12393569946289,40.298213958740234,72.86589813232422,120.86576080322266,85.51441955566406,113.63282012939453,267.2316589355469,159.78378295898438,102.01138305664062,168.44808959960938,83.14231872558594,258.1248474121094,42.91084671020508,29.940683364868164,481.0484313964844,35.86338806152344,73.31160736083984
2022-07-07,143.60215759277344,101.19464874267578,116.33000183105469,28.922805786132812,40.97930145263672,75.49760437011719,123.2181625366211,89.0397720336914,117.80931854248047,271.6346435546875,159.9630126953125,104.5915298461914,170.8492889404297,83.03520202636719,260.2483215332031,43.45587921142578,31.450071334838867,480.198974609375,36.426307678222656,75.65324401855469
2022-07-08,144.27920532226562,100.98209381103516,115.54000091552734,28.85926055908203,40.88325500488281,75.59376525878906,122.57427215576172,89.42109680175781,118.37512969970703,269.6969299316406,159.76585388183594,104.26329803466797,169.54946899414062,82.8298568725586,259.53082275390625,43.25251388549805,31.395179748535156,484.16650390625,36.48078918457031,75.77647399902344
2022-07-11,142.1499481201172,100.64013671875,111.75,28.55968475341797,40.3331298828125,74.79814910888672,121.49250030517578,87.87876892089844,114.72827911376953,266.7040710449219,159.82861328125,102.89573669433594,161.6117401123047,84.18683624267578,256.4765319824219,43.02473831176758,30.526140213012695,482.5981140136719,36.126686096191406,75.38912963867188
2022-07-12,143.12135314941406,100.0948257446289,109.22000122070312,28.468904495239258,40.28074264526367,72.96208190917969,119.26886749267578,84.31108093261719,113.08584594726562,266.1127624511719,157.5882110595703,102.99602508544922,161.9987335205078,83.56192016601562,245.9657440185547,42.333290100097656,29.940683364868164,480.23626708984375,35.954185485839844,74.38558197021484
2022-07-13,142.75831604003906,98.16316986083984,110.4000015258789,27.996841430664062,39.730628967285156,72.664794921875,118.4704360961914,84.226318359375,110.44071197509766,263.9477233886719,157.2207794189453,102.02960968017578,162.21702575683594,83.71368408203125,245.04457092285156,42.12991714477539,29.538185119628906,467.9320983886719,35.47297668457031,74.68489074707031
2022-07-14,145.68234252929688,98.13530731201172,110.62999725341797,27.352296829223633,38.54307174682617,71.35332489013672,116.71043395996094,81.2206802368164,109.4627914428711,256.1606750488281,157.4358367919922,98.46479797363281,156.8193817138672,83.81188201904297,246.36328125,41.80452346801758,28.65999412536621,469.0430603027344,35.17335510253906,73.18836975097656
2022-07-15,147.35040283203125,101.02245330810547,113.55000305175781,29.276851654052734,43.6425666809082,72.47245025634766,118.17853546142578,83.06505584716797,110.86122131347656,267.3318176269531,159.72108459472656,102.977783203125,163.41757202148438,84.77605438232422,248.923095703125,42.097381591796875,29.547330856323242,494.5475158691406,37.34332275390625,74.4207992553711
2022-07-18,144.30862426757812,99.35143280029297,113.76000213623047,29.28592872619629,43.72115707397461,74.37846374511719,119.83553314208984,84.98627471923828,108.13626098632812,274.054443359375,156.1364288330078,101.92020416259766,165.92788696289062,82.43704223632812,246.52809143066406,41.28390121459961,30.306594848632812,484.8573303222656,37.397804260253906,75.79408264160156
2022-07-19,148.16482543945312,102.05291748046875,118.20999908447266,30.27544403076172,45.51994323730469,77.35989379882812,124.15401458740234,88.4786376953125,112.87706756591797,289.3281555175781,153.8602294921875,104.4456558227539,174.4113311767578,82.45489501953125,251.6477813720703,41.78826141357422,31.303707122802734,498.0018005371094,38.95036697387695,77.70435333251953
2022-07-20,150.16653442382812,100.47473907470703,122.7699966430664,30.28451919555664,45.799373626708984,79.30963897705078,125.79381561279297,90.1436767578125,112.96633911132812,292.421142578125,152.98199462890625,104.42741394042969,181.6643829345703,80.03553771972656,254.3044891357422,41.340843200683594,31.23051643371582,484.95068359375,38.78693389892578,78.5582275390625
2022-07-21,152.4331817626953,102.75846862792969,124.62999725341797,30.547786712646484,45.92161560058594,77.75333404541016,124.83224487304688,88.4273910522461,113.40272521972656,297.0514831542969,153.51966857910156,105.1385498046875,181.74378967285156,80.47298431396484,256.79644775390625,41.584896087646484,30.76398277282715,487.74200439453125,39.295379638671875,77.24658203125
2022-07-22,151.19680786132812,101.37523651123047,122.41999816894531,30.34807586669922,45.32783889770508,77.05390930175781,123.79339599609375,86.2414779663086,107.0155029296875,294.6771545410156,154.24554443359375,104.62799072265625,167.9519805908203,80.44620513916016,252.45252990722656,41.67436981201172,32.081260681152344,486.7616882324219,39.19550323486328,76.65678405761719
2022-07-25,150.0782470703125,100.72540283203125,121.13999938964844,30.62040901184082,45.546146392822266,80.4812240600586,127.4765396118164,90.06684112548828,106.62872314453125,294.8500061035156,154.5502471923828,105.04737854003906,165.35240173339844,80.8211441040039,250.96900939941406,42.1136474609375,33.087520599365234,494.28619384765625,39.4951286315918,79.20966339111328
2022-07-26,148.75355529785156,101.27312469482422,114.80999755859375,30.003103256225586,44.88250732421875,79.64187622070312,126.48065948486328,88.58963775634766,104.15911865234375,289.7829895019531,155.64358520507812,103.40629577636719,157.91078186035156,81.49964904785156,244.24945068359375,42.5447883605957,32.56608581542969,496.2653503417969,38.95036697387695,78.90155029296875
2022-07-27,153.84609985351562,102.1086196899414,120.97000122070312,30.493316650390625,45.712059020996094,81.54790496826172,128.1461944580078,92.38085174560547,112.13322448730469,295.23211669921875,155.2134246826172,105.06560516357422,168.25958251953125,81.44608306884766,260.5779724121094,42.26007080078125,33.2338752746582,499.0846252441406,39.685791015625,80.60932922363281
2022-07-28,154.3956298828125,102.45211791992188,122.27999877929688,30.24820899963379,45.607269287109375,82.23860168457031,129.1163787841797,91.69773864746094,113.28372192382812,299.38934326171875,156.10955810546875,104.67356872558594,159.46856689453125,80.29443359375,268.01507568359375,41.57965087890625,32.66671371459961,505.50738525390625,39.331695556640625,81.55126190185547
2022-07-29,159.458740234375,101.041015625,134.9499969482422,30.693038940429688,45.7659912109375,85.1850814819336,140.6122589111328,94.96810150146484,115.36650848388672,303.2828674316406,156.39630126953125,105.17501068115234,157.86117553710938,79.7587890625,272.21356201171875,41.407493591308594,33.874229431152344,506.3009338378906,39.83106231689453,85.32775115966797
2022-08-01,158.47747802734375,101.67228698730469,135.38999938964844,30.602256774902344,45.783626556396484,83.14791870117188,137.8048095703125,91.85997009277344,113.91847229003906,302.0911865234375,155.8496856689453,104.12653350830078,158.68472290039062,79.03565216064453,269.56646728515625,41.489471435546875,33.29792022705078,499.8034973144531,39.53144073486328,83.1710205078125
2022-08-02,157.0056610107422,100.8553695678711,134.16000366210938,29.994022369384766,44.751914978027344,82.80693054199219,136.62860107421875,91.5269775390625,114.18624877929688,298.2704772949219,154.9624786376953,102.50370025634766,158.9427032470703,78.21430969238281,266.4733581542969,40.735267639160156,33.563209533691406,499.8781433105469,38.93220520019531,82.81008911132812
2022-08-03,163.01075744628906,101.75586700439453,139.52000427246094,30.538711547851562,45.51026916503906,79.84296417236328,133.3833465576172,88.47010803222656,117.11206817626953,303.082763671875,156.45907592773438,103.57950592041016,167.4856719970703,78.2232437133789,273.8910217285156,40.874637603759766,32.511207580566406,504.7233581542969,39.84921646118164,80.12516784667969
2022-08-04,162.69676208496094,101.85797119140625,142.57000732421875,30.320831298828125,45.201637268066406,78.5839614868164,129.76026916503906,85.23389434814453,117.2211685180664,301.9001770019531,153.94984436035156,102.43988037109375,169.24188232421875,77.50902557373047,275.03515625,40.874637603759766,31.056713104248047,498.2818603515625,39.09959030151367,76.75360870361328
2022-08-05,162.4707794189453,101.4216537475586,140.8000030517578,30.82921028137207,45.55436325073242,81.18067932128906,131.90663146972656,91.37327575683594,116.50707244873047,304.4472351074219,153.34046936035156,105.53971099853516,165.80880737304688,78.0357666015625,274.3176574707031,40.390953063964844,31.706205368041992,499.50469970703125,40.00463104248047,77.86278533935547
2022-08-08,161.99913024902344,101.18956756591797,139.41000366210938,30.40254020690918,45.386817932128906,81.86265563964844,131.7091827392578,91.5269775390625,116.33847045898438,304.4563903808594,152.5249786376953,104.25418853759766,168.92434692382812,78.99993896484375,271.80633544921875,40.63689422607422,31.697053909301758,500.9424133300781,39.48354721069336,78.30294036865234
2022-08-09,162.04824829101562,100.17767333984375,137.8300018310547,30.792890548706055,45.93353271484375,83.5063705444336,133.42628479003906,92.42354583740234,115.6739501953125,306.2211608886719,152.50701904296875,105.19324493408203,167.21775817871094,79.91947937011719,273.7261657714844,40.809043884277344,32.00808334350586,501.55853271484375,39.675533294677734,79.74665069580078
2022-08-10,166.2930450439453,102.36856842041016,142.69000244140625,31.836870193481445,46.903526306152344,83.91731262207031,133.77825927734375,93.06392669677734,118.71879577636719,316.4916076660156,152.94613647460938,107.9375,176.95135498046875,79.6248779296875,280.3778076171875,40.94841384887695,31.944047927856445,501.98797607421875,40.52571487426758,80.50370025634766
2022-08-11,165.55609130859375,102.57279968261719,140.63999938964844,32.59943771362305,47.6177978515625,87.74681854248047,137.0407257080078,96.94906616210938,117.8658447265625,319.9211120605469,149.78274536132812,109.53297424316406,176.1079864501953,79.39275360107422,278.3028259277344,39.58756637573242,33.746158599853516,497.45086669921875,41.36676025390625,82.8324966430664
2022-08-12,169.10325622558594,103.49187469482422,143.5500030517578,32.95347595214844,47.95288848876953,89.83646392822266,137.23818969726562,97.76024627685547,120.68255615234375,321.8678894042969,148.13381958007812,111.34729766845703,179.09454345703125,81.25859832763672,283.0443115234375,41.07958221435547,33.974857330322266,507.57073974609375,41.99755096435547,83.55248260498047
2022-08-15,170.1742401123047,103.88176727294922,143.17999267578125,32.908084869384766,47.67952346801758,88.50151824951172,134.6282196044922,95.8731918334961,121.07928466796875,323.7146301269531,148.8417510986328,111.6481704711914,179.48153686523438,80.88365173339844,284.55694580078125,40.784461975097656,32.712459564208984,508.4480895996094,41.823848724365234,82.05918884277344
2022-08-16,170.0170440673828,104.00244903564453,144.77999877929688,33.26213455200195,47.776527404785156,87.9130859375,134.2847900390625,95.98420715332031,120.70238494873047,322.91412353515625,150.1680908203125,112.71485900878906,178.0725860595703,80.8747329711914,283.8199462890625,40.874637603759766,32.54779815673828,509.8298034667969,42.10725402832031,81.29478454589844
2022-08-17,171.5105743408203,102.62850952148438,142.10000610351562,33.0533447265625,47.406150817871094,89.0196762084961,135.392333984375,97.07715606689453,118.57002258300781,321.795166015625,150.1770477294922,111.76668548583984,173.4885711669922,81.27645874023438,283.0717468261719,40.390953063964844,32.383140563964844,508.78411865234375,42.180381774902344,81.95252990722656
2022-08-18,171.11752319335938,102.08076477050781,142.3000030517578,32.93532180786133,47.220977783203125,92.11112213134766,137.76611328125,101.60270690917969,119.1849365234375,322.5046691894531,149.45114135742188,110.90055847167969,173.300048828125,81.5978775024414,281.9543762207031,39.82530975341797,33.9657096862793,508.9895324707031,42.180381774902344,83.89024353027344
2022-08-19,168.53334045410156,102.17361450195312,138.22999572753906,32.20907974243164,46.3920783996582,92.33949279785156,136.6138916015625,101.39779663085938,116.24919891357422,317.7288513183594,151.72735595703125,108.15631866455078,166.65220642089844,82.20491790771484,278.04815673828125,40.29258346557617,33.95656204223633,511.8836364746094,41.45818328857422,83.62357330322266
2022-08-22,164.6521453857422,99.75064086914062,133.22000122070312,31.51914405822754,45.192813873291016,92.42730712890625,135.929443359375,101.52584075927734,113.30355072021484,311.4974060058594,151.1951141357422,106.36933898925781,161.78042602539062,81.38359832763672,269.8860778808594,40.08763885498047,33.77360153198242,508.3828430175781,40.59885025024414,83.56135559082031
2022-08-23,164.3180389404297,98.413818359375,133.6199951171875,31.237722396850586,44.92826843261719,95.24649047851562,140.3391571044922,103.98503112792969,112.9266586303711,309.4596862792969,149.87796020507812,105.32086944580078,159.8555145263672,80.52655029296875,268.6130676269531,39.35802459716797,36.005653381347656,500.195556640625,40.56228256225586,87.10790252685547
2022-08-24,164.61280822753906,97.88467407226562,133.8000030517578,31.33757781982422,44.98117446899414,97.06448364257812,141.37876892089844,105.79524993896484,112.75806427001953,311.060791015625,149.3817596435547,105.57617950439453,161.98880004882812,80.35694122314453,267.9815673828125,38.88254928588867,36.5087890625,500.81170654296875,40.809112548828125,87.6234359741211
2022-08-25,167.06930541992188,98.30240631103516,137.27999877929688,31.900415420532227,45.907073974609375,98.43456268310547,142.6176300048828,106.9223403930664,115.69377899169922,315.19989013671875,150.7801055908203,108.08335876464844,167.4658203125,80.58903503417969,270.95489501953125,39.267845153808594,36.74663162231445,505.5821533203125,41.49474334716797,88.07675170898438
2022-08-26,160.7708740234375,94.59832763671875,130.75,30.89275360107422,43.89655685424805,98.46968078613281,141.5693817138672,106.36734771728516,109.43551635742188,306.02105712890625,148.1999053955078,104.54593658447266,160.5203094482422,79.68737030029297,260.49951171875,38.38248062133789,36.060550689697266,494.0808410644531,40.19660949707031,86.99236297607422
2022-08-29,158.56991577148438,94.54261016845703,129.7899932861328,30.77474021911621,43.53500747680664,99.61141204833984,142.62631225585938,108.07508850097656,108.52306365966797,303.7650146484375,147.0541229248047,104.2906494140625,157.93064880371094,78.19645690917969,257.7205810546875,37.89879608154297,36.93873977661133,494.5662536621094,40.15088653564453,88.99227142333984
2022-08-30,156.14291381835938,94.87682342529297,128.72999572753906,30.947221755981445,43.27928924560547,97.04692840576172,139.1522216796875,104.05332946777344,108.04700469970703,303.50115966796875,146.53990173339844,104.30889892578125,155.93629455566406,77.56260681152344,255.5244903564453,37.5872802734375,35.383609771728516,488.0968017578125,40.35202407836914,85.60572814941406
2022-08-31,154.48233032226562,95.29458618164062,126.7699966430664,30.511476516723633,43.04119873046875,96.12474822998047,136.9344024658203,103.5751724243164,107.33290100097656,304.9126892089844,145.5565185546875,103.68891143798828,161.661376953125,76.20562744140625,254.06700134277344,37.079017639160156,34.89878845214844,484.8200378417969,39.95891189575195,84.96575927734375
2022-09-01,155.20945739746094,97.3276596069336,127.81999969482422,30.584575653076172,42.9882926940918,94.4384994506836,134.751220703125,101.36361694335938,108.84042358398438,305.6734619140625,149.1652069091797,104.4000473022461,164.0724639892578,77.80364227294922,253.0272674560547,38.226715087890625,33.709571838378906,489.1796875,39.94978713989258,83.43692779541016
2022-09-02,153.0968780517578,95.15531921386719,127.51000213623047,30.548030853271484,43.06765365600586,96.83615112304688,136.75250244140625,103.76300811767578,106.96592712402344,303.8219909667969,146.81954956054688,103.67069244384766,159.07168579101562,76.98231506347656,248.8101043701172,37.46430969238281,34.825599670410156,482.03802490234375,39.6572380065918,84.96575927734375
2022-09-06,151.83921813964844,95.35028076171875,126.11000061035156,30.209924697875977,42.52092742919922,95.40458679199219,136.1200408935547,102.7298355102539,105.93445587158203,299.24835205078125,147.21653747558594,103.69805145263672,157.30552673339844,77.15194702148438,246.0797119140625,37.51349639892578,34.33393859863281,483.27972412109375,39.20014953613281,84.39689636230469
2022-09-07,153.24429321289062,97.19768524169922,129.47999572753906,30.675954818725586,42.882469177246094,93.76226806640625,134.37869262695312,100.05720520019531,108.55281066894531,302.97869873046875,148.01943969726562,105.66734313964844,159.14114379882812,77.55367279052734,250.7826385498047,37.81682586669922,34.0582275390625,487.0138244628906,40.0777587890625,83.67691802978516
2022-09-08,151.77040100097656,99.32359313964844,129.82000732421875,31.66284942626953,44.00236892700195,95.13231658935547,135.10643005371094,101.02206420898438,107.4915771484375,307.3966064453125,149.21031188964844,108.12895965576172,160.79811096191406,78.044677734375,251.20050048828125,38.59562683105469,35.07832336425781,492.45648193359375,41.34847640991211,84.3613510131836
2022-09-09,154.62974548339844,100.70684051513672,133.27000427246094,31.927854537963867,44.681358337402344,98.33795166015625,138.589111328125,105.3341293334961,109.74297332763672,311.7227478027344,149.4990234375,108.64862060546875,167.83291625976562,77.9732666015625,256.97235107421875,39.21866226196289,36.43844985961914,491.0329895019531,41.43989181518555,85.77462768554688
2022-09-12,160.5841827392578,101.45878601074219,136.4499969482422,32.229400634765625,44.85772705078125,100.46332550048828,140.781005859375,107.93846893310547,109.95126342773438,313.99578857421875,149.4358367919922,109.93415069580078,167.64442443847656,78.70532989501953,259.100341796875,39.15306854248047,36.89794921875,497.5039978027344,41.62273025512695,86.76126098632812
2022-09-13,151.1611785888672,98.25599670410156,126.81999969482422,31.06888771057129,43.20874786376953,98.65412139892578,138.10400390625,104.94989776611328,103.4648666381836,300.9898681640625,145.54751586914062,106.11406707763672,151.9376678466797,77.0269546508789,244.8553924560547,37.866004943847656,35.354026794433594,481.3123779296875,39.51097106933594,84.73466491699219
2022-09-14,152.60557556152344,98.20030212402344,128.5500030517578,30.95009422302246,42.706111907958984,103.37913513183594,141.44808959960938,109.54864501953125,104.13928985595703,299.95416259765625,148.5517578125,105.86791229248047,150.29058837890625,78.25086975097656,245.07887268066406,37.83321762084961,36.980655670166016,477.3885192871094,39.56583023071289,86.81456756591797
2022-09-15,149.71676635742188,97.53189086914062,126.27999877929688,31.5349178314209,42.71492385864258,101.4908676147461,139.1522216796875,105.94400024414062,102.06642150878906,303.9503173828125,148.93064880371094,107.46341705322266,148.3855438232422,78.0708999633789,238.43252563476562,37.66106033325195,36.42007064819336,489.69384765625,40.35202407836914,84.29022216796875
2022-09-16,148.07586669921875,96.54783630371094,123.52999877929688,31.17854118347168,42.42392349243164,99.3567123413086,135.5395965576172,104.9844741821289,101.95732879638672,298.99169921875,151.20413208007812,106.74314880371094,145.15093994140625,78.94384002685547,237.8106689453125,37.734840393066406,35.26211929321289,487.9239196777344,40.16918182373047,82.85028076171875
2022-09-19,151.79005432128906,96.63138580322266,124.66000366210938,31.699398040771484,42.5385627746582,99.12837219238281,135.929443359375,104.10273742675781,102.22511291503906,301.2373046875,150.01327514648438,107.7278060913086,146.86746215820312,77.9719009399414,237.5968780517578,37.251163482666016,35.81352615356445,490.2930908203125,40.516571044921875,82.84138488769531
2022-09-20,154.1678924560547,94.97894287109375,122.19000244140625,31.224231719970703,41.66556930541992,98.42577362060547,135.39231872558594,103.41121673583984,100.31092071533203,296.2878723144531,148.8314208984375,105.603515625,144.95248413085938,77.39591979980469,235.58546447753906,36.701908111572266,35.381595611572266,489.5908508300781,39.684669494628906,82.1658706665039
2022-09-21,151.04327392578125,93.43789672851562,118.54000091552734,30.29216766357422,40.854312896728516,97.56507873535156,134.29205322265625,102.20965576171875,98.46617889404297,293.9505920410156,147.30674743652344,102.55839538574219,141.01339721679688,76.072998046875,232.18458557128906,36.00508499145508,34.536109924316406,479.55181884765625,38.64249801635742,80.84146118164062
2022-09-22,150.08033752441406,93.8277816772461,117.30999755859375,29.698204040527344,40.19295120239258,96.6604995727539,134.1881103515625,102.30474853515625,99.31912231445312,286.8106384277344,149.9230499267578,101.39141845703125,141.7079620361328,78.7548599243164,234.1571044921875,36.5379524230957,35.13346481323242,484.590087890625,37.95686340332031,80.50370025634766
2022-09-23,147.8105926513672,93.46572875976562,113.77999877929688,28.99458122253418,39.028953552246094,88.34342956542969,125.42069244384766,94.32611846923828,97.93060302734375,276.7742614746094,150.4102325439453,99.5041732788086,139.31674194335938,78.0978775024414,231.18373107910156,36.13625717163086,32.16508483886719,480.984619140625,36.942115783691406,76.21940612792969
2022-09-26,148.14463806152344,92.68592834472656,115.1500015258789,28.35492706298828,37.9090576171875,87.1226806640625,122.11992645263672,90.92025756835938,97.36526489257812,270.0375671386719,149.489990234375,97.36164093017578,135.30819702148438,77.55791473388672,230.72703552246094,35.931304931640625,31.11742401123047,476.06805419921875,36.576446533203125,74.64612579345703
2022-09-27,149.11741638183594,91.28413391113281,114.41000366210938,27.934581756591797,37.55632781982422,86.7362289428711,122.17192077636719,91.15367126464844,96.70075988769531,267.06787109375,148.80435180664062,96.504638671875,133.3534698486328,77.25192260742188,229.7164764404297,36.14445114135742,31.227705001831055,476.0774230957031,36.5947265625,76.21052551269531
2022-09-28,147.23085021972656,91.64618682861328,118.01000213623047,28.3914794921875,38.270599365234375,91.76081085205078,126.29571533203125,96.58226013183594,99.2298812866211,275.69268798828125,150.08544921875,98.45570373535156,140.5073699951172,78.0978775024414,234.2445831298828,36.42318344116211,32.56944274902344,481.29364013671875,37.30778884887695,78.98375701904297
2022-09-29,139.9990234375,91.24699401855469,114.80000305175781,28.01682472229004,37.379966735839844,92.3487777709961,125.42069244384766,97.65415954589844,96.62142944335938,271.4031677246094,148.43443298339844,96.78726196289062,135.34786987304688,77.9719009399414,230.775634765625,36.20183563232422,33.056522369384766,476.50823974609375,37.024391174316406,78.8237533569336
2022-09-30,135.79354858398438,89.8266372680664,113.0,27.596487045288086,36.74507141113281,91.17282104492188,124.46771240234375,96.58226013183594,94.86593627929688,268.5984802246094,147.37892150878906,95.27381896972656,134.62355041503906,77.5039291381836,226.30587768554688,35.87392044067383,32.992183685302734,472.9590148925781,36.7684211730957,77.60603332519531
2022-10-03,139.96954345703125,92.38884735107422,115.87999725341797,28.409757614135742,37.52987289428711,97.97025299072266,131.450439453125,103.67056274414062,97.83142852783203,274.18951416015625,147.2345428466797,98.21865844726562,137.53074645996094,78.7908706665039,233.9238739013672,36.18544006347656,35.19779586791992,482.7638854980469,38.01171875,81.70365905761719
2022-10-04,143.55596923828125,95.69377136230469,121.08999633789062,29.588546752929688,39.16122817993164,103.00372314453125,136.5618896484375,108.20012664794922,100.80683135986328,288.5978698730469,149.41783142089844,102.81367492675781,139.18772888183594,79.54682159423828,241.8334503173828,36.447776794433594,35.95137405395508,489.9372253417969,39.80350875854492,84.68132019042969
2022-10-05,143.85073852539062,95.97227478027344,120.94999694824219,29.16819953918457,38.658592224121094,103.2799072265625,137.34158325195312,108.98677062988281,100.59855651855469,283.21771240234375,148.9577178955078,101.54426574707031,137.89784240722656,79.54682159423828,242.14434814453125,36.16904830932617,38.20293045043945,493.5896301269531,39.5932502746582,88.10343170166016
2022-10-06,142.8976593017578,95.1089096069336,120.30000305175781,28.74785614013672,37.97078323364258,104.81221008300781,139.8453369140625,110.24018859863281,100.58863067626953,279.24896240234375,146.0707550048828,99.47454833984375,137.9871368408203,78.69185638427734,239.8026123046875,35.32466506958008,39.04840850830078,486.1539001464844,38.61507034301758,90.7166519165039
2022-10-07,137.65060424804688,94.49622344970703,114.55999755859375,28.099063873291016,37.20360565185547,105.57838439941406,138.64111328125,110.17103576660156,97.87109375,275.9584655761719,144.52806091308594,97.48765563964844,132.410888671875,78.83586883544922,227.6079559326172,34.69343185424805,39.14031219482422,472.78106689453125,38.20368957519531,89.80113983154297
2022-10-10,137.97486877441406,93.88349914550781,113.66999816894531,28.01682472229004,36.6833381652832,104.0549545288086,136.1373748779297,106.92943572998047,97.05780792236328,275.4635314941406,144.717529296875,96.57698059082031,132.74822998046875,81.4277114868164,222.7592010498047,34.22615051269531,38.717567443847656,467.1715087890625,37.89287185668945,87.85455322265625
2022-10-11,136.5599365234375,94.45905303955078,112.20999908447266,27.20354652404785,35.66925811767578,102.96810150146484,136.1633758544922,106.06498718261719,96.38339233398438,269.6617431640625,146.81053161621094,93.78976440429688,127.53912353515625,81.9406967163086,219.0279541015625,34.36551284790039,38.37754440307617,468.0611572265625,36.777565002441406,87.10790252685547
2022-10-12,135.9310760498047,92.90874481201172,112.9000015258789,27.285791397094727,36.01316452026367,103.6095199584961,136.570556640625,106.72196960449219,96.76026916503906,270.669921875,146.77447509765625,95.30754852294922,126.50723266601562,81.37371826171875,219.35833740234375,34.4556884765625,38.61648941040039,468.20166015625,37.033538818359375,87.49010467529297
2022-10-13,140.50015258789062,95.57633972167969,112.52999877929688,28.958032608032227,37.8737907409668,109.3468017578125,143.18942260742188,110.07593536376953,98.24797821044922,281.44873046875,148.9938201904297,100.60601043701172,129.27552795410156,83.23661041259766,227.6079559326172,35.23448944091797,40.610721588134766,477.5196228027344,38.743064880371094,90.54779815673828
2022-10-14,135.97039794921875,94.12127685546875,106.9000015258789,28.96717071533203,38.12069320678711,105.08839416503906,138.73641967773438,104.84125518798828,95.76847839355469,274.9593811035156,148.371337890625,102.2801513671875,125.77298736572266,82.9576416015625,222.0887451171875,35.13611602783203,38.74514389038086,480.53509521484375,39.46526336669922,88.1656494140625
2022-10-17,139.9302520751953,96.55567932128906,113.79000091552734,30.721651077270508,38.438140869140625,105.4447250366211,139.75001525878906,105.12823486328125,99.15052795410156,281.1187438964844,150.29290771484375,106.57594299316406,132.9962921142578,84.70353698730469,230.8048095703125,35.783748626708984,39.388450622558594,488.7292785644531,40.187461853027344,89.43672180175781
2022-10-18,141.2469024658203,97.91748046875,116.36000061035156,31.87302017211914,38.93195724487305,105.0260238647461,140.97158813476562,107.81511688232422,99.94396209716797,287.66302490234375,149.76968383789062,109.31714630126953,131.76597595214844,85.14452362060547,231.74729919433594,36.14445114135742,39.84794235229492,489.038330078125,40.8365364074707,89.59669494628906
2022-10-19,141.35496520996094,91.5096435546875,115.06999969482422,30.99578285217285,38.217689514160156,107.89466857910156,145.54591369628906,113.10196685791016,98.81331634521484,285.74737548828125,148.57879638671875,107.1738510131836,132.19264221191406,83.92959594726562,229.7844696044922,35.341068267822266,41.78704071044922,487.26837158203125,39.87664031982422,92.25438690185547
2022-10-20,140.8931427001953,88.80475616455078,115.25,30.794750213623047,37.847328186035156,108.51828002929688,146.37759399414062,114.42367553710938,99.15052795410156,284.8766784667969,148.9577178955078,106.82428741455078,130.50584411621094,83.6416015625,229.46383666992188,35.17710494995117,41.989219665527344,487.7928161621094,39.90406799316406,92.37882995605469
2022-10-21,144.70562744140625,88.66483306884766,119.31999969482422,31.936988830566406,39.028953552246094,110.90584564208984,150.0421905517578,117.3888168334961,100.30101776123047,297.9743347167969,152.20556640625,112.43550109863281,128.99769592285156,86.09846496582031,235.26483154296875,36.84946823120117,46.326908111572266,499.8264465332031,40.982810974121094,94.09431457519531
2022-10-24,146.84762573242188,91.67753601074219,119.81999969482422,32.04664611816406,39.16122817993164,111.48492431640625,149.990234375,117.09319305419922,101.67961883544922,301.2739562988281,154.25350952148438,112.57347869873047,128.7099609375,87.62838745117188,240.24957275390625,37.333152770996094,47.92597961425781,507.1966552734375,41.3210563659668,94.75206756591797
2022-10-25,149.68728637695312,91.36041259765625,120.5999984741211,32.339054107666016,39.96367263793945,110.4158706665039,151.5496368408203,114.78018951416016,103.62355041503906,304.6651611328125,154.00990295410156,112.86782836914062,136.43927001953125,87.93437194824219,243.5630340576172,37.37413024902344,48.22005844116211,505.9042663574219,41.47645950317383,94.11209869384766
2022-10-26,146.7493896484375,91.7988052368164,115.66000366210938,32.62233352661133,40.04304122924805,112.75888061523438,153.4209747314453,116.78015899658203,94.15182495117188,307.68072509765625,155.3631591796875,114.16486358642578,128.8092041015625,88.5643539428711,224.77059936523438,37.75943374633789,47.95353317260742,508.6668701171875,41.77814483642578,95.23204040527344
2022-10-27,142.27862548828125,90.4090347290039,110.95999908447266,32.777671813964844,40.06949234008789,112.82125854492188,154.12269592285156,116.84099578857422,91.46405792236328,309.04644775390625,155.45335388183594,114.6156005859375,97.17739868164062,89.76126861572266,220.32998657226562,37.49710464477539,47.494049072265625,507.3837585449219,41.73244094848633,95.59648895263672
2022-10-28,153.02813720703125,92.79679870605469,103.41000366210938,33.06095504760742,40.67794418334961,113.29341125488281,155.9246826171875,116.24974822998047,95.50068664550781,313.2992248535156,157.7628936767578,115.97700500488281,98.4275894165039,90.6882095336914,229.1917724609375,38.88254928588867,46.36368179321289,516.2243041992188,42.37236022949219,98.39636993408203
2022-10-31,150.669921875,92.28382110595703,102.44000244140625,32.93301773071289,40.439849853515625,112.33125305175781,156.72171020507812,118.71053314208984,93.73527526855469,315.7647705078125,156.95098876953125,115.79301452636719,92.43463134765625,91.07521057128906,225.55763244628906,38.161128997802734,47.81568908691406,519.8859252929688,42.04324722290039,98.494140625
2022-11-01,148.0267333984375,92.62890625,96.79000091552734,33.07921600341797,40.7573127746582,113.83684539794922,157.8653106689453,118.5279312133789,89.72840118408203,319.4952087402344,156.15707397460938,117.8811264038086,94.45874786376953,89.7792739868164,221.70982360839844,39.35802459716797,47.374568939208984,512.5437622070312,42.92086410522461,99.4719009399414
2022-11-02,142.50460815429688,91.44434356689453,92.12000274658203,32.97871780395508,40.166481018066406,112.70543670654297,154.6425018310547,117.90187072753906,86.25708770751953,320.60430908203125,153.7572784423828,116.79566955566406,89.83502197265625,89.45529174804688,213.8682861328125,38.5874137878418,46.997779846191406,508.91033935546875,42.85688018798828,97.42752838134766
2022-11-03,136.4617156982422,89.96131896972656,89.30000305175781,32.79594421386719,39.311134338378906,119.21778869628906,156.92100524902344,120.32793426513672,82.7461166381836,319.760986328125,154.0189208984375,117.00724792480469,88.21771240234375,88.87033081054688,208.18392944335938,38.5047492980957,47.60432815551758,509.078857421875,41.90000534057617,98.7519302368164
2022-11-04,136.1959686279297,91.47232818603516,90.9800033569336,33.61835861206055,40.25666427612305,117.88146209716797,158.90489196777344,123.6756362915039,85.87029266357422,328.0467529296875,154.70455932617188,120.20838928222656,90.08306884765625,89.2752914428711,215.12173461914062,39.04216766357422,48.79903030395508,503.9845275878906,43.004093170166016,99.82743072509766
2022-11-07,136.72740173339844,92.80612182617188,90.52999877929688,33.81939697265625,40.7918815612793,120.215576171875,160.80221557617188,126.90166473388672,87.76461791992188,332.3087463378906,156.05783081054688,120.84310913085938,95.96690368652344,90.05825805664062,221.41827392578125,38.93467712402344,50.37052536010742,510.3994445800781,43.307716369628906,101.00960540771484
2022-11-08,137.2982940673828,92.93670654296875,89.9800033569336,33.9107780456543,41.1397590637207,119.77013397216797,160.56829833984375,128.91900634765625,88.1712646484375,333.64691162109375,156.83364868164062,120.91668701171875,95.7188491821289,91.3451919555664,222.3899688720703,39.14965057373047,50.2602424621582,517.9193115234375,43.40891647338867,101.32959747314453
2022-11-09,132.74134826660156,92.76882934570312,86.13999938964844,33.371646881103516,40.46184158325195,111.5918197631836,154.14866638183594,121.40613555908203,86.60421752929688,331.7954406738281,155.57965087890625,119.34370422363281,100.6799087524414,91.42618560791016,218.15341186523438,38.62876510620117,48.771461486816406,506.31622314453125,42.29563903808594,96.79645538330078
2022-11-10,144.55194091796875,97.21794128417969,96.62999725341797,34.84284591674805,43.1913948059082,115.33352661132812,157.06825256347656,123.7452163696289,93.16996002197266,346.7445983886719,157.4020538330078,124.25582122802734,110.99893951416016,91.69617462158203,236.10049438476562,39.174461364746094,48.79903030395508,509.6034240722656,44.11738204956055,98.21861267089844
2022-11-11,147.33729553222656,97.08734130859375,100.79000091552734,35.09870529174805,44.7702751159668,119.34249877929688,161.53855895996094,127.9190673828125,95.61970520019531,353.0322570800781,152.69271850585938,124.45819854736328,112.13997650146484,88.15937042236328,240.11354064941406,39.356361389160156,50.37971878051758,488.9164733886719,43.74934768676758,101.28514862060547
2022-11-14,145.93966674804688,95.14727783203125,98.48999786376953,34.50474166870117,43.72661590576172,118.96688842773438,161.61656188964844,127.11035919189453,94.91551971435547,350.4566650390625,155.0924835205078,123.1795883178711,113.33065032958984,90.31024169921875,234.7109832763672,40.71232986450195,49.69045639038086,481.1156921386719,43.12369918823242,101.58084869384766
2022-11-15,147.67189025878906,96.20126342773438,98.94000244140625,34.44990921020508,43.73553466796875,119.91484832763672,162.91607666015625,128.0842742919922,97.633056640625,350.93328857421875,155.52554321289062,122.28730010986328,116.16837310791016,89.63528442382812,235.11904907226562,40.15835952758789,50.24186706542969,471.0579833984375,42.97648239135742,102.26181030273438
2022-11-16,146.44163513183594,96.63963317871094,97.12000274658203,34.13922882080078,43.14680099487305,115.57756805419922,160.2650604248047,124.73649597167969,98.0396957397461,350.42913818359375,156.4908447265625,122.45286560058594,112.34835052490234,89.93228149414062,235.54783630371094,39.728424072265625,48.69793701171875,479.0273132324219,42.51646041870117,101.1686782836914
2022-11-17,148.3411865234375,95.66027069091797,94.8499984741211,33.96560287475586,43.039764404296875,117.3214111328125,160.71902465820312,125.64083099365234,97.55371856689453,348.0918884277344,157.75390625,121.91934204101562,110.58219909667969,92.07415771484375,235.49911499023438,39.959938049316406,48.55089569091797,482.57666015625,42.314029693603516,101.3030776977539
2022-11-18,148.9021759033203,96.88214874267578,94.13999938964844,33.9838752746582,43.40549087524414,114.99626159667969,159.75869750976562,122.62349700927734,96.63134002685547,347.56036376953125,158.9628143310547,123.11516571044922,111.17754364013672,93.80207824707031,235.05087280273438,39.87725067138672,49.11148452758789,496.33343505859375,42.78327178955078,100.42498779296875
2022-11-21,145.6739501953125,96.89147186279297,92.45999908447266,34.09353256225586,43.60172653198242,112.22396850585938,158.2308807373047,121.61483764648438,94.81634521484375,348.4860534667969,159.77999877929688,122.38848114013672,109.00459289550781,95.04399871826172,235.85964965820312,39.835906982421875,48.036251068115234,484.337158203125,43.096092224121094,99.43043518066406
2022-11-22,147.80972290039062,97.81487274169922,93.19999694824219,34.258018493652344,44.00313949584961,116.23932647705078,162.29052734375,125.49301147460938,96.25445556640625,351.8406982421875,160.5518035888672,124.21902465820312,110.5722885131836,96.20494842529297,238.763427734375,40.580039978027344,49.2952880859375,489.8623962402344,43.34451675415039,102.30660247802734
2022-11-23,148.68568420410156,98.88749694824219,94.12999725341797,34.367671966552734,43.03083801269531,113.34183502197266,160.85000610351562,124.04088592529297,97.65290069580078,354.0221252441406,160.7243194580078,125.54359436035156,111.36605072021484,96.1329345703125,241.24819946289062,40.38987350463867,47.25510787963867,496.0619201660156,43.546939849853516,101.79588317871094
2022-11-25,145.77236938476562,99.76426696777344,93.41000366210938,34.44990921020508,43.075443267822266,113.40445709228516,160.3785858154297,124.03217315673828,96.66110229492188,356.414306640625,160.9331512451172,125.78279113769531,110.54251861572266,96.74490356445312,241.16050720214844,40.68752670288086,46.712890625,503.4694519042969,43.64814376831055,101.4374771118164
2022-11-28,141.9437713623047,98.29989624023438,93.94999694824219,33.68232727050781,42.129905700683594,110.74838256835938,155.71649169921875,118.82360076904297,95.26266479492188,350.4566650390625,161.01487731933594,123.58431243896484,107.93299102783203,97.59986114501953,235.5770263671875,40.98517990112305,45.839847564697266,498.4592590332031,43.22490692138672,98.39103698730469
2022-11-29,138.94190979003906,97.93611907958984,92.41999816894531,33.81025314331055,42.433189392089844,111.11506652832031,158.0475311279297,122.85828399658203,94.40970611572266,351.6940612792969,159.8889923095703,125.6172103881836,108.60771942138672,97.95085144042969,234.18362426757812,40.91904067993164,46.91507339477539,494.4604797363281,43.76775360107422,99.0451431274414
2022-11-30,145.69363403320312,100.34253692626953,96.54000091552734,34.586978912353516,43.18248748779297,110.45329284667969,160.03807067871094,123.41478729248047,100.16216278076172,356.2514953613281,161.6232452392578,127.10738372802734,117.18042755126953,99.102783203125,248.6148681640625,41.44820022583008,47.374568939208984,512.9654541015625,44.11738204956055,99.7619400024414
2022-12-01,145.96923828125,100.66900634765625,95.5,33.59431076049805,42.62051773071289,110.05085754394531,159.3221893310547,122.20613098144531,100.16216278076172,354.0926818847656,162.29515075683594,125.32284545898438,119.50220489501953,98.8147964477539,248.17636108398438,42.233673095703125,47.56756591796875,502.804443359375,43.12369918823242,99.27809143066406
2022-12-02,145.4771270751953,100.8182373046875,94.12999725341797,33.16231918334961,42.138824462890625,109.26388549804688,158.0475311279297,120.84093475341797,99.61666870117188,351.1127624511719,162.42227172851562,124.32939910888672,122.52845764160156,99.03079986572266,248.4979248046875,42.09311294555664,48.51414108276367,503.6499938964844,42.26803970336914,98.43585205078125
2022-12-05,144.3157196044922,98.31854248046875,91.01000213623047,31.68252182006836,40.71160125732422,106.75093841552734,154.14500427246094,116.64102172851562,98.66454315185547,342.7727966308594,162.3314971923828,120.84310913085938,121.47671508789062,99.0037841796875,243.8012237548828,41.94429397583008,47.218345642089844,502.597900390625,40.1702766418457,95.73884582519531
2022-12-06,140.65443420410156,96.8728256225586,88.25,30.33139419555664,40.12286376953125,103.38843536376953,150.1726531982422,111.1194076538086,96.18504333496094,334.8110046386719,159.8980712890625,121.04546356201172,113.23141479492188,98.03184509277344,238.85110473632812,41.10093688964844,46.91865158081055,506.6183166503906,39.931068420410156,93.07769012451172
2022-12-07,138.71554565429688,97.75890350341797,88.45999908447266,30.092418670654297,39.84634017944336,102.73560333251953,150.61790466308594,109.70204162597656,94.16175079345703,332.05242919921875,160.86959838867188,120.96267700195312,113.04290771484375,99.0757827758789,238.12030029296875,41.539146423339844,45.92273712158203,509.99072265625,39.05699157714844,92.87161254882812
2022-12-08,140.39854431152344,99.72694396972656,90.3499984741211,29.816679000854492,39.86418533325195,100.6966323852539,151.50840759277344,108.31947326660156,92.94183349609375,330.3548278808594,160.89683532714844,122.23210144042969,114.43199157714844,99.75975036621094,241.07276916503906,42.812442779541016,46.033382415771484,514.6968383789062,39.176605224609375,93.56153106689453
2022-12-09,139.9163055419922,100.27725219726562,89.08999633789062,29.761531829833984,40.015830993652344,98.38936614990234,146.67173767089844,105.79776763916016,92.06904602050781,331.3328552246094,159.57118225097656,121.5698013305664,114.99755096435547,97.8968276977539,239.14344787597656,42.76283264160156,43.313072204589844,506.50567626953125,39.10299301147461,92.7730484008789
2022-12-12,142.2095184326172,102.12406921386719,90.55000305175781,30.08323097229004,40.82756423950195,99.96331787109375,148.1995849609375,107.87598419189453,92.54511260986328,335.0600280761719,161.4779510498047,123.45552825927734,113.81683349609375,98.0678482055664,246.05209350585938,43.12663269042969,45.27723693847656,512.76171875,39.4342155456543,95.05787658691406
2022-12-13,143.17404174804688,104.02682495117188,92.48999786376953,30.101612091064453,41.559017181396484,101.4209976196289,151.49966430664062,110.83245086669922,94.8460922241211,340.1434020996094,162.72193908691406,123.33594512939453,119.21446990966797,99.81375885009766,250.34933471679688,43.8790283203125,47.075408935546875,505.5850524902344,39.21339797973633,96.09724426269531
2022-12-14,140.94972229003906,103.77497863769531,91.58000183105469,29.66961669921875,41.014888763427734,100.9380874633789,150.4520263671875,110.80604553222656,94.29067993164062,332.4768371582031,163.22129821777344,122.71963500976562,120.64324951171875,101.05484008789062,250.64166259765625,45.04483413696289,46.503684997558594,505.716552734375,38.808570861816406,95.38939666748047
2022-12-15,134.3456268310547,101.21932220458984,88.44999694824219,29.200864791870117,39.80174255371094,100.65190124511719,149.32579040527344,111.42198181152344,90.11520385742188,322.7436828613281,161.16018676757812,119.67485809326172,115.24561309814453,99.31549835205078,242.6416473388672,44.32550811767578,46.20859909057617,495.6841125488281,38.063316345214844,94.47547149658203
2022-12-16,132.3870391845703,99.7176284790039,87.86000061035156,29.13652229309082,39.560890197753906,98.76496887207031,147.30032348632812,110.6652603149414,89.52012634277344,319.53314208984375,159.50762939453125,118.92975616455078,118.50006866455078,98.92596435546875,238.43212890625,42.498252868652344,45.535438537597656,491.9454650878906,37.897701263427734,93.81243133544922
2022-12-19,130.2808074951172,99.41915893554688,84.91999816894531,29.467409133911133,39.186256408691406,98.76496887207031,148.31307983398438,110.45408630371094,87.71503448486328,317.9278869628906,159.33511352539062,119.63806915283203,113.58861541748047,99.14337921142578,234.30052185058594,42.465179443359375,45.95039749145508,491.8515319824219,38.47734069824219,94.23355102539062
2022-12-20,130.2119140625,99.32588195800781,85.19000244140625,29.586891174316406,39.07920837402344,100.7413330078125,150.7488555908203,111.2988052368164,88.290283203125,317.8171691894531,159.50762939453125,120.21759796142578,116.17829895019531,99.38796997070312,235.61599731445312,42.432106018066406,47.730133056640625,488.6671447753906,37.704490661621094,95.5954818725586
2022-12-21,133.31219482421875,100.86488342285156,86.7699966430664,30.03727149963379,39.971229553222656,103.98761749267578,152.52113342285156,114.39604949951172,88.84569549560547,323.04815673828125,161.33267211914062,121.5698013305664,118.8275146484375,100.65625762939453,238.17872619628906,42.713218688964844,49.15945816040039,495.5527038574219,37.83329391479492,96.82301330566406
2022-12-22,130.14297485351562,100.76228332519531,83.79000091552734,29.770721435546875,39.239768981933594,100.96492004394531,150.23377990722656,111.13160705566406,87.04061126708984,318.8227233886719,160.74249267578125,120.19001007080078,116.20806884765625,100.7740249633789,232.09832763671875,42.696685791015625,47.38894271850586,495.12994384765625,37.428466796875,94.86971282958984
2022-12-23,129.7788543701172,100.90218353271484,85.25,29.844255447387695,39.480613708496094,105.32927703857422,154.8783721923828,114.92399597167969,88.49856567382812,318.7581481933594,161.15110778808594,120.76032257080078,117.12089538574219,101.33568572998047,232.62454223632812,42.85378646850586,48.8643684387207,499.093994140625,37.704490661621094,97.3785400390625
2022-12-27,127.97772979736328,101.26594543457031,83.04000091552734,29.899398803710938,39.59658432006836,106.6070785522461,156.82528686523438,116.21745300292969,86.67364501953125,315.4922790527344,161.10568237304688,121.1834487915039,115.96993255615234,101.57122039794922,230.89979553222656,42.27501678466797,49.33466339111328,499.7327880859375,37.75968933105469,98.73152923583984
2022-12-28,124.05069732666016,100.57574462890625,81.81999969482422,30.119997024536133,39.80174255371094,103.76350402832031,154.51168823242188,112.09950256347656,85.31486511230469,314.4774169921875,160.40652465820312,121.84576416015625,114.71974182128906,100.62907409667969,228.5319366455078,42.002166748046875,48.50472640991211,496.4074401855469,37.83329391479492,97.10973358154297
2022-12-29,127.56436920166016,102.8888931274414,84.18000030517578,30.460071563720703,40.28342819213867,104.7353515625,155.6815948486328,113.18177795410156,87.7249526977539,316.8392028808594,161.22373962402344,122.54486846923828,119.3236083984375,100.3935317993164,234.84622192382812,42.44037628173828,48.79059982299805,497.7507629394531,38.02652359008789,97.84446716308594
2022-12-30,127.87928771972656,102.40387725830078,84.0,30.441686630249023,40.34587097167969,106.18414306640625,156.70306396484375,113.96490478515625,87.50675964355469,316.7930908203125,160.39743041992188,123.35432434082031,119.40299224853516,100.51129150390625,233.68667602539062,42.365962982177734,49.29777526855469,498.0325622558594,37.989707946777344,98.83008575439453
2023-01-03,123.09600067138672,102.20800018310547,85.81999969482422,30.80014991760254,40.83647537231445,101.79279327392578,151.9012908935547,109.50379180908203,88.38946533203125,319.4132080078125,161.79576110839844,124.29261016845703,123.76872253417969,100.68343353271484,233.45281982421875,42.38249588012695,47.490379333496094,487.19232177734375,38.44974136352539,95.4342041015625
2023-01-04,124.36566925048828,103.72834014892578,85.13999938964844,31.37920379638672,41.88905715942383,101.99076843261719,150.28616333007812,109.4245834350586,87.35797882080078,320.7785949707031,163.5572967529297,125.45165252685547,126.37825775146484,101.53498840332031,223.24082946777344,41.44820022583008,47.674800872802734,473.90966796875,39.241004943847656,95.71195983886719
2023-01-05,123.04680633544922,103.34593200683594,83.12000274658203,31.31486701965332,41.70173645019531,105.07730102539062,152.9925994873047,109.44219970703125,85.49339294433594,317.1437072753906,162.3496551513672,125.42383575439453,125.95159912109375,102.94820404052734,216.62445068359375,41.059593200683594,48.56928253173828,460.25128173828125,39.02939224243164,97.85343170166016
2023-01-06,127.57418823242188,104.77300262451172,86.08000183105469,31.62737274169922,42.20126724243164,106.39110565185547,154.14500427246094,112.16109466552734,86.62403869628906,321.129150390625,163.6662139892578,127.82389831542969,129.0076141357422,104.03532409667969,219.17747497558594,42.10137939453125,50.256805419921875,460.2889099121094,39.37901306152344,99.03616333007812
2023-01-09,128.09585571289062,104.60509490966797,87.36000061035156,31.14942169189453,42.406429290771484,105.60823822021484,152.9402313232422,112.407470703125,87.2984619140625,325.66827392578125,159.42591857910156,127.29568481445312,128.46189880371094,99.99492645263672,221.31146240234375,40.00954055786133,51.30805206298828,460.3452453613281,39.00178527832031,97.19038391113281
2023-01-10,128.6667022705078,106.19072723388672,89.87000274658203,31.36081886291504,42.986244201660156,106.25613403320312,153.69102478027344,112.2842788696289,87.69519805908203,329.6906433105469,159.0445098876953,128.4355010986328,131.95448303222656,100.38447570800781,222.99722290039062,39.37289810180664,51.60313415527344,456.5314025878906,38.974178314208984,98.64192199707031
2023-01-11,131.3831329345703,105.53782653808594,95.08999633789062,31.599794387817383,43.45009231567383,106.40010833740234,152.95767211914062,111.61556243896484,90.76978302001953,336.2593688964844,158.790283203125,129.38995361328125,131.85528564453125,100.62002563476562,229.74021911621094,39.23234176635742,51.93511199951172,463.48272705078125,39.323814392089844,99.78882598876953
2023-01-12,131.3043975830078,104.33854675292969,95.2699966430664,31.68252182006836,43.78905487060547,108.12783813476562,154.59902954101562,114.7832260131836,90.38297271728516,341.296630859375,157.99127197265625,129.26023864746094,135.64553833007812,101.25414276123047,232.41014099121094,39.447303771972656,53.48430633544922,465.6151123046875,39.40662384033203,101.44644165039062
2023-01-13,132.63308715820312,106.35298919677734,98.12000274658203,32.38105773925781,44.529422760009766,109.30667114257812,155.01806640625,114.63711547851562,91.3648681640625,345.0422668457031,157.4736785888672,132.5220947265625,135.91339111328125,101.68899536132812,233.11178588867188,39.56305694580078,53.74250793457031,459.88494873046875,40.685516357421875,101.38372039794922
2023-01-17,133.7944793701172,106.24053955078125,96.05000305175781,31.728483200073242,44.8773193359375,108.19984436035156,157.5760955810547,115.16841125488281,90.54167175292969,322.8267822265625,156.50216674804688,130.47413635253906,134.3060302734375,100.05834197998047,234.20310974121094,38.09960174560547,53.908485412597656,455.667236328125,40.593505859375,101.18659210205078
2023-01-18,133.07601928710938,104.47909545898438,95.45999908447266,30.99317169189453,44.09233474731445,106.6790542602539,154.72996520996094,114.0438232421875,90.37307739257812,322.0610046386719,154.141357421875,126.55436706542969,131.98423767089844,98.55451965332031,229.7792205810547,37.206642150878906,52.682037353515625,447.36322021484375,39.912662506103516,99.10785675048828
2023-01-19,133.13502502441406,104.75079345703125,93.68000030517578,30.542797088623047,44.038818359375,107.6599349975586,156.27525329589844,116.25757598876953,92.2872543334961,323.5924377441406,153.9324951171875,124.86783599853516,135.08987426757812,99.56009674072266,225.99844360351562,37.17356491088867,52.91258239746094,454.9908447265625,39.51702117919922,99.74402618408203
2023-01-20,135.6939697265625,105.70648956298828,97.25,31.112653732299805,45.573089599609375,109.60360717773438,157.9340362548828,117.55040740966797,97.21649932861328,315.3723449707031,153.21519470214844,125.17363739013672,138.2847900390625,99.5963363647461,234.076416015625,37.29758834838867,52.88491439819336,457.20770263671875,40.40948486328125,101.56292724609375
2023-01-23,138.88290405273438,106.82144927978516,97.5199966430664,31.54465103149414,46.36697769165039,108.10083770751953,157.72451782226562,118.8166732788086,98.97200775146484,322.1070861816406,152.8247528076172,127.20304870605469,142.15443420410156,99.54196166992188,236.3760528564453,37.19010925292969,51.510921478271484,456.3529052734375,41.43076705932617,101.03427124023438
2023-01-24,140.28045654296875,105.43476867675781,96.31999969482422,31.774431228637695,45.86745071411133,106.91304016113281,157.87289428710938,117.55925750732422,96.89912414550781,321.35980224609375,152.8247528076172,128.2965087890625,142.02545166015625,98.3099136352539,235.84988403320312,36.96685791015625,51.15129089355469,461.7919006347656,40.897125244140625,101.97508239746094
2023-01-25,139.62103271484375,104.0012435913086,97.18000030517578,32.050167083740234,46.29561996459961,108.31683349609375,156.3450927734375,117.32903289794922,94.43946838378906,322.5592041015625,153.9143524169922,128.91734313964844,140.39822387695312,98.37334442138672,234.45643615722656,37.2645149230957,51.870548248291016,462.6372985839844,41.71599578857422,101.4374771118164
2023-01-26,141.6879119873047,104.06682586669922,99.22000122070312,32.4821662902832,46.55430221557617,112.16824340820312,163.94935607910156,120.36629486083984,96.7206039428711,327.4857177734375,153.3513641357422,129.71426391601562,146.15306091308594,96.81517028808594,241.65745544433594,36.92240905761719,52.995574951171875,462.6185607910156,42.14842987060547,105.51434326171875
2023-01-27,143.6267547607422,103.0174331665039,102.23999786376953,32.58327102661133,46.25993728637695,111.23237609863281,156.66812133789062,119.24171447753906,98.55545043945312,326.3140869140625,152.7521209716797,130.0293426513672,150.55848693847656,95.46534729003906,241.81336975097656,36.5385856628418,52.53450012207031,456.5783386230469,42.43363952636719,103.5879135131836
2023-01-30,140.74302673339844,102.88627624511719,100.55000305175781,32.44539260864258,46.16181564331055,108.46080780029297,152.08460998535156,116.97483825683594,96.14537048339844,329.78289794921875,147.0952911376953,128.92665100097656,145.91493225097656,96.1085433959961,236.5027313232422,36.33832931518555,51.953556060791016,456.3341369628906,42.59006118774414,101.75108337402344
2023-01-31,142.01266479492188,103.5796127319336,103.12999725341797,32.6108512878418,46.58106231689453,109.66663360595703,151.927490234375,117.10765075683594,98.02977752685547,337.4863586425781,148.3846893310547,129.69577026367188,147.81004333496094,97.30437469482422,241.4723358154297,36.847312927246094,52.543724060058594,468.9216613769531,43.12369918823242,103.94631958007812
2023-02-01,143.1346893310547,104.76953887939453,105.1500015258789,33.015262603759766,46.51862335205078,105.91416931152344,149.6051788330078,112.71556091308594,99.60675811767578,337.39410400390625,149.74664306640625,129.35289001464844,151.92774963378906,96.91483306884766,246.2859649658203,36.68878173828125,51.363380432128906,466.86444091796875,43.546939849853516,102.80838775634766
2023-02-02,148.4396514892578,105.17241668701172,112.91000366210938,33.208282470703125,46.58106231689453,100.15503692626953,147.5535125732422,110.46639251708984,106.85682678222656,340.863037109375,150.30960083007812,128.7505645751953,187.30015563964844,93.72599029541016,257.8328552246094,36.99750518798828,48.21886444091797,442.28125,43.73212432861328,99.59170532226562
2023-02-03,152.06155395507812,104.7414321899414,103.38999938964844,33.48402404785156,45.89644241333008,97.28446197509766,147.9376678466797,110.35127258300781,103.92108154296875,341.3058166503906,149.46519470214844,130.74288940429688,185.0775909423828,93.25492095947266,251.74278259277344,36.76387405395508,48.541622161865234,443.3990783691406,44.05619812011719,100.2816162109375
2023-02-06,149.33523559570312,103.76699829101562,102.18000030517578,33.428871154785156,45.81537628173828,96.7265625,148.10353088378906,109.6517333984375,102.05651092529297,342.0899658203125,148.33018493652344,131.51199340820312,184.6112518310547,94.24236297607422,250.20314025878906,36.513553619384766,48.95658493041992,446.4237976074219,44.1487922668457,100.11138153076172
2023-02-07,152.2091827392578,104.9288101196289,102.11000061035156,33.7965202331543,46.058589935302734,100.80293273925781,151.98858642578125,113.14945983886719,106.75763702392578,345.4112854003906,148.36647033691406,133.11517333984375,190.1279754638672,95.73712921142578,260.7171936035156,36.37171173095703,49.929420471191406,447.96441650390625,44.56547164916992,102.96965789794922
2023-02-08,149.52224731445312,103.2516860961914,100.05000305175781,33.54836654663086,46.07660675048828,99.69610595703125,148.4178466796875,113.91099548339844,98.55545043945312,346.05706787109375,148.55718994140625,132.17919921875,182.00173950195312,96.6068115234375,259.9084167480469,36.69712448120117,50.689151763916016,453.91998291015625,44.67658996582031,102.07363891601562
2023-02-09,148.48880004882812,101.25596618652344,98.23999786376953,32.83143615722656,45.02265548706055,98.92222595214844,147.05587768554688,112.6004638671875,94.23117065429688,339.49761962890625,146.55052185058594,130.12205505371094,176.53463745117188,96.67928314208984,256.8779296875,36.16310501098633,49.88309097290039,456.27783203125,44.046939849853516,102.45893096923828
2023-02-10,148.853515625,101.3403091430664,97.61000061035156,32.70276641845703,45.13976287841797,103.53852844238281,150.1377410888672,118.78125762939453,93.7947769165039,342.5328674316406,147.2315216064453,130.69656372070312,172.7939910888672,98.35523223876953,256.3713073730469,36.61368179321289,52.21788787841797,464.2811279296875,43.99138641357422,106.77771759033203
2023-02-13,151.65298461914062,101.67761993408203,99.54000091552734,32.76709747314453,45.94148635864258,101.51386260986328,149.29962158203125,118.01973724365234,93.83446502685547,345.0607604980469,147.77630615234375,132.11434936523438,178.0328826904297,99.24302673339844,264.38104248046875,36.70546340942383,53.09806823730469,465.31451416015625,44.56547164916992,106.36236572265625
2023-02-14,151.0122528076172,100.49705505371094,99.69999694824219,32.73952102661133,46.49098587036133,102.63467407226562,150.44329833984375,117.88691711425781,93.90389251708984,342.994140625,147.13162231445312,132.6981201171875,178.08251953125,98.50923919677734,265.2093505859375,36.48018264770508,52.644081115722656,462.9472961425781,44.908058166503906,105.11636352539062
2023-02-15,153.11183166503906,100.51577758789062,101.16000366210938,32.68437957763672,46.680152893066406,100.91729736328125,148.85791015625,113.8135986328125,96.14537048339844,345.3559265136719,144.70726013183594,133.25416564941406,175.78057861328125,97.5489501953125,263.08953857421875,36.14641571044922,51.87507629394531,461.4630432128906,44.417320251464844,104.80034637451172
2023-02-16,151.5149688720703,99.39144897460938,98.1500015258789,32.42701721191406,46.35586166381836,97.94356536865234,146.70884704589844,110.81173706054688,94.72708129882812,341.5365295410156,143.68125915527344,131.4193572998047,171.09732055664062,96.48905181884766,256.0853576660156,35.83768844604492,51.68050765991211,457.7995910644531,43.72285842895508,104.49335479736328
2023-02-17,150.37155151367188,100.00984191894531,97.19999694824219,32.49135208129883,46.31982421875,94.11116027832031,143.4324493408203,104.86116027832031,93.57659149169922,339.9681701660156,146.68089294433594,131.8085479736328,171.53390502929688,99.21583557128906,252.0900421142578,36.05462646484375,49.419837951660156,468.8183288574219,43.97286605834961,100.47542572021484
2023-02-21,146.35964965820312,97.11467742919922,94.58000183105469,31.728483200073242,44.89654541015625,95.1867446899414,141.80299377441406,105.57841491699219,91.03758239746094,333.1595153808594,144.4951629638672,129.38995361328125,170.74012756347656,98.80818176269531,246.82469177246094,35.62908172607422,49.475433349609375,461.5194396972656,42.81544494628906,100.37609100341797
2023-02-22,146.78350830078125,96.21519470214844,95.79000091552734,31.517078399658203,45.07670211791992,94.07500457763672,141.2305145263672,104.10848999023438,90.89872741699219,332.9473571777344,144.2939453125,128.39842224121094,169.78759765625,98.88972473144531,245.69154357910156,35.36207962036133,48.558189392089844,459.2462158203125,42.60247802734375,99.07591247558594
2023-02-23,147.26651000976562,96.08403015136719,95.81999969482422,31.489505767822266,45.38297653198242,95.29521942138672,142.62213134765625,105.84407806396484,90.14494323730469,335.3921813964844,144.24826049804688,129.42701721191406,170.70040893554688,100.18516540527344,248.87612915039062,35.295326232910156,49.401309967041016,461.8764343261719,42.82469940185547,99.98785400390625
2023-02-24,144.6149444580078,94.12580871582031,93.5,31.44354248046875,45.202823638916016,95.13253021240234,143.0448760986328,101.1774673461914,88.39937591552734,335.6781921386719,142.63868713378906,130.5946044921875,169.0633087158203,99.551025390625,243.45452880859375,34.83640670776367,49.95720672607422,454.9627380371094,43.167301177978516,99.99688720703125
2023-02-27,145.8076629638672,93.47931671142578,93.76000213623047,31.44354248046875,45.46405792236328,95.68389892578125,143.40602111816406,101.61138153076172,89.1333236694336,337.2280578613281,142.32774353027344,131.73443603515625,168.21990966796875,99.0708999633789,244.37278747558594,34.02702331542969,50.40193557739258,454.0138854980469,43.31544876098633,99.81629943847656
2023-02-28,145.30496215820312,95.30635070800781,94.2300033569336,31.526268005371094,45.662235260009766,93.41517639160156,141.60043334960938,100.07945251464844,89.3217544555664,324.4227600097656,140.16030883789062,132.83714294433594,173.57786560058594,96.24444580078125,243.64990234375,33.851802825927734,49.29938888549805,447.0814208984375,43.30619430541992,99.23844909667969
2023-03-01,143.2349090576172,94.47247314453125,92.16999816894531,31.37920379638672,46.39189910888672,96.03640747070312,142.7278289794922,104.49810028076172,89.61930084228516,321.70953369140625,139.529296875,132.0958251953125,172.06968688964844,96.61585998535156,240.57276916503906,33.526390075683594,50.855926513671875,446.4050598144531,43.22285461425781,100.12328338623047
2023-03-02,143.82638549804688,96.15897369384766,92.12999725341797,30.98142433166504,46.30181121826172,97.91645812988281,143.17701721191406,106.96865844726562,91.245849609375,324.37628173828125,139.41957092285156,130.724365234375,173.17105102539062,96.94200134277344,245.30079650878906,33.893524169921875,51.23579406738281,448.73468017578125,42.408023834228516,100.58377838134766
2023-03-03,148.87326049804688,97.86421203613281,94.9000015258789,31.601224899291992,47.1575813293457,98.19666290283203,145.2908477783203,107.82760620117188,92.88233184814453,331.8004150390625,140.85537719726562,133.12442016601562,183.80755615234375,96.82423400878906,249.3840789794922,34.33576583862305,51.87507629394531,449.5425720214844,43.38026428222656,101.85687255859375
2023-03-06,151.63328552246094,96.27140808105469,93.75,31.53647232055664,47.00444412231445,99.02821350097656,146.35653686523438,107.0660629272461,94.35018920898438,331.7632751464844,142.26373291015625,132.3460235595703,183.46031188964844,100.6471939086914,250.92755126953125,34.30238342285156,51.28211212158203,451.6278991699219,43.17655563354492,102.75977325439453
2023-03-07,149.4351348876953,93.67607116699219,93.55000305175781,30.528120040893555,46.0135498046875,97.30181884765625,144.47171020507812,104.719482421875,93.09060668945312,321.5701599121094,140.91932678222656,128.45401000976562,183.0733184814453,100.80120849609375,248.2704315185547,33.65988540649414,50.06839370727539,445.14630126953125,41.15800476074219,100.77339172363281
2023-03-08,150.68698120117188,93.13264465332031,93.91999816894531,30.121082305908203,45.65322494506836,96.92218780517578,143.55575561523438,104.33870697021484,93.47740936279297,324.55279541015625,139.88595581054688,127.69418334960938,183.52976989746094,98.0925064086914,247.8308563232422,33.476322174072266,49.605140686035156,442.0651550292969,40.59318161010742,99.30165100097656
2023-03-09,148.43954467773438,91.68037414550781,92.25,28.25238609313965,43.779537200927734,95.63868713378906,141.37139892578125,101.83274841308594,91.563232421875,317.86273193359375,138.31297302246094,120.78124237060547,180.2753143310547,97.47648620605469,246.48281860351562,32.92560577392578,48.35436248779297,436.7202453613281,38.083892822265625,98.5341796875
2023-03-10,146.37939453125,90.84647369384766,90.7300033569336,28.002609252929688,43.545318603515625,94.20153045654297,140.63157653808594,99.33563232421875,89.8870849609375,304.4639587402344,138.65133666992188,123.8484878540039,178.1122589111328,97.55801391601562,242.83908081054688,32.86720657348633,47.25181579589844,433.95806884765625,38.29685592651367,97.31523895263672
2023-03-13,148.32125854492188,91.99893951416016,92.43000030517578,26.37444305419922,40.30239486694336,91.0018310546875,139.78607177734375,96.6082763671875,90.3631591796875,293.16522216796875,139.97740173339844,121.6245346069336,179.49143981933594,95.78243255615234,248.04579162597656,33.25938415527344,45.25056076049805,437.11614990234375,35.565338134765625,96.19564819335938
2023-03-14,150.41098022460938,92.33624267578125,94.87999725341797,26.605716705322266,42.69855499267578,91.61646270751953,141.5916290283203,96.69683074951172,93.19969940185547,299.3349304199219,140.763916015625,124.74738311767578,192.50929260253906,97.57948303222656,254.7568359375,33.29275131225586,45.73234939575195,437.964599609375,37.19498825073242,96.55682373046875
2023-03-15,150.80528259277344,91.63352966308594,96.19999694824219,26.355941772460938,40.37445831298828,86.08476257324219,135.4615020751953,90.69127655029297,95.32215118408203,290.0802917480469,141.1571502685547,118.85379791259766,196.21023559570312,98.18154907226562,259.2992248535156,33.609825134277344,41.989261627197266,438.7658996582031,35.97275161743164,91.75334167480469
2023-03-16,153.6244354248047,92.78597259521484,100.04000091552734,26.799985885620117,41.09510803222656,87.13327026367188,135.89308166503906,93.3723373413086,99.49765014648438,292.77490234375,140.86451721191406,121.16119384765625,203.33432006835938,97.9169921875,269.8104248046875,33.68492126464844,42.78606033325195,444.9783630371094,36.38942337036133,91.22062683105469
2023-03-17,152.78656005859375,90.89334106445312,98.94999694824219,25.736129760742188,39.860992431640625,85.31645965576172,134.17556762695312,91.82622528076172,100.7869873046875,282.0429382324219,139.3555450439453,116.5834732055664,194.08689880371094,94.96143341064453,272.9656677246094,33.459625244140625,41.39629364013672,442.6027526855469,34.96347427368164,90.14616394042969
2023-03-20,155.15228271484375,91.6991195678711,97.70999908447266,25.671371459960938,39.71686553955078,86.91632080078125,136.1485137939453,94.23919677734375,100.39027404785156,287.60870361328125,140.73646545410156,117.81592559814453,196.269775390625,96.55780029296875,265.9322204589844,34.05206298828125,42.823116302490234,449.6353759765625,34.7042121887207,92.50276184082031
2023-03-21,157.0054473876953,92.1301040649414,100.61000061035156,26.448450088500977,40.59966278076172,90.12507629394531,140.3144989013672,97.07218170166016,104.05994415283203,294.80987548828125,140.73646545410156,120.9758529663086,200.5858917236328,96.27501678466797,267.4462890625,33.92689514160156,44.73171615600586,452.5954895019531,35.630149841308594,96.64710235595703
2023-03-22,155.5761260986328,90.75279235839844,98.69999694824219,25.56961441040039,39.37455749511719,88.91389465332031,137.46084594726562,94.48944854736328,102.52265167236328,291.45550537109375,138.1392059326172,117.85301208496094,198.25421142578125,95.23507690429688,265.9908447265625,33.3845329284668,43.9163932800293,448.2778625488281,34.4449462890625,94.43496704101562
2023-03-23,156.66043090820312,90.92143249511719,98.70999908447266,24.949800491333008,39.140342712402344,87.15132904052734,136.09564208984375,93.64042663574219,104.73436737060547,292.5519714355469,138.21240234375,117.5379409790039,202.6894073486328,95.08003234863281,271.236572265625,33.526390075683594,42.13750076293945,442.9891662597656,33.89864730834961,93.36955261230469
2023-03-24,157.96160888671875,91.8677749633789,98.12999725341797,25.1070613861084,38.834068298339844,86.25650024414062,137.4520263671875,94.27494049072266,104.57569122314453,290.43341064453125,139.60244750976562,115.74948120117188,204.4059295654297,95.59998321533203,274.0792541503906,33.70161056518555,41.29437255859375,448.7209167480469,33.54677963256836,93.47789764404297
2023-03-27,156.0197296142578,92.25189208984375,98.04000091552734,26.355941772460938,40.33842849731445,88.10944366455078,138.85244750976562,96.85770416259766,101.62010955810547,295.9713134765625,140.19691467285156,119.06694030761719,201.2606201171875,97.5429916381836,269.9861755371094,33.55976486206055,43.332698822021484,454.29229736328125,34.6949577331543,95.5274887084961
2023-03-28,155.39871215820312,90.98703002929688,97.23999786376953,26.01365852355957,40.73478698730469,89.06438446044922,140.47308349609375,98.67189025878906,100.20184326171875,295.8877258300781,138.84339904785156,119.4283447265625,199.1173858642578,96.26589965820312,268.86279296875,33.367855072021484,44.138755798339844,445.5062561035156,34.426422119140625,96.71934509277344
2023-03-29,158.47418212890625,92.40181732177734,100.25,26.522459030151367,41.39238357543945,90.71963500976562,141.67970275878906,100.7005615234375,100.55889892578125,298.0062255859375,140.20603942871094,119.66926574707031,203.7510528564453,95.70945739746094,274.0205993652344,33.58479690551758,45.120849609375,439.85943603515625,35.157920837402344,98.38067626953125
2023-03-30,160.04147338867188,92.83281707763672,102.0,26.180173873901367,41.50048065185547,90.26488494873047,143.02725219726562,101.4691162109375,100.06298065185547,298.3964538574219,140.31576538085938,119.307861328125,206.22164916992188,96.62166595458984,277.4787902832031,33.693267822265625,45.15791320800781,443.1305847167969,34.61162567138672,98.85920715332031
2023-03-31,162.54518127441406,94.87535858154297,103.29000091552734,26.45770263671875,42.239139556884766,90.2284927368164,143.70545959472656,102.44322967529297,102.87971496582031,303.9436340332031,141.75160217285156,120.75344848632812,210.28973388671875,97.05040740966797,281.6303405761719,34.04372024536133,45.491455078125,445.51568603515625,34.61162567138672,99.01271057128906
2023-04-03,163.7970428466797,95.18455505371094,102.41000366210938,26.448450088500977,42.07699203491211,98.60472869873047,149.6858367919922,108.50243377685547,103.50453186035156,303.3954772949219,143.44349670410156,120.61445617675781,211.4109649658203,99.31268310546875,280.585205078125,34.50263595581055,48.484073638916016,465.87823486328125,34.92644119262695,104.8545150756836
2023-04-04,163.26478576660156,96.31826782226562,103.94999694824219,25.884143829345703,41.51849365234375,96.67664337158203,148.8843536376953,106.90274810791016,103.86158752441406,299.7995300292969,144.94329833984375,119.00205993652344,213.04811096191406,99.27621459960938,280.53631591796875,34.12716293334961,46.75149917602539,464.99212646484375,34.08383560180664,103.85227966308594
2023-04-05,161.4214630126953,97.63935852050781,101.0999984741211,25.56961441040039,41.23023223876953,97.99539184570312,149.6241912841797,107.57299041748047,103.61363220214844,298.75885009765625,151.4547119140625,119.17950439453125,209.83331298828125,102.0858154296875,277.7620544433594,34.669517517089844,46.97386169433594,480.0566711425781,34.15790939331055,105.63103485107422
2023-04-06,162.30862426757812,98.31396484375,102.05999755859375,25.7546329498291,41.311302185058594,96.64026641845703,147.6600799560547,106.67930603027344,107.53125,299.5672607421875,151.03404235839844,119.04875183105469,214.4173583984375,102.46895599365234,284.8540344238281,34.6278076171875,45.97323989868164,483.4315185546875,35.09310531616211,103.87937927246094
2023-04-10,159.71617126464844,97.16150665283203,102.16999816894531,25.847139358520508,41.905845642089844,96.35832977294922,148.22377014160156,107.57299041748047,105.5674819946289,301.9459228515625,150.27499389648438,119.44100952148438,213.07785034179688,102.724365234375,282.69525146484375,34.8197135925293,46.362369537353516,485.66571044921875,35.76903533935547,103.41889953613281
2023-04-11,158.50372314453125,96.7773666381836,99.91999816894531,26.55946159362793,42.518394470214844,97.08590698242188,149.0428924560547,108.74373626708984,104.48641967773438,304.185302734375,150.22923278808594,120.0293960571289,212.1848907470703,102.61492156982422,276.2869873046875,34.86977767944336,47.38151931762695,491.12408447265625,36.4542236328125,104.15026092529297
2023-04-12,157.813720703125,96.09339141845703,97.83000183105469,26.346691131591797,42.26617431640625,97.79529571533203,149.5713348388672,109.3067398071289,103.78224182128906,306.85198974609375,149.9091796875,120.01071166992188,212.33370971679688,103.7642822265625,276.9317321777344,34.51932144165039,48.159786224365234,491.33135986328125,36.287567138671875,104.04190063476562
2023-04-13,163.19577026367188,97.56234741210938,102.4000015258789,26.420700073242188,42.60847854614258,99.16860961914062,151.5706787109375,109.13129425048828,106.54937744140625,308.6081237792969,151.91197204589844,120.46833801269531,218.63427734375,105.43364715576172,283.1347961425781,34.6027717590332,48.07640838623047,496.08270263671875,36.7227668762207,104.52947235107422
2023-04-14,162.85076904296875,97.89189910888672,102.51000213623047,27.30879020690918,44.64432144165039,98.67747497558594,151.8789520263672,109.4192123413086,107.97756958007812,313.0589294433594,151.6650848388672,129.56488037109375,219.76541137695312,105.18734741210938,279.52044677734375,34.36913299560547,48.623043060302734,482.469970703125,36.70424270629883,104.78228759765625
2023-04-17,162.8704833984375,98.41920471191406,102.73999786376953,28.09511947631836,44.761417388916016,96.04911804199219,150.54017639160156,108.67241668701172,105.10134887695312,315.62347412109375,151.5095977783203,130.5922088623047,217.1558837890625,104.91368865966797,282.118896484375,34.36079025268555,48.23391342163086,476.3988952636719,38.24129867553711,103.56336212158203
2023-04-18,164.09275817871094,98.0708236694336,102.30000305175781,28.27088737487793,45.11273956298828,95.44886016845703,150.18789672851562,107.07085418701172,103.64338684082031,310.2620849609375,147.24789428710938,132.0584716796875,216.1934051513672,104.74948120117188,281.69879150390625,33.835113525390625,48.3358268737793,475.5787658691406,38.769081115722656,105.58586883544922
2023-04-19,165.2362060546875,105.7356948852539,104.30000305175781,27.80834197998047,45.400997161865234,95.73079681396484,150.3288116455078,106.89092254638672,103.32601165771484,313.0310363769531,148.63795471191406,131.890380859375,214.0204620361328,104.11091613769531,281.77691650390625,33.576446533203125,48.762020111083984,458.34600830078125,39.11168670654297,105.25179290771484
2023-04-20,164.27017211914062,103.908935546875,103.80999755859375,27.660324096679688,44.50018310546875,94.38479614257812,149.59779357910156,106.40502166748047,104.42691802978516,314.72210693359375,149.59823608398438,131.5074462890625,211.4109649658203,104.14740753173828,279.4910888671875,33.25102996826172,48.15052795410156,459.5338134765625,38.583892822265625,104.4120864868164
2023-04-21,162.6634521484375,105.14247131347656,106.95999908447266,27.6325740814209,44.1668815612793,93.00238037109375,148.95481872558594,105.55026245117188,104.54593658447266,317.4632263183594,148.7843017578125,131.25531005859375,211.23236083984375,105.2420883178711,279.1492004394531,33.551414489746094,46.1400146484375,456.10235595703125,38.18574142456055,104.74617767333984
2023-04-24,162.9690399169922,103.95600891113281,106.20999908447266,27.530813217163086,44.1668815612793,94.26655578613281,151.0334014892578,107.2328109741211,105.10134887695312,319.60040283203125,149.68968200683594,131.4327392578125,211.1331329345703,105.76203155517578,275.25146484375,33.30109786987305,46.529144287109375,460.92901611328125,38.38019561767578,106.7235336303711
2023-04-25,161.4313507080078,103.55110168457031,102.56999969482422,26.679725646972656,43.14896774291992,92.84778594970703,148.8402862548828,104.97441864013672,102.99871826171875,315.4376525878906,151.0614471435547,128.5749053955078,205.9339599609375,106.30025482177734,269.0484619140625,32.81714630126953,45.36174011230469,463.7382507324219,37.54684066772461,105.20665740966797
2023-04-26,161.4214630126953,102.40232849121094,104.9800033569336,26.309690475463867,42.212120056152344,91.37443542480469,146.189208984375,104.065673828125,102.85986328125,312.72442626953125,148.7202911376953,126.29610443115234,207.76954650878906,103.47239685058594,288.536865234375,32.23305892944336,44.26846694946289,455.2821960449219,36.53757095336914,104.24053192138672
2023-04-27,166.00506591796875,103.1085433959961,109.81999969482422,26.72597885131836,42.36525344848633,92.06564331054688,147.04354858398438,104.22762298583984,106.70805358886719,317.4074401855469,149.0678253173828,127.99588012695312,236.70248413085938,105.0505142211914,297.7780456542969,32.32484436035156,44.43523025512695,462.37139892578125,36.7227668762207,105.4865493774414
2023-04-28,167.25692749023438,104.02192687988281,105.44999694824219,27.08676528930664,42.86614227294922,93.57535552978516,148.47918701171875,107.49373626708984,106.46011352539062,319.1171569824219,149.70799255371094,129.10726928710938,238.44879150390625,105.33329010009766,300.1518859863281,32.45000076293945,45.72307586669922,463.89862060546875,36.80609130859375,106.84993743896484
2023-05-01,167.168212890625,104.62457275390625,102.05000305175781,26.86474609375,43.03006362915039,93.2479476928711,147.29896545410156,106.7469482421875,106.32124328613281,316.45037841796875,149.61654663085938,131.87168884277344,241.2864990234375,106.12691497802734,298.49114990234375,32.717002868652344,45.537776947021484,467.3017883300781,37.39870071411133,103.53628540039062
2023-05-02,166.1331787109375,104.99179077148438,103.62999725341797,26.050662994384766,41.891700744628906,89.71011352539062,140.95745849609375,100.42167663574219,104.4566650390625,309.7603454589844,150.92430114746094,129.74232482910156,237.37718200683594,107.54086303710938,298.3446044921875,32.591854095458984,42.78606033325195,465.1241149902344,35.96349334716797,99.40999603271484
2023-05-03,165.05877685546875,105.23662567138672,103.6500015258789,25.773134231567383,41.59117889404297,87.39096069335938,138.13021850585938,99.89080047607422,104.54593658447266,305.37457275390625,148.94888305664062,126.99652862548828,235.1844024658203,107.84188842773438,297.3580017089844,32.08287048339844,41.94293975830078,461.400390625,35.78756332397461,97.45068359375
2023-05-04,163.42247009277344,104.38916015625,104.0,24.968297958374023,40.88994216918945,88.54598999023438,137.5929718017578,100.1517333984375,103.83183288574219,298.5080261230469,148.27215576171875,125.25940704345703,231.70172119140625,107.06652069091797,298.3446044921875,31.899295806884766,41.757633209228516,459.3641662597656,34.2664794921875,95.74419403076172
2023-05-05,171.0913848876953,104.76581573486328,105.66000366210938,25.634368896484375,42.1831169128418,91.28350067138672,141.10720825195312,102.72504425048828,104.7046127319336,303.86004638671875,148.77516174316406,127.70634460449219,230.96749877929688,107.34930419921875,303.4634094238281,32.11623764038086,42.387657165527344,465.963134765625,35.40495681762695,98.12786102294922
2023-05-08,171.0223846435547,104.42682647705078,105.83000183105469,25.615867614746094,42.219547271728516,91.7655258178711,140.55233764648438,102.89598846435547,106.88658905029297,303.3861389160156,148.43679809570312,128.0145721435547,231.45367431640625,107.98783111572266,301.5096435546875,32.26643371582031,43.184452056884766,464.398193359375,35.8155517578125,98.51612091064453
2023-05-09,169.3170928955078,103.81477355957031,106.62000274658203,25.588115692138672,42.36526107788086,92.33847045898438,140.1471710205078,102.3651351928711,106.47003173828125,301.7693786621094,147.2844696044922,127.39813995361328,231.5529022216797,107.1212387084961,299.8978576660156,32.1078987121582,43.70329284667969,462.28656005859375,35.96485900878906,98.54320526123047
2023-05-10,171.08152770996094,104.22908782958984,110.19000244140625,25.273582458496094,42.22865676879883,91.37443542480469,138.3592071533203,100.91654205322266,110.8339614868164,299.7066345214844,147.83319091796875,127.46353912353516,231.26513671875,107.54998779296875,305.0849609375,31.957704544067383,42.48957443237305,461.9943542480469,35.72224044799805,97.27912902832031
2023-05-11,171.26882934570312,103.6264419555664,112.18000030517578,25.33833885192871,41.91902160644531,90.84693908691406,137.5929718017578,99.4499282836914,115.61444854736328,298.0062255859375,147.22959899902344,127.06192779541016,233.9540557861328,107.23070526123047,302.93585205078125,31.696247100830078,40.89598083496094,460.7593688964844,35.76890563964844,95.5184555053711
2023-05-12,170.34092712402344,104.0407485961914,110.26000213623047,25.06081199645996,41.39082336425781,90.42859649658203,137.9452667236328,99.35095977783203,116.54673767089844,296.87261962890625,147.0375518798828,125.24073791503906,231.9894561767578,106.856689453125,301.8223571777344,31.502241134643555,40.83112335205078,463.0878601074219,34.98502731323242,95.50942993164062
2023-05-15,169.847412109375,103.4286880493164,111.19999694824219,25.578859329223633,41.93723678588867,91.68099212646484,138.45611572265625,100.1787338256836,115.55493927001953,299.2606506347656,145.91268920898438,126.29610443115234,237.00013732910156,106.15428924560547,302.30096435546875,31.341999053955078,41.322174072265625,458.96820068359375,36.17949676513672,95.69158172607422
2023-05-16,169.847412109375,103.00495910644531,113.4000015258789,25.31058692932129,41.236000061035156,89.65154266357422,135.20606994628906,96.84063720703125,118.53036499023438,298.08984375,145.7206268310547,125.44621276855469,236.96047973632812,105.8897476196289,304.52813720703125,31.215478897094727,40.07139205932617,452.2372131347656,35.82489013671875,93.36919403076172
2023-05-17,170.4593963623047,102.46823120117188,115.5,26.42995262145996,42.87525177001953,92.06492614746094,137.143798828125,99.69286346435547,119.84944915771484,306.7962646484375,145.40057373046875,129.30337524414062,240.6018829345703,104.68563842773438,307.40643310546875,30.996191024780273,41.22951889038086,457.03564453125,37.75657272338867,95.46389770507812
2023-05-18,172.78892517089844,102.138671875,118.1500015258789,26.33743667602539,42.24686813354492,92.09235382080078,136.9747772216797,100.79056549072266,121.82312774658203,306.23870849609375,144.93414306640625,130.2839813232422,244.92796325683594,103.99234008789062,311.83148193359375,30.768465042114258,41.55380630493164,451.77532958984375,37.523284912109375,96.32909393310547
2023-05-19,172.8975067138672,102.57180786132812,116.25,26.004405975341797,41.62759780883789,93.79268646240234,138.059814453125,103.10292053222656,121.75370788574219,303.05169677734375,145.327392578125,129.98513793945312,243.72732543945312,105.35154724121094,311.6553039550781,31.013059616088867,41.94293975830078,451.3888244628906,37.355308532714844,96.7753677368164
2023-05-22,171.94989013671875,101.93150329589844,115.01000213623047,26.21717643737793,41.70045852661133,94.82568359375,135.5784912109375,102.16719818115234,124.02494812011719,301.90875244140625,144.544189453125,128.91111755371094,246.38648986816406,104.43932342529297,314.4356384277344,32.68305969238281,42.61927795410156,453.0856628417969,38.24182891845703,95.60051727294922
2023-05-23,169.34400939941406,99.5680160522461,114.98999786376953,26.43920135498047,41.809730529785156,95.42904663085938,139.50062561035156,102.08621215820312,121.55534362792969,300.6543884277344,144.4888916015625,127.56626892089844,244.81878662109375,103.32643127441406,308.6399841308594,33.4337043762207,42.67487335205078,451.9732666015625,38.456459045410156,96.90286254882812
2023-05-24,169.62037658691406,97.96723937988281,116.75,25.995155334472656,40.516563415527344,95.05422973632812,139.8741912841797,101.93326568603516,119.9089584350586,297.16070556640625,144.3506622314453,126.39884185791016,247.26956176757812,103.62745666503906,307.25958251953125,32.581844329833984,42.83238220214844,453.2836608886719,38.13917922973633,97.98664093017578
2023-05-25,170.7555389404297,96.17813873291016,115.0,26.059911727905273,40.279781341552734,92.96080780029297,137.46392822265625,99.33296966552734,122.46780395507812,300.9424133300781,142.27748107910156,126.70704650878906,250.72247314453125,102.44158172607422,319.07611083984375,31.9071044921875,41.84101486206055,450.3329772949219,38.167179107666016,96.22892761230469
2023-05-26,173.16400146484375,96.86554718017578,120.11000061035156,26.189424514770508,40.61673355102539,93.10707092285156,137.03704833984375,99.08103942871094,123.58853912353516,308.4967041015625,142.22216796875,127.89313507080078,259.9996337890625,101.31957244873047,325.8998107910156,31.713109970092773,41.21099090576172,453.9341125488281,38.475128173828125,95.60051727294922
2023-05-30,175.00987243652344,95.77324676513672,121.66000366210938,26.143171310424805,40.70779800415039,92.51287841796875,136.18321228027344,97.90235137939453,122.65625,307.40020751953125,142.2406005859375,128.3787841796875,260.4759521484375,99.58635711669922,324.2550964355469,31.215478897094727,41.05348587036133,452.35980224609375,38.24182891845703,94.75353240966797
2023-05-31,174.96051025390625,96.04631042480469,120.58000183105469,25.708377838134766,40.36174392700195,90.7759780883789,133.95974731445312,96.53472137451172,121.86282348632812,303.2525634765625,142.8763885498047,126.7444076538086,262.6587829589844,100.71751403808594,321.4942626953125,32.06734848022461,39.68225860595703,459.3264465332031,37.15000534057617,93.05953979492188
2023-06-01,177.7638397216797,96.81845092773438,122.7699966430664,25.904193878173828,40.835304260253906,90.9862289428711,135.32943725585938,97.30851745605469,122.7058334350586,296.2306823730469,142.39724731445312,128.49085998535156,270.48736572265625,101.19184875488281,325.5962219238281,32.06734848022461,41.67424392700195,465.350341796875,37.383304595947266,94.13421630859375
2023-06-02,178.61270141601562,98.11788940429688,124.25,26.77139663696289,42.1831169128418,93.56416320800781,138.97592163085938,100.70059967041016,123.64804077148438,303.0185241699219,144.6363067626953,131.18994140625,270.48736572265625,102.64226531982422,328.3570251464844,32.3541145324707,43.332698822021484,470.95947265625,38.48446273803711,96.31999969482422
2023-06-05,177.26039123535156,97.7035903930664,125.30000305175781,26.612878799438477,42.110267639160156,93.3082046508789,138.30885314941406,100.45765686035156,124.97706604003906,301.2958679199219,145.8802490234375,129.90110778808594,269.2768859863281,103.18048095703125,328.8857116699219,32.59871292114258,42.823116302490234,469.64910888671875,37.74724197387695,95.8919448852539
2023-06-06,176.89520263671875,96.63011932373047,126.61000061035156,27.256288528442383,43.002742767333984,93.18934631347656,138.55789184570312,101.5013656616211,126.26640319824219,305.96771240234375,145.75125122070312,130.13458251953125,269.0089416503906,100.35261535644531,326.6731872558594,32.362548828125,43.73603057861328,459.6375427246094,38.50312423706055,96.67517852783203
2023-06-07,175.52313232421875,95.7261734008789,121.2300033569336,27.489402770996094,43.72218704223633,95.81297302246094,142.15103149414062,104.59654235839844,121.49583435058594,314.3471984863281,146.06455993652344,131.39537048339844,261.5474853515625,99.07552337646484,316.58941650390625,32.80113983154297,44.83525085449219,454.50921630859375,39.25899887084961,98.84273529052734
2023-06-08,178.23764038085938,94.89752960205078,124.25,27.256288528442383,43.80414962768555,95.566162109375,141.6262664794922,104.50655364990234,121.1387939453125,314.0850830078125,147.66778564453125,131.4327392578125,262.51983642578125,100.63539123535156,318.4299621582031,32.969825744628906,44.20180130004883,462.14520263671875,39.53895568847656,98.53309631347656
2023-06-09,178.62257385253906,95.75440216064453,123.43000030517578,27.29358673095703,43.98628234863281,94.97196960449219,141.288330078125,104.59654235839844,121.2280502319336,314.6000061035156,147.43743896484375,131.69424438476562,262.88702392578125,100.99116516113281,319.9278564453125,32.868614196777344,44.27632141113281,465.3409423828125,39.31499099731445,97.80450439453125
2023-06-12,181.41603088378906,95.48133087158203,126.56999969482422,27.163034439086914,44.122894287109375,93.99380493164062,139.9275665283203,102.50009155273438,122.6264877319336,317.84881591796875,147.3361053466797,131.68492126464844,268.939453125,100.21578216552734,324.8816223144531,33.65300750732422,43.801239013671875,464.3699035644531,39.0350341796875,96.92108917236328
2023-06-13,180.94224548339844,95.91448211669922,126.66000366210938,27.41480827331543,44.34144592285156,94.53315734863281,140.97705078125,101.42039489746094,122.81493377685547,320.6668701171875,148.11007690429688,132.63754272460938,269.2074279785156,100.3343734741211,327.2704162597656,33.973506927490234,44.6768798828125,463.1632385253906,39.80024719238281,96.93930053710938
2023-06-14,181.573974609375,97.22335052490234,126.41999816894531,27.153715133666992,43.931636810302734,93.85668182373047,139.71408081054688,99.57589721679688,122.65625,316.8470153808594,148.8656768798828,132.1425323486328,271.2215881347656,99.78340148925781,330.25634765625,33.19754409790039,44.03412628173828,433.5149230957031,39.26833724975586,95.7735366821289
2023-06-15,183.60736083984375,98.8900375366211,127.11000061035156,27.3868350982666,44.22306823730469,95.20963287353516,140.77247619628906,100.50263214111328,124.0645980834961,318.0828857421875,150.8651580810547,133.63685607910156,279.6355285644531,100.46294403076172,340.7903747558594,33.5264892578125,44.621002197265625,441.00250244140625,39.529624938964844,96.43839263916016
2023-06-16,182.53143310546875,100.00115203857422,125.48999786376953,27.2189884185791,43.88610076904297,95.91352844238281,139.8652801513672,102.0412368774414,122.51739501953125,316.7440185546875,151.3258514404297,133.7956085205078,278.81207275390625,100.38947296142578,335.14154052734375,33.7879524230957,44.50920867919922,433.9977722167969,39.36165237426758,95.7462387084961
2023-06-20,182.6202392578125,100.47196960449219,125.77999877929688,26.92059326171875,43.357913970947266,93.27162170410156,136.68125915527344,99.26998138427734,122.09090423583984,309.6378479003906,151.2337188720703,133.11380004882812,282.1160583496094,101.22512817382812,330.951416015625,33.18068313598633,44.024810791015625,444.3155212402344,39.09103012084961,93.55133819580078
2023-06-21,181.5838165283203,100.04824829101562,124.83000183105469,26.640853881835938,43.1757698059082,94.79825592041016,137.74856567382812,99.7558364868164,119.56182098388672,304.3480529785156,151.0033721923828,132.917724609375,279.44708251953125,102.07915496826172,326.5556945800781,32.8095703125,44.490577697753906,451.28228759765625,38.8670654296875,94.59870147705078
2023-06-22,184.58456420898438,101.93150329589844,130.14999389648438,26.072040557861328,42.46543502807617,92.72313690185547,135.75633239746094,97.39850616455078,122.14051818847656,299.20794677734375,152.6066436767578,130.35873413085938,282.6618347167969,104.43001556396484,332.5765686035156,32.66617965698242,43.63356399536133,453.4594421386719,38.31648635864258,94.07957458496094
2023-06-23,184.26864624023438,101.74317932128906,129.3300018310547,25.876220703125,41.909912109375,91.83639526367188,134.60899353027344,96.1118392944336,121.33714294433594,294.64837646484375,152.4776611328125,129.67694091796875,286.4818115234375,105.23812866210938,327.98504638671875,32.30350875854492,43.40066909790039,451.5189514160156,37.896549224853516,93.25991821289062
2023-06-26,182.87689208984375,102.17633819580078,127.33000183105469,26.193262100219727,42.110267639160156,93.16988372802734,136.9747772216797,98.97306823730469,117.36994171142578,292.4482116699219,150.77301025390625,129.99449157714844,276.3017578125,103.84232330322266,321.6997985839844,31.114267349243164,44.11796569824219,453.46893310546875,37.87788772583008,94.981201171875
2023-06-27,185.63084411621094,101.49834442138672,129.17999267578125,26.3331356048584,42.255977630615234,92.69166564941406,136.54786682128906,98.05531311035156,117.36001586914062,293.4687805175781,150.45970153808594,130.00381469726562,284.81494140625,104.06269836425781,327.5445556640625,30.717857360839844,44.84457015991211,456.7819519042969,38.17650604248047,95.21800231933594
2023-06-28,186.8054962158203,101.328857421875,129.0399932861328,26.174610137939453,42.10115432739258,94.27348327636719,137.7841339111328,100.04377746582031,119.19486236572266,293.6654052734375,150.1556854248047,129.4341278076172,283.068603515625,103.25458526611328,328.7976379394531,30.60820770263672,45.263763427734375,449.10516357421875,37.9058837890625,95.99211883544922
2023-06-29,187.14108276367188,101.3759536743164,127.9000015258789,26.72477912902832,42.15580368041992,94.7792739868164,138.95811462402344,101.67231750488281,118.12371826171875,302.4942321777344,151.2061004638672,133.95437622070312,279.337890625,104.26472473144531,328.014404296875,30.464824676513672,45.15198516845703,450.9888916015625,39.61361312866211,97.17609405517578
2023-06-30,191.4645233154297,102.65655517578125,130.36000061035156,26.752750396728516,41.928131103515625,95.28507995605469,139.9453125,102.96797180175781,118.71879577636719,301.9793395996094,152.51449584960938,135.8315887451172,284.7455139160156,105.96359252929688,333.3891296386719,30.937145233154297,45.757476806640625,454.9644775390625,39.82823944091797,97.67698669433594
2023-07-03,189.97406005859375,100.96162414550781,130.22000122070312,27.228315353393555,42.56561279296875,95.85527038574219,139.82083129882812,103.20188903808594,118.91716003417969,305.78985595703125,150.5150146484375,136.9242706298828,283.7929382324219,104.99019622802734,330.8926696777344,30.91184425354004,46.083526611328125,452.35198974609375,40.50013732910156,97.86825561523438
2023-07-05,188.858642578125,101.10286712646484,130.3800048828125,27.116416931152344,42.6202507019043,95.66213989257812,139.02037048339844,102.83301544189453,120.75198364257812,299.6479797363281,150.01744079589844,136.0121612548828,292.077880859375,104.41166687011719,331.0493469238281,30.751596450805664,45.9251594543457,446.0477600097656,40.57478713989258,97.36735534667969
2023-07-06,189.33242797851562,100.94278717041016,128.36000061035156,26.370437622070312,41.327064514160156,92.27781677246094,135.9697723388672,100.99751281738281,119.12543487548828,293.0474853515625,148.9025421142578,134.6674346923828,289.7164306640625,102.62095642089844,334.10382080078125,30.05154037475586,45.757476806640625,444.287109375,40.02421188354492,93.73348999023438
2023-07-07,188.21702575683594,100.14241027832031,129.77999877929688,26.60354995727539,41.6549186706543,94.93563079833984,137.16156005859375,104.55154418945312,118.50059509277344,295.0791320800781,146.7371826171875,135.73004150390625,288.267822265625,100.09561157226562,330.1387939453125,29.96719741821289,49.69791793823242,436.9227294921875,39.91222381591797,93.95205688476562
2023-07-10,186.1737518310547,100.7732925415039,127.12999725341797,26.72477912902832,41.59117889404297,95.96562194824219,138.07763671875,104.16462707519531,115.49542999267578,296.2962341308594,146.9767303466797,136.49171447753906,291.81005859375,100.97718811035156,324.86199951171875,30.093719482421875,49.949432373046875,438.3141784667969,39.49230194091797,95.34548950195312
2023-07-11,185.65061950683594,101.22528076171875,128.77999877929688,27.06046485900879,42.374366760253906,98.8073501586914,140.63015747070312,107.61070251464844,116.17976379394531,300.42510986328125,146.1658935546875,138.6262969970703,295.9673767089844,99.82010650634766,325.48858642578125,30.380483627319336,52.21308135986328,438.1627502441406,39.88423538208008,96.51126098632812
2023-07-12,187.3187713623047,100.61322784423828,130.8000030517578,27.377511978149414,43.14845275878906,100.527099609375,141.98207092285156,109.50919342041016,117.9551010131836,305.59326171875,145.65911865234375,139.31275939941406,306.9313659667969,98.69060516357422,330.1192321777344,30.35518455505371,52.79996871948242,427.570556640625,40.369483947753906,96.98483276367188
2023-07-13,188.0788116455078,101.93781280517578,134.3000030517578,27.666576385498047,43.42165756225586,101.6674575805664,140.087646484375,110.28299713134766,123.51911163330078,307.7278747558594,146.3317413330078,139.98980712890625,310.96966552734375,97.63455200195312,335.4645690917969,30.414222717285156,53.48929977416992,423.83148193359375,40.789424896240234,95.20889282226562
2023-07-14,188.22689819335938,102.11759948730469,134.67999267578125,27.14438819885254,41.66402053833008,98.4854736328125,136.59234619140625,107.7330093383789,124.39189147949219,305.3966369628906,147.3084716796875,140.8361358642578,306.4649963378906,98.57120513916016,337.9903869628906,30.633506774902344,53.21915054321289,454.5196533203125,40.64944839477539,91.93022155761719
2023-07-17,191.48428344726562,101.2376708984375,133.55999755859375,27.41480827331543,42.128475189208984,97.88771057128906,136.46780395507812,107.50654602050781,123.62821960449219,306.3423156738281,146.57131958007812,144.23080444335938,308.201416015625,96.94581604003906,338.4701843261719,30.24553108215332,52.64159393310547,458.2207946777344,41.7505989074707,92.33094024658203
2023-07-18,191.22763061523438,101.19036865234375,132.8300018310547,28.62702751159668,42.82060623168945,100.01209259033203,136.74354553222656,111.21147918701172,122.74549865722656,315.770263671875,146.5620880126953,144.4940948486328,309.6202087402344,97.29476165771484,351.941162109375,30.566038131713867,53.079429626464844,473.290283203125,42.55313491821289,91.91200256347656
2023-07-19,192.57994079589844,101.5025863647461,135.36000061035156,29.400985717773438,43.27595520019531,100.68344116210938,137.57957458496094,110.91255187988281,121.0296859741211,318.84124755859375,146.26727294921875,145.04891967773438,313.5494079589844,97.29476165771484,347.6238098144531,30.73472023010254,53.433414459228516,476.7926330566406,43.16903305053711,92.54952239990234
2023-07-20,190.63536071777344,105.80757904052734,129.9600067138672,29.550180435180664,43.1757698059082,102.71585845947266,139.10040283203125,111.86369323730469,118.22289276123047,328.4939880371094,155.14981079101562,146.8355712890625,300.1644287109375,99.59971618652344,339.586181640625,31.013059616088867,53.34025573730469,477.3038024902344,43.98091125488281,94.17975616455078
2023-07-21,189.4607391357422,108.13508605957031,130.0,29.820598602294922,42.84792709350586,103.81945037841797,141.13711547851562,112.87825012207031,119.03616333007812,329.52386474609375,156.8175811767578,145.70713806152344,291.96881103515625,101.3720703125,336.5513000488281,31.544424057006836,52.17582321166992,479.4715270996094,42.88908386230469,94.61691284179688
2023-07-24,190.26026916503906,108.44731903076172,128.8000030517578,30.445358276367188,43.4034423828125,105.50240325927734,143.92091369628906,114.27326202392578,120.53379821777344,336.04962158203125,157.63763427734375,148.57522583007812,289.3393859863281,99.90276336669922,337.8631896972656,31.63719940185547,53.1166877746582,481.50665283203125,43.31834411621094,96.1014175415039
2023-07-25,191.1190185546875,106.84835052490234,129.1300048828125,29.9791202545166,42.88435363769531,106.84510803222656,144.57907104492188,116.40201568603516,121.20821380615234,332.0892028808594,158.84469604492188,147.46559143066406,292.1771545410156,98.74568939208984,343.6098937988281,31.257658004760742,53.91782760620117,483.636474609375,42.441158294677734,96.24713897705078
2023-07-26,191.98768615722656,107.9364013671875,128.14999389648438,30.221561431884766,43.24862289428711,107.44288635253906,143.49398803710938,117.14482879638672,128.21034240722656,334.76690673828125,159.14878845214844,148.34951782226562,296.2452392578125,98.38755798339844,330.6772766113281,31.38416862487793,53.722190856933594,480.86297607421875,43.33700942993164,95.70978546142578
2023-07-27,190.72421264648438,106.58340454101562,128.25,29.79262351989746,43.60380172729492,106.47724151611328,141.9998016357422,116.63752746582031,128.33926391601562,331.91131591796875,160.04257202148438,146.7133331298828,309.2829284667969,96.67032623291016,323.77532958984375,30.872468948364258,53.1166877746582,478.2409362792969,42.71177673339844,96.01034545898438
2023-07-28,193.30050659179688,106.65911865234375,132.2100067138672,29.746000289916992,43.1757698059082,106.61519622802734,141.29718017578125,118.39488220214844,131.4932098388672,330.712890625,160.7705078125,147.55026245117188,322.94573974609375,97.65290069580078,331.2647399902344,30.76160430908203,53.23779296875,476.0448913574219,43.05705642700195,94.86280822753906
2023-07-31,193.91250610351562,105.3344955444336,133.67999267578125,29.839244842529297,43.4034423828125,108.26138305664062,145.55738830566406,120.05259704589844,131.63204956054688,333.18463134765625,154.3665771484375,148.53761291503906,316.1192932128906,97.93757629394531,328.86614990234375,30.753076553344727,54.34632873535156,479.320068359375,43.07571792602539,97.66788482666016
2023-08-01,193.08334350585938,104.57757568359375,131.69000244140625,29.484905242919922,42.86614227294922,107.94866943359375,144.3478240966797,119.34603118896484,130.47166442871094,334.91668701171875,155.6197052001953,147.8041229248047,320.197265625,96.67949676513672,329.2772521972656,30.36930274963379,53.66630172729492,477.7771301269531,42.655784606933594,97.10323333740234
2023-08-02,190.0924530029297,102.77043151855469,128.2100067138672,29.083940505981445,42.17401123046875,106.30249786376953,142.0620880126953,117.79702758789062,127.32762908935547,328.71875,156.55958557128906,146.13031005859375,311.86273193359375,97.06519317626953,320.6229248046875,30.147567749023438,53.53588104248047,477.8338928222656,42.086544036865234,95.8919448852539
2023-08-03,188.70068359375,101.74859619140625,128.91000366210938,29.289087295532227,42.08293914794922,105.75072479248047,142.00869750976562,119.29169464111328,127.39706420898438,330.6474304199219,157.2322235107422,147.0236053466797,310.7513732910156,97.0927505493164,319.80059814453125,29.849069595336914,54.01097106933594,477.8907165527344,42.46273422241211,97.55860137939453
2023-08-04,179.63926696777344,101.85266876220703,139.57000732421875,29.186513900756836,42.11057662963867,104.57355499267578,141.68853759765625,117.57963562011719,127.05984497070312,330.7035827636719,155.75794982910156,146.7133331298828,308.310546875,96.4223861694336,320.8970947265625,29.86612892150879,53.722190856933594,475.87451171875,42.18059539794922,97.83183288574219
2023-08-07,176.5398406982422,102.60958862304688,142.22000122070312,29.72735023498535,42.22113037109375,105.28170013427734,142.20440673828125,115.61392211914062,130.45181274414062,332.8944091796875,159.4989471435547,147.40914916992188,314.09515380859375,97.42333221435547,323.1781311035156,30.429000854492188,54.00164794921875,483.4565734863281,42.37809753417969,97.6314468383789
2023-08-08,177.47755432128906,99.89414978027344,139.94000244140625,29.158538818359375,41.60389709472656,106.30249786376953,141.9909210205078,116.3114242553711,130.32284545898438,326.0597229003906,159.57264709472656,146.5816650390625,310.2056884765625,97.71720123291016,319.2033386230469,30.39488410949707,54.50469207763672,478.8372802734375,41.83261489868164,98.11417388916016
2023-08-09,175.88836669921875,99.62922668457031,137.85000610351562,28.77622413635254,40.94058609008789,107.08421325683594,142.17771911621094,118.49452209472656,128.5971221923828,320.8448486328125,159.47128295898438,144.6163330078125,302.83349609375,97.43253326416016,315.463623046875,30.565452575683594,55.43622970581055,475.2875671386719,41.11785125732422,99.78079986572266
2023-08-10,175.6711883544922,99.09940338134766,138.55999755859375,28.85082244873047,40.84846115112305,106.52323913574219,143.04043579101562,118.71192932128906,128.62692260742188,318.7008056640625,158.64199829101562,144.4000701904297,303.3594055175781,96.94581604003906,316.1488342285156,30.463109970092773,54.886619567871094,476.58447265625,41.07081985473633,100.29083251953125
2023-08-11,175.73049926757812,99.638671875,138.41000366210938,29.177188873291016,41.06035614013672,108.34413146972656,145.9931640625,119.87142181396484,128.4979705810547,319.00982666015625,160.19000244140625,145.23696899414062,299.2913513183594,98.66305541992188,314.2691955566406,30.73602294921875,55.566650390625,480.8724670410156,41.127254486083984,101.84819030761719
2023-08-14,177.3811492919922,100.38614654541016,140.57000732421875,28.84149742126465,40.62736511230469,108.23377227783203,145.88645935058594,119.1014633178711,130.25344848632812,316.2103576660156,159.8122100830078,145.53787231445312,303.8058776855469,100.0129623413086,317.2356262207031,30.76160430908203,55.44554901123047,483.636474609375,41.13665771484375,101.93016052246094
2023-08-15,175.39443969726562,99.28861999511719,137.6699981689453,27.91834831237793,39.80744171142578,106.69127655029297,141.6262664794922,116.98175811767578,128.71615600585938,311.0328369140625,159.35150146484375,141.83290100097656,299.5989074707031,99.78340148925781,315.1013488769531,30.18167495727539,54.337013244628906,479.62298583984375,40.186771392822266,99.31327819824219
2023-08-16,174.524658203125,98.90069580078125,135.07000732421875,27.31223487854004,39.282325744628906,105.8876953125,141.08377075195312,116.49261474609375,127.64501190185547,308.1304626464844,158.84469604492188,141.23109436035156,291.99853515625,99.84767150878906,314.3361511230469,30.2584285736084,53.815345764160156,476.6601867675781,39.70712661743164,97.64212799072266
2023-08-17,171.9844207763672,99.27915954589844,133.97999572753906,27.30291175842285,39.11650085449219,107.81815338134766,143.4453125,117.51620483398438,128.85499572753906,306.6418151855469,160.33743286132812,139.76414489746094,282.8702087402344,100.02216339111328,310.8827819824219,31.1368408203125,53.927127838134766,467.572998046875,39.94224548339844,99.53364562988281
2023-08-18,172.46873474121094,98.1248550415039,133.22000122070312,27.14438819885254,38.92303466796875,108.33537292480469,144.4779510498047,118.33149719238281,126.41517639160156,304.2169189453125,158.9368438720703,140.08384704589844,281.0445251464844,100.2792739868164,310.4903869628906,31.2647647857666,54.05754852294922,471.81365966796875,39.970458984375,101.03950500488281
2023-08-21,173.80307006835938,98.27623748779297,134.67999267578125,27.181686401367188,38.7572135925293,108.26148223876953,143.9930877685547,118.095947265625,127.31770324707031,301.52984619140625,154.2007293701172,140.5634307861328,287.6427307128906,100.68333435058594,315.7881164550781,31.56325912475586,53.5079345703125,471.09423828125,39.961055755615234,99.81826782226562
2023-08-22,175.17698669433594,99.48731231689453,134.25,26.519634246826172,37.789894104003906,107.28241729736328,142.8077850341797,117.07234191894531,128.02191162109375,298.4683532714844,152.97525024414062,137.6483612060547,285.36065673828125,98.47020721435547,316.3572082519531,31.41828155517578,52.54844284057617,466.0395812988281,39.02997970581055,99.25817108154297
2023-08-23,179.02191162109375,99.4683609008789,135.52000427246094,26.528959274291992,37.845176696777344,106.96836853027344,142.99635314941406,116.75529479980469,131.28494262695312,301.78265380859375,151.60231018066406,138.57928466796875,291.94891357421875,102.20772552490234,320.8113098144531,31.2647647857666,53.927127838134766,463.29443359375,39.13343048095703,98.38587188720703
2023-08-24,174.3368377685547,98.1626968383789,131.83999633789062,26.687477111816406,37.845176696777344,106.03548431396484,141.820068359375,113.8475112915039,128.71615600585938,299.5636901855469,152.11830139160156,138.44764709472656,284.51727294921875,100.50885009765625,313.9142761230469,30.838354110717773,52.90243911743164,462.0260009765625,38.96414566040039,97.65129852294922
2023-08-25,176.54098510742188,98.59793090820312,133.25999450683594,26.575580596923828,37.9925651550293,107.6241683959961,142.87962341308594,115.11570739746094,128.8153533935547,299.7416076660156,154.29937744140625,138.27838134765625,283.27703857421875,101.20677185058594,316.8673095703125,31.025985717773438,52.59502029418945,462.9915466308594,38.77605056762695,99.39590454101562
2023-08-28,178.1027069091797,97.25439453125,133.13999938964844,26.818023681640625,38.06626892089844,108.54782104492188,143.85838317871094,115.42369079589844,129.93606567382812,305.1906433105469,152.48025512695312,138.7579803466797,287.9998779296875,100.03131866455078,317.57373046875,30.880992889404297,53.87124252319336,465.0361022949219,39.38736343383789,100.23147583007812
2023-08-29,181.98716735839844,98.27623748779297,134.91000366210938,27.200334548950195,38.43477249145508,108.67713165283203,143.63389587402344,115.8132095336914,133.46693420410156,311.3511657714844,152.49880981445312,139.88636779785156,295.66973876953125,101.0047378540039,322.194580078125,30.829830169677734,54.23454666137695,466.5033264160156,39.500213623046875,100.82830810546875
2023-08-30,185.4762725830078,98.78714752197266,135.07000732421875,27.079116821289062,38.112335205078125,109.63773345947266,143.83143615722656,115.74073791503906,134.7661590576172,310.199462890625,151.96051025390625,139.32217407226562,292.8022766113281,101.20677185058594,322.5673828125,30.616619110107422,54.96114730834961,465.2728271484375,39.067596435546875,101.810791015625
2023-08-31,185.69375610351562,97.35848236083984,138.00999450683594,26.956884384155273,38.03863525390625,109.9425277709961,144.65756225585938,116.51072692871094,135.05381774902344,309.3780822753906,150.05787658691406,137.60133361816406,293.5861511230469,100.07726287841797,321.5569152832031,30.17314910888672,54.92388153076172,451.1214294433594,38.83247375488281,102.09545135498047
2023-09-01,187.26531982421875,97.31117248535156,138.1199951171875,27.248361587524414,38.315006256103516,112.81510162353516,147.5309295654297,118.64852905273438,134.54795837402344,309.0854797363281,148.9441375732422,138.06210327148438,294.07232666015625,100.8669662475586,322.4398193359375,30.5142822265625,56.00447463989258,450.7995300292969,39.17105484008789,104.23484802246094
2023-09-05,187.50254821777344,95.447265625,137.27000427246094,26.93808364868164,38.10312271118164,113.45243072509766,149.4705047607422,120.83162689208984,134.6571044921875,305.6396179199219,149.1297607421875,136.53871154785156,297.8128967285156,98.72733306884766,327.2372741699219,30.17314910888672,56.32252502441406,455.12542724609375,39.067596435546875,104.24402618408203
2023-09-06,180.7911834716797,96.09064483642578,135.36000061035156,26.693613052368164,38.112335205078125,113.6740951538086,149.62313842773438,120.58704376220703,133.3577880859375,303.16619873046875,146.65167236328125,136.3130340576172,296.84063720703125,97.79064178466797,326.58001708984375,29.31178855895996,57.06151580810547,451.462158203125,38.578556060791016,105.14387512207031
2023-09-07,175.50315856933594,95.24856567382812,137.85000610351562,26.44915008544922,37.52272415161133,112.41793060302734,149.63211059570312,119.16487884521484,134.1512451171875,303.9497985839844,148.52650451660156,135.1470184326172,296.3444519042969,99.12220764160156,323.6661682128906,29.235034942626953,56.90249252319336,458.9117736816406,38.02366256713867,104.62968444824219
2023-09-08,176.115966796875,95.30534362792969,138.22999572753906,26.665409088134766,37.39375686645508,113.35081481933594,150.14393615722656,120.23377990722656,135.26206970214844,307.31060791015625,149.0183868408203,135.25047302246094,295.570556640625,100.14154052734375,327.9436340332031,29.209453582763672,56.28510665893555,456.8592224121094,38.55973434448242,106.1539077758789
2023-09-11,177.2823028564453,96.93270874023438,143.10000610351562,26.778236389160156,37.39375686645508,111.24491119384766,147.04605102539062,117.91478729248047,135.79763793945312,306.48931884765625,150.96742248535156,135.84291076660156,305.16522216796875,99.72828674316406,331.544189453125,28.945064544677734,56.84636688232422,455.538330078125,38.87010192871094,104.822509765625
2023-09-12,174.25775146484375,96.88539123535156,141.22999572753906,27.23896026611328,38.39793014526367,113.68334197998047,149.78477478027344,121.46572875976562,134.23060607910156,312.38970947265625,151.8212890625,137.61074829101562,299.3111877441406,100.11398315429688,325.4909362792969,29.124164581298828,58.090492248535156,456.0324401855469,40.00807571411133,107.880126953125
2023-09-13,172.1919708251953,97.15978240966797,144.85000610351562,27.154335021972656,39.03358840942383,112.97212219238281,149.2370147705078,120.3968276977539,135.58935546875,316.2414245605469,152.2018585205078,137.67657470703125,302.6846923828125,99.00282287597656,329.6997985839844,29.064468383789062,56.70604705810547,455.9754333496094,39.7353401184082,106.91602325439453
2023-09-14,173.70425415039062,97.1219482421875,144.72000122070312,27.455217361450195,39.742958068847656,114.99493408203125,150.161865234375,121.98204803466797,136.9679412841797,325.2949523925781,151.96978759765625,140.34715270996094,309.2928466796875,100.0753173828125,332.289794921875,29.124164581298828,57.62277603149414,459.5484924316406,40.48772048950195,108.82588195800781
2023-09-15,172.98269653320312,96.26094055175781,140.38999938964844,27.116727828979492,39.34680938720703,114.13593292236328,149.5063934326172,119.73553466796875,136.273681640625,323.3785095214844,149.8444061279297,139.9333953857422,297.9716491699219,99.40963745117188,323.97027587890625,29.05594253540039,56.668636322021484,462.4942932128906,40.393680572509766,107.15474700927734
2023-09-18,175.9084014892578,95.56079864501953,139.97999572753906,27.041507720947266,39.282325744628906,114.9764633178711,150.1529083251953,119.46379852294922,137.0770721435547,324.11492919921875,150.79110717773438,140.2248992919922,300.1942443847656,99.68701171875,322.8322448730469,28.689218521118164,57.257965087890625,461.8861083984375,40.84511184692383,108.01787567138672
2023-09-19,176.99566650390625,95.24856567382812,137.6300048828125,26.93808364868164,39.31917953491211,113.75724792480469,150.13494873046875,116.85494232177734,136.908447265625,322.764892578125,150.54051208496094,140.04624938964844,302.6946105957031,99.26168823242188,322.4300231933594,28.987712860107422,56.528324127197266,456.7546691894531,40.64760971069336,107.73321533203125
2023-09-20,173.4571075439453,94.87957000732422,135.2899932861328,26.844051361083984,38.9691047668457,111.91915893554688,149.67701721191406,113.6844482421875,132.64370727539062,317.8652038574219,151.199462890625,139.4538116455078,297.3366394042969,99.21546173095703,314.6990966796875,28.672164916992188,55.92964553833008,467.6542053222656,40.318443298339844,106.8792953491211
2023-09-21,171.91519165039062,93.6022720336914,129.3300018310547,26.373931884765625,38.42555236816406,109.97947692871094,148.33009338378906,111.0484390258789,129.37074279785156,311.7665710449219,150.039306640625,138.36302185058594,293.42730712890625,98.67922973632812,313.48260498046875,28.015485763549805,55.02227020263672,476.2160949707031,39.80118179321289,105.3734359741211
2023-09-22,172.76524353027344,92.8642807006836,129.1199951171875,25.98843002319336,37.69776916503906,110.06261444091797,149.30885314941406,111.07559967041016,129.1822967529297,309.5480651855469,148.9626922607422,137.037109375,296.751220703125,98.31863403320312,311.0103454589844,27.879032135009766,55.22806930541992,480.9294128417969,38.77605056762695,105.53871154785156
2023-09-25,174.04031372070312,92.22090148925781,131.27000427246094,25.950820922851562,37.789894104003906,111.8267822265625,151.49082946777344,113.82034301757812,130.03526306152344,310.44488525390625,148.73992919921875,137.71417236328125,298.4876403808594,97.8563461303711,311.5302734375,28.12635040283203,55.97641372680664,484.90155029296875,39.08641052246094,106.72319793701172
2023-09-26,169.9680633544922,91.04767608642578,125.9800033569336,25.5465145111084,37.05289077758789,110.96780395507812,150.67372131347656,114.93453216552734,127.51608276367188,305.7057189941406,147.58909606933594,136.28485107421875,296.6322021484375,97.44029998779297,306.2325134277344,27.6317138671875,55.312259674072266,480.311767578125,38.230567932128906,106.88848114013672
2023-09-27,168.4557647705078,90.38536071777344,125.9800033569336,25.64053726196289,37.27398681640625,114.26321411132812,153.58299255371094,117.58866119384766,129.4699249267578,303.9402770996094,145.81637573242188,137.08413696289062,295.421630859375,96.09968566894531,306.8702087402344,27.375864028930664,56.87443542480469,478.67730712890625,38.42807388305664,110.36847686767578
2023-09-28,168.71275329589844,92.83589172363281,125.9800033569336,25.9132080078125,37.95571517944336,113.91975402832031,153.17897033691406,117.28069305419922,131.2254180908203,307.0085144042969,145.6029052734375,138.78619384765625,301.5932312011719,96.43252563476562,307.7041015625,27.36733627319336,57.00539016723633,484.7304992675781,38.475093841552734,109.69818115234375
2023-09-29,169.2267303466797,91.63427734375,127.12000274658203,25.74396324157715,37.891231536865234,111.20915985107422,151.41001892089844,114.8258285522461,129.78732299804688,305.4697265625,144.5541229248047,136.3694610595703,297.8724365234375,95.18435668945312,309.7741394042969,28.288389205932617,54.535850524902344,479.1144104003906,38.42807388305664,107.9627685546875
2023-10-02,171.73728942871094,90.57461547851562,129.4600067138672,25.104597091674805,37.31084442138672,108.70275115966797,149.5423126220703,112.0177001953125,133.07017517089844,300.68328857421875,143.9972686767578,135.19407653808594,304.4310302734375,94.81452178955078,315.70965576171875,28.945064544677734,54.19908905029297,488.9781799316406,37.252471923828125,106.17227172851562
2023-10-03,170.40292358398438,90.63136291503906,124.72000122070312,24.361799240112305,36.72123718261719,109.16690826416016,149.89251708984375,112.5430908203125,131.3444366455078,288.9958190917969,144.17361450195312,134.197265625,298.59674072265625,94.09336853027344,307.4588623046875,28.91095733642578,54.82583236694336,484.1318664550781,36.36841583251953,106.35592651367188
2023-10-04,171.6483612060547,90.49891662597656,127.0,24.390012741088867,36.67517852783203,105.20311737060547,146.39952087402344,108.12251281738281,134.1313934326172,291.3371276855469,144.34068298339844,134.79908752441406,303.20062255859375,94.46319580078125,312.9233703613281,28.407787322998047,52.22531509399414,485.224609375,36.65056610107422,102.38008117675781
2023-10-05,172.88388061523438,91.019287109375,125.95999908447266,24.50284194946289,36.73966598510742,105.28665161132812,147.17176818847656,107.30725860595703,133.96279907226562,293.130859375,145.84423828125,135.36746215820312,302.4167785644531,95.78531646728516,313.3157958984375,28.54424285888672,51.823089599609375,490.55560302734375,36.96091842651367,100.07537841796875
2023-10-06,175.43397521972656,91.66265869140625,127.95999908447266,24.512243270874023,37.37533187866211,107.05970001220703,145.6721954345703,109.31824493408203,136.4522247314453,295.0000305175781,146.30828857421875,137.45150756835938,312.9739074707031,96.04420471191406,321.0663757324219,28.254276275634766,52.10371780395508,498.7088928222656,37.327701568603516,98.40423583984375
2023-10-09,176.91661071777344,91.54911804199219,128.25999450683594,24.737899780273438,37.53194808959961,113.08429718017578,149.70396423339844,115.26063537597656,137.28533935546875,295.122802734375,147.1436004638672,137.138916015625,315.881103515625,96.61743927001953,323.5779113769531,28.313976287841797,54.47971725463867,500.3243103027344,37.33711242675781,101.84751892089844
2023-10-10,176.32354736328125,92.30604553222656,129.47999572753906,25.396072387695312,38.17681884765625,111.75684356689453,149.5423126220703,114.78052520751953,136.92828369140625,297.16192626953125,146.97653198242188,137.97250366210938,319.33404541015625,95.7945556640625,322.17498779296875,28.288389205932617,54.835182189941406,498.167236328125,37.449974060058594,101.41596221923828
2023-10-11,177.71722412109375,87.65100860595703,131.8300018310547,25.405479431152344,38.25973129272461,111.43193054199219,144.65756225585938,115.37841796875,139.3978729248047,295.5097961425781,144.95323181152344,138.44613647460938,325.26751708984375,95.65587615966797,326.128662109375,28.237224578857422,54.96614456176758,498.0627136230469,37.327701568603516,97.77986145019531
2023-10-12,178.61669921875,85.80532836914062,132.3300018310547,25.292646408081055,38.25973129272461,112.4251937866211,144.77427673339844,116.81871032714844,137.83082580566406,292.5171813964844,145.0924530029297,138.12405395507812,321.635986328125,95.77607727050781,324.89251708984375,28.075185775756836,54.601322174072266,499.4026184082031,37.37473678588867,97.76150512695312
2023-10-13,176.7782440185547,86.45226287841797,129.7899932861328,25.161012649536133,38.1676139831543,115.90631103515625,147.31544494628906,121.23926544189453,136.23402404785156,291.9979553222656,145.5750732421875,140.19863891601562,312.23974609375,96.16439056396484,321.5274353027344,27.38439178466797,55.15322494506836,512.5732421875,38.522117614746094,100.88340759277344
2023-10-16,176.6497039794922,87.69859313964844,132.5500030517578,25.377269744873047,37.725406646728516,116.32402038574219,148.51866149902344,122.16439819335938,137.9597625732422,296.80322265625,146.20616149902344,140.05653381347656,318.6494140625,96.28459167480469,326.34454345703125,28.37367820739746,55.61159133911133,511.2713928222656,39.17105484008789,100.95685577392578
2023-10-17,175.097900390625,87.6605224609375,131.47000122070312,25.969627380371094,37.95571517944336,116.46327209472656,150.48513793945312,122.41051483154297,138.57470703125,292.0545654296875,144.8696746826172,139.75341796875,321.47723388671875,96.31232452392578,325.7754211425781,27.930204391479492,56.35059356689453,509.96002197265625,39.481407165527344,102.27908325195312
2023-10-18,173.80307006835938,90.91426086425781,128.1300048828125,25.678150177001953,37.283203125,117.5122299194336,151.67941284179688,123.74124145507812,136.82908630371094,285.0685729980469,141.751220703125,138.2188262939453,314.501953125,94.2967758178711,323.86236572265625,26.78740882873535,56.67799377441406,509.3994140625,39.058189392089844,103.71147918701172
2023-10-19,173.427490234375,90.80009460449219,128.39999389648438,25.34906005859375,36.90549087524414,117.31729888916016,151.84104919433594,124.16962432861328,136.62083435058594,282.4534912109375,141.3707275390625,137.63150024414062,310.3742980957031,92.85443878173828,325.0494689941406,26.599788665771484,56.09803009033203,505.189697265625,38.729026794433594,103.77574920654297
2023-10-20,170.87738037109375,92.07494354248047,125.16999816894531,24.737899780273438,36.55541229248047,115.16366577148438,149.80271911621094,121.43521881103516,134.4884490966797,283.265380859375,142.00184631347656,135.41482543945312,306.2467346191406,94.92546844482422,320.4874572753906,26.13925552368164,54.451656341552734,500.8184814453125,37.87318801879883,101.99443817138672
2023-10-23,170.9959716796875,91.12357330322266,126.55999755859375,24.042118072509766,35.82761764526367,112.63871765136719,144.2803955078125,119.98597717285156,135.38107299804688,282.4818115234375,140.50755310058594,133.56761169433594,311.56500244140625,95.5541763305664,323.08734130859375,26.30129623413086,55.04098129272461,495.6300048828125,37.130210876464844,100.49774932861328
2023-10-24,171.430908203125,90.20072937011719,128.55999755859375,23.94809341430664,35.86446762084961,111.34839630126953,140.66172790527344,118.43648529052734,137.67213439941406,282.4441223144531,140.3590545654297,133.72865295410156,310.1163635253906,95.2583236694336,324.2744140625,25.951637268066406,53.31978225708008,498.8895263671875,36.942108154296875,99.52445220947266
2023-10-25,169.11801147460938,89.02101135253906,121.38999938964844,24.0233097076416,35.569671630859375,111.77540588378906,139.96131896972656,118.24507904052734,124.5803451538086,280.1594543457031,140.6746368408203,132.999267578125,297.1977233886719,95.81305694580078,334.2225646972656,26.207487106323242,52.964317321777344,503.8403625488281,36.70698928833008,99.70809173583984
2023-10-26,164.95675659179688,89.41107940673828,119.56999969482422,24.559253692626953,36.2421875,109.82599639892578,138.95567321777344,116.61355590820312,121.27764129638672,280.3765869140625,138.2893524169922,133.3402557373047,286.1047668457031,97.58822631835938,321.6843566894531,26.574201583862305,52.262733459472656,502.0823059082031,37.29008865356445,98.79906463623047
2023-10-27,166.27134704589844,88.33600616455078,127.73999786376953,23.666019439697266,35.22880554199219,109.35256958007812,129.6171417236328,114.83618927001953,121.16854858398438,273.6926574707031,135.13377380371094,128.53753662109375,294.4195556640625,95.06415557861328,323.56805419921875,25.678733825683594,52.22531509399414,498.5662841796875,36.453060150146484,96.91675567626953
2023-10-30,168.31739807128906,88.47871398925781,132.7100067138672,24.154949188232422,35.86446762084961,109.6681900024414,131.1794891357422,114.343994140625,123.43977355957031,284.0018005371094,136.4609375,130.1763153076172,300.3033752441406,94.9347152709961,330.9261169433594,26.05397605895996,52.758522033691406,503.63128662109375,37.083187103271484,97.2197494506836
2023-10-31,168.79183959960938,89.953369140625,133.08999633789062,24.76610565185547,36.380374908447266,110.2808609008789,130.8562469482422,115.07316589355469,123.0628890991211,286.626220703125,137.67677307128906,131.72987365722656,298.9241943359375,94.95321655273438,331.7109680175781,26.0625,52.0662956237793,508.9242858886719,37.40294647216797,97.19221496582031
2023-11-01,171.9547576904297,90.39099884033203,137.0,24.822525024414062,36.48170852661133,108.30359649658203,129.2848663330078,113.22288513183594,125.4134521484375,289.9776611328125,138.00164794921875,131.61619567871094,309.42181396484375,95.0918960571289,339.5203552246094,26.01986312866211,52.253387451171875,505.1611022949219,37.252471923828125,96.9993896484375
2023-11-02,175.5130615234375,91.29481506347656,138.07000732421875,25.969627380371094,38.09390640258789,113.26994323730469,133.57701110839844,117.26069641113281,126.44493865966797,296.20843505859375,139.44024658203125,133.96548461914062,308.44940185546875,95.0918960571289,341.727783203125,26.011333465576172,53.65653991699219,509.4659729003906,38.43854904174805,100.1855697631836
2023-11-03,174.60369873046875,91.18063354492188,138.60000610351562,26.721824645996094,39.43773651123047,111.1627426147461,132.5443572998047,116.81407928466797,128.04173278808594,309.2931213378906,140.4611358642578,135.46218872070312,312.1504211425781,95.5819091796875,346.1229553222656,26.659482955932617,53.19816589355469,504.4959411621094,39.49178695678711,98.96435546875
2023-11-06,177.15379333496094,90.38148498535156,139.74000549316406,26.6372013092041,39.23242950439453,109.97452545166016,131.99664306640625,115.22811889648438,129.1822967529297,305.7906799316406,140.79531860351562,136.4852752685547,313.341064453125,96.46949005126953,349.7823486328125,26.59126091003418,52.833351135253906,506.9286804199219,39.22610855102539,97.21058654785156
2023-11-07,179.71385192871094,90.19121551513672,142.7100067138672,26.477359771728516,39.157772064208984,106.98542785644531,129.6709747314453,111.78276062011719,129.8964080810547,305.8283996582031,140.05276489257812,136.41896057128906,316.3375549316406,96.15515899658203,353.7066345214844,26.650955200195312,49.88673782348633,511.0814514160156,38.94145202636719,95.68634033203125
2023-11-08,180.7714385986328,90.1341323852539,142.0800018310547,26.223493576049805,39.02712631225586,106.24279022216797,127.86613464355469,110.4793472290039,130.75927734375,306.4043273925781,139.54232788085938,137.0915069580078,317.2900695800781,96.52497100830078,356.3262023925781,26.284238815307617,49.5125617980957,510.0360107421875,38.88451385498047,94.51105499267578
2023-11-09,180.2969970703125,89.00198364257812,140.60000610351562,25.885005950927734,38.72850036621094,105.96430969238281,127.4531021118164,110.56138610839844,129.1724090576172,302.83575439453125,136.82293701171875,136.68417358398438,318.0540466308594,94.65734100341797,353.86358642578125,25.65328025817871,49.33483123779297,512.1931762695312,38.33418273925781,94.53858947753906
2023-11-10,184.4834747314453,89.40155029296875,143.55999755859375,26.02604103088379,39.26976776123047,107.31961059570312,128.3599853515625,111.83744049072266,131.5031280517578,307.30120849609375,136.6651611328125,138.71139526367188,326.2100830078125,93.74201202392578,362.67364501953125,25.48041343688965,49.858665466308594,514.293212890625,38.79912185668945,95.26396942138672
2023-11-13,182.8999481201172,91.13306427001953,142.58999633789062,26.044841766357422,39.848358154296875,107.62748718261719,129.30284118652344,112.16556549072266,131.00723266601562,308.6228332519531,137.0178680419922,138.0956573486328,326.62677001953125,94.74057006835938,359.7402648925781,25.048248291015625,50.51348114013672,515.5855712890625,38.68524932861328,96.26480865478516
2023-11-14,185.51278686523438,92.36036682128906,145.8000030517578,27.474018096923828,41.397491455078125,107.7954330444336,130.24566650390625,114.043212890625,132.52468872070312,319.7722473144531,137.0457000732422,140.61544799804688,333.69134521484375,94.46319580078125,363.2623291015625,25.290260314941406,50.84086990356445,513.58056640625,39.92827606201172,96.63545989990234
2023-11-15,186.07691955566406,93.23563385009766,143.1999969482422,27.850116729736328,41.88276672363281,107.3196029663086,130.70359802246094,112.17467498779297,133.51649475097656,318.71490478515625,138.103759765625,141.84693908691406,330.1194152832031,93.70503234863281,363.4097900390625,26.094087600708008,50.214134216308594,511.6324768066406,40.649410247802734,96.05169677734375
2023-11-16,187.7594757080078,95.3857650756836,142.8300018310547,27.77490234375,41.686790466308594,104.48336791992188,128.6348419189453,110.01449584960938,135.80755615234375,317.8368835449219,139.31031799316406,143.46676635742188,331.5878601074219,94.2967758178711,369.7997131347656,25.731069564819336,48.74550247192383,512.9724731445312,40.35525894165039,94.93978881835938
2023-11-17,187.7396697998047,94.71029663085938,145.17999267578125,28.188610076904297,42.33071517944336,106.90909576416016,131.07565307617188,113.0223617553711,134.20083618164062,320.2159423828125,139.02255249023438,144.7645721435547,332.4312744140625,94.07487487792969,363.5867919921875,25.860721588134766,49.437721252441406,509.61798095703125,40.763267517089844,97.25628662109375
2023-11-20,189.48155212402344,96.28006744384766,146.1300048828125,28.216814041137695,42.23739242553711,107.65547943115234,131.00303649902344,114.14347076416016,135.13314819335938,320.4613342285156,140.24813842773438,145.20977783203125,337.3228759765625,94.9347152709961,371.0482177734375,25.912578582763672,49.33483123779297,508.4871520996094,40.60197067260742,96.83004760742188
2023-11-21,188.6798858642578,96.95556640625,143.89999389648438,27.88772964477539,42.07874298095703,107.45023345947266,130.69454956054688,113.25023651123047,135.8472442626953,316.23199462890625,141.3801727294922,144.90664672851562,334.35614013671875,94.50016784667969,366.75225830078125,26.189163208007812,49.31611633300781,512.7538452148438,40.42168045043945,96.79298400878906
2023-11-22,189.343017578125,97.70716094970703,146.7100067138672,27.85952377319336,42.01342010498047,107.15167236328125,130.95767211914062,112.26582336425781,137.35476684570312,319.6966552734375,141.09950256347656,145.24766540527344,338.8310546875,94.01016235351562,371.4512939453125,26.206451416015625,49.129032135009766,516.7163696289062,40.59248352050781,96.37602233886719
2023-11-24,188.01681518554688,97.86888885498047,146.74000549316406,27.95354461669922,42.20939254760742,107.74877166748047,131.474853515625,112.5666275024414,135.5695343017578,320.1781921386719,142.67120361328125,145.4466094970703,335.5964050292969,94.18582153320312,371.0383605957031,26.362030029296875,49.203857421875,519.8901977539062,40.725318908691406,96.8949203491211
2023-11-27,187.83865356445312,97.71666717529297,147.72999572753906,27.793703079223633,42.06941223144531,107.10502624511719,130.9849090576172,112.11088562011719,135.29183959960938,318.8187255859375,141.5298309326172,145.11502075195312,332.0939025878906,93.77900695800781,372.1983337402344,26.05086898803711,49.15709686279297,516.5548706054688,40.82020568847656,96.32968139648438
2023-11-28,188.4423370361328,97.09825134277344,147.02999877929688,27.7654972076416,41.86410140991211,107.2729721069336,132.02833557128906,112.69422149658203,136.07533264160156,318.7620544433594,141.85728454589844,145.4466094970703,336.3504943847656,92.62330627441406,376.2191162109375,25.661922454833984,48.932586669921875,513.647216796875,41.15230941772461,96.27408599853516
2023-11-29,187.42294311523438,98.59192657470703,146.32000732421875,28.49888801574707,42.69466018676758,106.3306655883789,130.5765838623047,112.32963562011719,133.88345336914062,323.86376953125,142.30633544921875,146.1855010986328,329.6133728027344,93.50163269042969,372.4343566894531,25.999011993408203,48.52099609375,508.37310791015625,41.541343688964844,94.82858276367188
2023-11-30,187.99697875976562,99.21986389160156,146.08999633789062,28.896944046020508,43.02128982543945,107.82341766357422,130.29530334472656,112.17467498779297,131.44361877441406,325.0821228027344,144.69200134277344,147.8527069091797,324.6026916503906,94.74981689453125,372.4932861328125,26.336097717285156,48.680023193359375,525.4684448242188,42.3099250793457,95.19922637939453
2023-12-01,189.27371215820312,99.7811508178711,147.02999877929688,29.342388153076172,44.075828552246094,107.50621032714844,131.39320373535156,112.65777587890625,130.77911376953125,331.6401062011719,148.17225646972656,148.57266235351562,322.29083251953125,95.65587615966797,368.1678466796875,24.987747192382812,49.00741958618164,521.7210693359375,42.71793746948242,95.4308853149414
2023-12-04,187.48231506347656,100.07610321044922,144.83999633789062,29.20970344543457,44.206478118896484,106.85313415527344,131.4476318359375,112.11088562011719,128.21034240722656,332.5538330078125,148.64002990722656,149.6620635986328,317.5281677246094,97.13519287109375,362.8887939453125,25.307552337646484,48.67066955566406,522.7890625,42.81282424926758,94.91197967529297
2023-12-05,191.43130493164062,99.27692413330078,146.8800048828125,28.982240676879883,43.58122253417969,105.5562973022461,129.6238555908203,111.15383911132812,129.916259765625,325.281982421875,148.331298828125,149.64312744140625,315.8116760253906,98.2169418334961,366.2114562988281,25.143327713012695,47.5709228515625,524.6769409179688,42.21504211425781,93.06803131103516
2023-12-06,190.34263610839844,99.83824157714844,144.52000427246094,28.934858322143555,44.663753509521484,103.11190795898438,129.32443237304688,109.14861297607422,128.95419311523438,325.49139404296875,146.5256805419922,148.07061767578125,314.978271484375,97.66218566894531,362.55450439453125,24.8840274810791,46.17979431152344,523.98095703125,42.22452163696289,91.83566284179688
2023-12-07,192.27256774902344,98.99150848388672,146.8800048828125,29.058063507080078,45.261009216308594,103.41979217529297,129.22462463378906,107.87254333496094,135.80755615234375,328.01373291015625,145.38427734375,148.52528381347656,324.0469970703125,96.04420471191406,364.6680908203125,24.745737075805664,45.55003356933594,522.779541015625,43.07851028442383,91.19630432128906
2023-12-08,193.69775390625,99.42915344238281,147.4199981689453,29.342388153076172,45.62496566772461,104.55801391601562,130.9395294189453,108.42853546142578,133.88345336914062,333.9244384765625,144.4674530029297,150.16412353515625,330.1590576171875,95.92401123046875,367.8925476074219,24.875383377075195,45.86961364746094,524.2097778320312,43.742713928222656,92.24337005615234
2023-12-11,191.1937713623047,101.05601501464844,145.88999938964844,29.238136291503906,44.93439483642578,104.64197540283203,130.975830078125,108.64729309082031,132.1973876953125,334.80963134765625,145.06622314453125,150.71353149414062,322.7472839355469,96.49724578857422,365.01214599609375,24.754379272460938,46.1985969543457,518.4028930664062,43.64781951904297,92.30823516845703
2023-12-12,192.7080535888672,101.49365234375,147.47999572753906,29.13388442993164,44.85040283203125,103.61572265625,129.29721069335938,107.25275421142578,131.43370056152344,335.6186828613281,145.0756072998047,152.0586700439453,331.61761474609375,96.48799133300781,368.0400390625,24.702516555786133,46.09519958496094,520.3480834960938,44.09379577636719,90.85346221923828
2023-12-13,195.92466735839844,102.03594207763672,148.83999633789062,30.365962982177734,46.04491424560547,104.35275268554688,131.21173095703125,107.99104309082031,131.4833221435547,345.2510681152344,145.74917602539062,152.5702362060547,332.1335754394531,99.03054809570312,368.0301818847656,23.043006896972656,46.2361946105957,523.485107421875,45.31782531738281,91.65960693359375
2023-12-14,196.07310485839844,103.32030487060547,147.4199981689453,32.16668701171875,46.88481140136719,107.24497985839844,136.03880310058594,111.33287048339844,130.8584747314453,364.99163818359375,146.7595672607422,155.3457794189453,330.57586669921875,98.60218048095703,359.7331237792969,22.584911346435547,49.27223587036133,509.40179443359375,47.92720413208008,94.12437438964844
2023-12-15,195.5386505126953,102.0739974975586,149.97000122070312,31.844446182250977,46.502197265625,106.86245727539062,135.51258850097656,110.88052368164062,131.5130157470703,362.17425537109375,145.15977478027344,156.52041625976562,332.3121643066406,97.88511657714844,364.4517822265625,23.017072677612305,49.056053161621094,506.4269104003906,47.73743438720703,93.4942855834961
2023-12-18,193.8759307861328,102.80654907226562,154.07000732421875,31.683340072631836,46.34354782104492,107.19832611083984,135.8119659423828,112.27450561523438,134.68679809570312,358.2622985839844,145.42172241210938,157.46771240234375,341.93670654296875,98.75119018554688,366.3393249511719,23.38873863220215,49.14064025878906,502.0693664550781,47.120670318603516,94.1892318725586
2023-12-19,194.91514587402344,103.1490707397461,153.7899932861328,31.759153366088867,47.52872848510742,108.68175506591797,137.59039306640625,113.11458587646484,135.5298614501953,364.02081298828125,146.37599182128906,159.5706787109375,347.6319274902344,99.17024230957031,366.9389953613281,24.339500427246094,49.798614501953125,499.676025390625,47.5286865234375,95.4308853149414
2023-12-20,192.82684326171875,102.17864227294922,152.1199951171875,31.25684928894043,46.72616195678711,108.86833953857422,136.3291778564453,112.09909057617188,137.20596313476562,359.3283386230469,143.39158630371094,157.77084350585938,346.5603942871094,98.117919921875,364.3437194824219,23.881404876708984,49.39442825317383,491.9430847167969,46.817039489746094,93.83712005615234
2023-12-21,192.67835998535156,103.2061538696289,153.83999633789062,31.465351104736328,47.22076416015625,108.99897003173828,136.74658203125,111.77598571777344,139.26895141601562,362.2314147949219,144.8603973388672,158.67076110839844,351.3329162597656,99.07711029052734,367.2142639160156,24.469148635864258,49.42262649536133,495.70941162109375,46.921409606933594,94.26335144042969
2023-12-22,191.60946655273438,103.72940063476562,153.4199981689453,31.683340072631836,47.46340560913086,109.7733154296875,137.0550537109375,112.87454223632812,140.33018493652344,362.3074951171875,145.44044494628906,158.57601928710938,350.6384582519531,100.29707336425781,368.23663330078125,24.546937942504883,49.892601013183594,496.11944580078125,46.665218353271484,94.43014526367188
2023-12-26,191.0651397705078,103.91968536376953,153.41000366210938,32.09086227416992,47.911346435546875,111.04214477539062,138.2890625,114.74856567382812,140.3599395751953,363.2212829589844,146.0766143798828,159.5138397216797,352.0671691894531,100.23188018798828,368.3152770996094,24.55558204650879,50.456573486328125,495.85247802734375,47.10169982910156,94.64327239990234
2023-12-27,191.16407775878906,104.45246124267578,153.33999633789062,32.07191467285156,48.02333450317383,110.54769897460938,137.8353729248047,114.72087097167969,139.2193603515625,365.9530029296875,146.27308654785156,160.4705810546875,355.0437927246094,100.55783081054688,367.7352294921875,24.72844886779785,49.845611572265625,498.484130859375,46.80754852294922,94.19850158691406
2023-12-28,191.5896759033203,105.03280639648438,153.3800048828125,32.10982894897461,48.0793342590332,108.69107055664062,135.89366149902344,112.00678253173828,139.08047485351562,367.78997802734375,146.48825073242188,161.32318115234375,355.5299987792969,101.29351806640625,368.9247741699219,24.8840274810791,49.10304641723633,500.49603271484375,46.94987869262695,92.83639526367188
2023-12-29,190.55047607421875,104.71884155273438,151.94000244140625,31.910789489746094,48.004669189453125,108.28990173339844,135.3401336669922,111.65597534179688,138.54493713378906,367.1808166503906,146.63795471191406,161.1337127685547,351.2039489746094,101.5263442993164,369.6719665527344,24.8840274810791,48.91505432128906,501.9930419921875,46.70317077636719,92.64180755615234
2024-01-02,183.73129272460938,104.50952911376953,149.92999267578125,32.128780364990234,49.4978141784668,109.70801544189453,135.63050842285156,112.25603485107422,137.03738403320312,369.58880615234375,149.65977478027344,163.00933837890625,343.5936584472656,105.45626831054688,364.5894470214844,25.696496963500977,48.8586540222168,514.2647094726562,46.80754852294922,94.84711456298828
2024-01-03,182.35562133789062,104.19557189941406,148.47000122070312,31.778106689453125,50.05774688720703,111.89116668701172,138.21644592285156,115.3763198852539,137.78125,363.3925476074219,150.59532165527344,162.2988739013672,341.787841796875,106.88111114501953,364.3240661621094,25.696496963500977,49.48843002319336,516.8296508789062,46.1907844543457,95.64398956298828
2024-01-04,180.03964233398438,105.58460998535156,144.57000732421875,32.03400421142578,50.17906951904297,108.67242431640625,136.701171875,111.72059631347656,135.27195739746094,364.4967041015625,150.27723693847656,163.3759002685547,344.41717529296875,108.96713256835938,361.70904541015625,25.143327713012695,48.58607482910156,520.0619506835938,46.760101318359375,94.81005859375
2024-01-05,179.31716918945312,105.41336822509766,145.24000549316406,32.63108444213867,50.7016716003418,108.71907806396484,136.4652862548828,111.1297836303711,134.61740112304688,367.8184814453125,150.7449951171875,164.19561767578125,349.2096252441406,109.16270446777344,361.5223083496094,25.471771240234375,48.74586486816406,512.3958740234375,47.36737823486328,95.0973129272461
2024-01-08,183.65213012695312,106.9355697631836,149.10000610351562,32.37519836425781,50.403038024902344,106.82514953613281,135.648681640625,108.7203369140625,137.701904296875,370.12188720703125,151.1192169189453,163.9573211669922,355.8673400878906,109.31169128417969,368.3447265625,25.56684684753418,47.298343658447266,511.5758056640625,47.36737823486328,93.51280975341797
2024-01-09,183.23643493652344,107.2495346069336,151.3699951171875,31.87288475036621,49.90843200683594,105.2017593383789,132.20074462890625,107.15096282958984,139.79458618164062,365.2486267089844,151.21279907226562,162.6610565185547,354.6468505859375,110.28953552246094,369.4261169433594,25.411270141601562,45.64402770996094,513.33984375,46.76959228515625,92.35455322265625
2024-01-10,184.27565002441406,108.83833312988281,153.72999572753906,31.844446182250977,49.47915267944336,103.72767639160156,131.11190795898438,106.15396118164062,141.1136932373047,363.5544128417969,151.43731689453125,163.0041961669922,367.5853576660156,110.6899642944336,376.28790283203125,25.056896209716797,45.54063034057617,512.6436767578125,46.570335388183594,91.44647979736328
2024-01-11,183.6818389892578,108.5037612915039,155.17999267578125,31.417964935302734,48.601932525634766,103.55973815917969,131.8196563720703,106.14472961425781,140.91534423828125,361.4508972167969,150.7637176513672,162.31793212890625,366.7916259765625,110.28953552246094,378.1164855957031,24.546937942504883,45.86961364746094,514.5888671875,46.532379150390625,91.42794799804688
2024-01-12,184.00843811035156,108.9052505493164,154.6199951171875,31.08625030517578,49.10586929321289,104.21280670166016,133.62527465820312,107.13251495361328,141.48065185546875,359.5472717285156,151.92381286621094,161.12652587890625,371.5740966796875,110.47578430175781,381.8914489746094,24.80624008178711,46.950557708740234,497.2636413574219,44.97623825073242,92.61400604248047
2024-01-16,181.74197387695312,108.7522964477539,153.16000366210938,30.4417781829834,48.40595245361328,101.35791778564453,130.376953125,104.34114074707031,141.32199096679688,362.1171569824219,150.17430114746094,160.1162109375,364.5987854003906,110.34540557861328,383.66094970703125,24.477792739868164,45.399635314941406,495.0133972167969,44.42589569091797,90.5198745727539
2024-01-17,180.80172729492188,108.91481018066406,151.7100067138672,30.138500213623047,47.930015563964844,100.35964965820312,129.85975646972656,102.93614959716797,140.310302734375,359.00469970703125,150.09011840820312,159.25839233398438,365.5017395019531,110.01016235351562,382.8744812011719,24.330854415893555,45.01425552368164,500.5342102050781,44.28356170654297,89.86199188232422
2024-01-18,186.6905517578125,109.00084686279297,153.5,30.072160720825195,47.69670867919922,99.76255798339844,128.68020629882812,102.43370819091797,142.30384826660156,358.74774169921875,150.8198699951172,159.57293701171875,373.20135498046875,110.39196014404297,387.20001220703125,24.279001235961914,45.64402770996094,492.33404541015625,44.06532287597656,89.6952133178711
2024-01-19,189.59042358398438,109.641357421875,155.33999633789062,30.536556243896484,48.0793342590332,100.6395492553711,129.06129455566406,102.50814819335938,145.18006896972656,363.7828674316406,151.25955200195312,162.32748413085938,380.46435546875,110.71791076660156,391.9186706542969,24.443222045898438,46.6591682434082,480.1482238769531,45.659420013427734,89.83419036865234
2024-01-22,191.896484375,109.16338348388672,154.77999877929688,30.84931182861328,49.31116485595703,100.81681823730469,129.28814697265625,102.9454574584961,144.7932891845703,367.36163330078125,151.99864196777344,162.1368408203125,378.8073425292969,111.22079467773438,389.79522705078125,24.469148635864258,47.63671875,489.1397399902344,46.04844665527344,89.71372985839844
2024-01-23,193.1732177734375,108.98173522949219,156.02000427246094,31.057819366455078,49.740447998046875,100.75150299072266,128.92518615722656,102.69425201416016,145.8346710205078,362.42169189453125,149.51007080078125,161.0693359375,382.2007141113281,111.60261535644531,392.1447448730469,24.5728702545166,47.392330169677734,491.5521240234375,46.60828399658203,90.72373962402344
2024-01-24,192.50021362304688,105.89391326904297,156.8699951171875,31.25684928894043,49.703121185302734,102.31890106201172,131.49298095703125,104.29461669921875,147.4810791015625,361.11773681640625,148.71484375,162.50857543945312,387.65789794921875,110.7085952758789,395.7427673339844,24.486434936523438,48.5672721862793,489.36859130859375,46.95936965942383,92.28968811035156
2024-01-25,192.17359924316406,107.49995422363281,157.75,31.645423889160156,50.141727447509766,104.53936004638672,134.80484008789062,106.8626708984375,150.62506103515625,364.2587890625,149.27618408203125,164.83419799804688,390.1185607910156,111.87267303466797,398.0136413574219,24.10040855407715,49.319236755371094,470.4605407714844,47.32941818237305,94.63399505615234
2024-01-26,190.4416046142578,107.07933807373047,159.1199951171875,31.683340072631836,50.08573913574219,104.7072982788086,135.32203674316406,107.50468444824219,150.94247436523438,359.5853271484375,149.2200469970703,164.2051239013672,391.0710754394531,112.51526641845703,397.089599609375,24.10040855407715,49.742210388183594,479.8049621582031,47.74692153930664,95.44014739990234
2024-01-29,189.75869750976562,108.45594787597656,161.25999450683594,31.853933334350586,50.49636459350586,104.11951446533203,135.26759338378906,106.96501159667969,152.2516326904297,362.2218017578125,149.08908081054688,164.634033203125,397.8974609375,112.94363403320312,402.7815246582031,24.109182357788086,50.00539779663086,481.0826110839844,47.775390625,95.56059265136719
2024-01-30,186.10662841796875,108.484619140625,159.0,32.97228240966797,53.277347564697266,106.4052963256836,136.2112274169922,108.658447265625,150.21844482421875,368.227783203125,148.53709411621094,168.0081329345703,396.94500732421875,113.29752349853516,401.6706848144531,23.705608367919922,46.38658142089844,480.19586181640625,48.57243728637695,97.15435791015625
2024-01-31,182.50401306152344,108.16915893554688,155.1999969482422,32.2330322265625,52.41878128051758,104.37142944335938,133.77044677734375,105.87639617919922,138.95156860351562,365.5056457519531,148.65872192382812,166.18763732910156,387.1022033691406,112.47799682617188,390.84710693359375,23.758249282836914,45.77561950683594,487.9478759765625,47.614078521728516,95.26407623291016
2024-02-01,184.93875122070312,109.45015716552734,159.27999877929688,31.797061920166016,52.31613540649414,103.91426086425781,134.1878204345703,104.76914978027344,140.00289916992188,365.3533020019531,148.15354919433594,165.587158203125,391.70611572265625,117.69307708740234,396.94219970703125,23.942487716674805,46.05760192871094,483.5617370605469,46.56299591064453,94.87491607666016
2024-02-02,183.9391632080078,107.17491912841797,171.80999755859375,31.721242904663086,52.32555389404297,103.21451568603516,138.13479614257812,103.14085388183594,141.21287536621094,369.1700439453125,146.5163116455078,166.540283203125,471.2915344238281,117.72101593017578,404.25616455078125,23.626649856567383,46.05760192871094,486.5080871582031,46.973876953125,94.4857406616211
2024-02-05,185.7503204345703,106.73517608642578,170.30999755859375,31.26632308959961,51.34574508666992,102.5987777709961,138.21644592285156,102.02432250976562,142.50222778320312,364.56329345703125,145.75852966308594,166.32107543945312,455.8328857421875,117.50682067871094,398.7804870605469,23.310806274414062,45.63462448120117,479.5760803222656,46.53432846069336,94.0965805053711
2024-02-06,187.35365295410156,108.98173522949219,169.14999389648438,31.3137149810791,51.20442199707031,104.04488372802734,138.234619140625,104.0992202758789,142.91876220703125,366.4383850097656,147.87286376953125,166.89297485351562,451.1793518066406,118.15869903564453,398.6231994628906,24.12672996520996,45.38412094116211,486.9276428222656,46.1425666809082,94.74520111083984
2024-02-07,187.46253967285156,108.32210540771484,170.52999877929688,31.44639778137207,51.3834228515625,104.791259765625,138.03497314453125,104.6947021484375,144.34695434570312,368.0279235839844,147.7980194091797,167.20748901367188,465.9336242675781,118.7081527709961,407.0382080078125,24.17936897277832,44.8547477722168,495.2421875,46.32411193847656,94.7174072265625
2024-02-08,186.3837432861328,107.48084259033203,169.83999633789062,31.389528274536133,51.14789581298828,106.26536560058594,139.78614807128906,105.19715118408203,144.7139434814453,366.4859619140625,146.31983947753906,166.60704040527344,466.3404235839844,117.90726470947266,407.09722900390625,24.18814468383789,45.1761589050293,495.9096374511719,46.19989776611328,96.33895874023438
2024-02-09,187.14682006835938,106.88814544677734,174.4499969482422,31.342145919799805,50.86526107788086,103.70902252197266,137.0459747314453,103.32694244384766,147.77862548828125,365.7435607910156,146.65664672851562,166.80718994140625,464.46514892578125,116.8270034790039,413.4281311035156,24.17936897277832,44.50498962402344,494.12652587890625,45.92279052734375,94.30043029785156
2024-02-12,185.46214294433594,107.57644653320312,172.33999633789062,31.86341667175293,50.7993049621582,103.65303039550781,137.98960876464844,105.00176239013672,146.32064819335938,373.7197570800781,147.6764373779297,167.55059814453125,465.24896240234375,116.72455596923828,408.2277526855469,24.26710319519043,45.50701141357422,493.57354736328125,46.74454879760742,95.59766387939453
2024-02-13,183.37115478515625,106.43882751464844,168.63999938964844,31.038862228393555,49.70644760131836,102.41217803955078,136.64674377441406,103.30833435058594,143.9502410888672,360.4990539550781,146.38534545898438,166.09234619140625,456.5373840332031,116.80838012695312,399.4390869140625,23.661741256713867,44.97764587402344,492.8203430175781,46.09479522705078,94.77467346191406
2024-02-14,182.4891815185547,107.12713623046875,170.97999572753906,31.399009704589844,50.855838775634766,102.73873138427734,137.01873779296875,103.28972625732422,144.74366760253906,359.8232727050781,145.702392578125,167.77935791015625,469.5948486328125,117.17156982421875,403.29986572265625,23.784568786621094,45.13833999633789,492.9060974121094,46.371891021728516,94.30706787109375
2024-02-15,182.20179748535156,108.63758087158203,169.8000030517578,32.289894104003906,52.0146484375,104.29850769042969,141.67835998535156,106.3044204711914,141.59970092773438,366.84771728515625,147.7418975830078,171.4393768310547,480.2611083984375,117.84208679199219,400.41412353515625,24.13550567626953,45.92294692993164,496.6629638671875,49.72581481933594,97.00984954833984
2024-02-16,180.66580200195312,108.99130249023438,169.50999450683594,32.30885696411133,51.67548370361328,103.89447021484375,141.83432006835938,105.66239166259766,139.36814880371094,365.91485595703125,147.57223510742188,170.6387481689453,469.6344909667969,119.00616455078125,397.95196533203125,24.232009887695312,45.913490295410156,497.3017883300781,49.601585388183594,97.00984954833984
2024-02-20,179.92254638671875,111.50553131103516,167.0800018310547,32.185646057128906,52.21249008178711,102.92665100097656,141.25645446777344,105.26227569580078,139.9632110595703,365.9910583496094,148.8070831298828,171.30592346191406,468.0767822265625,118.61502075195312,396.701171875,24.2056884765625,45.86623001098633,496.83453369140625,49.46781539916992,96.09333038330078
2024-02-21,180.6757049560547,112.68138122558594,168.58999633789062,31.93923568725586,52.12770080566406,106.05560302734375,142.5773162841797,108.26765441894531,141.38148498535156,369.560302734375,149.5800323486328,172.4210968017578,464.8785095214844,119.31346893310547,396.10040283203125,24.275875091552734,46.51848602294922,497.7021179199219,50.318233489990234,98.05728149414062
2024-02-22,182.70721435546875,113.78075408935547,174.5800018310547,31.853933334350586,52.66471862792969,105.44485473632812,142.568115234375,108.30488586425781,142.9088592529297,371.654296875,151.24853515625,174.48941040039062,482.8565673828125,120.37510681152344,405.42718505859375,24.170597076416016,46.56575393676758,502.02166748046875,50.99665451049805,97.97310638427734
2024-02-23,180.8739013671875,114.20138549804688,174.99000549316406,32.14773178100586,52.69297790527344,104.77771759033203,141.86183166503906,104.08061981201172,142.7799072265625,372.2063903808594,152.558837890625,175.3662872314453,480.7707214355469,120.55205535888672,404.1370544433594,24.35483741760254,46.149818420410156,502.7272033691406,51.464874267578125,97.11270904541016
2024-02-26,179.52615356445312,113.46528625488281,174.72999572753906,31.853933334350586,52.15597152709961,105.63277435302734,141.66921997070312,104.25740814208984,136.4423065185547,371.41632080078125,151.56906127929688,174.7658233642578,478.4961242675781,119.9839859008789,401.3793640136719,23.845983505249023,45.9040412902832,500.8965759277344,51.722862243652344,97.49615478515625
2024-02-27,180.98289489746094,114.14402770996094,173.5399932861328,32.488922119140625,52.485713958740234,104.87166595458984,139.56871032714844,106.0159683227539,137.7415771484375,371.9779357910156,151.7481689453125,174.85159301757812,483.7703857421875,120.16091918945312,401.32025146484375,23.591552734375,45.809513092041016,489.54974365234375,52.37262725830078,97.29041290283203
2024-02-28,179.78382873535156,114.76543426513672,173.16000366210938,32.517356872558594,51.86390686035156,105.27571105957031,139.7338104248047,106.22996520996094,135.26206970214844,376.8857727050781,152.2854766845703,175.7379913330078,480.7607727050781,119.37866973876953,401.5566101074219,23.72315788269043,45.52592086791992,475.1136779785156,52.28662872314453,97.5616226196289
2024-02-29,179.11984252929688,113.41748046875,176.75999450683594,32.94684600830078,52.278446197509766,105.74552917480469,139.4311065673828,106.49978637695312,137.32501220703125,372.92694091796875,152.12522888183594,177.33926391601562,486.82965087890625,118.41014099121094,407.3871154785156,23.302032470703125,45.686622619628906,470.6512451171875,53.11793518066406,97.7486572265625
2024-03-01,178.03968811035156,113.39836883544922,178.22000122070312,32.78459548950195,52.38207244873047,107.3428955078125,140.16493225097656,108.02574157714844,136.0158233642578,372.01629638671875,152.8227996826172,176.6053466796875,498.91766357421875,118.23320770263672,409.2190246582031,23.328353881835938,46.65082550048828,466.7705078125,52.611507415771484,98.9831314086914
2024-03-04,173.52081298828125,114.755859375,177.5800018310547,33.54814147949219,52.89082717895508,104.89986419677734,136.56015014648438,107.77452087402344,132.25689697265625,375.9942626953125,150.6735382080078,177.93017578125,494.8354187011719,115.52323913574219,408.6478271484375,22.714218139648438,46.71699905395508,459.4666442871094,53.32815170288086,97.59902954101562
2024-03-05,168.58572387695312,113.26453399658203,174.1199951171875,33.777198791503906,53.00387954711914,104.50521850585938,137.21139526367188,108.11878204345703,131.58245849609375,374.7098388671875,150.79608154296875,179.71255493164062,486.9190673828125,114.3870849609375,396.563232421875,22.88091278076172,46.943870544433594,451.15203857421875,54.08301544189453,98.79611206054688
2024-03-06,167.59474182128906,114.08667755126953,173.50999450683594,33.80582809448242,53.97426986694336,105.22872924804688,136.05563354492188,108.38861846923828,130.32284545898438,373.42535400390625,150.2022247314453,180.6466064453125,492.7494812011719,115.24384307861328,396.01171875,23.85475730895996,47.29364013671875,450.62762451171875,54.57034683227539,99.85289001464844
2024-03-07,167.47579956054688,115.59712219238281,176.82000732421875,34.00626754760742,54.37937927246094,105.93345642089844,137.0095672607422,109.65404510498047,133.27847290039062,372.3325500488281,149.7591552734375,179.06443786621094,508.7410888671875,115.46735382080078,402.9552001953125,23.503822326660156,48.00261306762695,456.52032470703125,54.465240478515625,100.41402435302734
2024-03-08,169.19021606445312,115.63534545898438,175.35000610351562,33.977622985839844,54.1815299987793,106.17776489257812,137.47738647460938,110.46353912353516,134.30001831054688,370.9523010253906,150.37188720703125,179.3979949951172,502.54315185546875,115.01104736328125,400.0793151855469,23.881074905395508,47.64340591430664,456.2043762207031,54.53211975097656,101.35858917236328
2024-03-11,171.1920166015625,114.89926147460938,171.9600067138672,34.25441360473633,54.08731460571289,108.29191589355469,139.4219512939453,112.41748809814453,136.54147338867188,370.15667724609375,151.9838104248047,179.46473693847656,480.33367919921875,114.33120727539062,398.40496826171875,24.890012741088867,48.71159362792969,468.24676513671875,54.55123519897461,101.9571304321289
2024-03-12,171.66766357421875,115.44416046142578,175.38999938964844,34.32122039794922,54.12500762939453,108.07581329345703,139.321044921875,112.43608093261719,137.36468505859375,372.09295654296875,153.4072265625,180.9420928955078,496.3848876953125,114.22879028320312,409.0023498535156,24.574169158935547,48.749412536621094,468.438232421875,55.04811096191406,101.30247497558594
2024-03-13,169.58660888671875,114.8705825805664,176.55999755859375,34.435752868652344,54.41706466674805,110.45306396484375,141.15553283691406,114.04579162597656,138.64410400390625,376.05181884765625,151.86129760742188,182.409912109375,492.2330627441406,113.76315307617188,408.8250427246094,24.758407592773438,49.69471740722656,467.1459045410156,55.248775482177734,102.43409729003906
2024-03-14,171.4397430419922,113.61823272705078,178.75,34.06352615356445,53.78583908081055,112.54842376708984,142.81578063964844,115.1809310913086,141.92698669433594,372.5050964355469,150.07968139648438,179.1597442626953,488.5182189941406,112.93843841552734,418.7920837402344,24.6794490814209,50.31861877441406,468.10321044921875,54.81877517700195,104.2484130859375
2024-03-15,171.06317138671875,110.40613555908203,174.4199981689453,33.79629135131836,54.2757453918457,112.79271697998047,142.6781768798828,114.25048065185547,140.022705078125,371.1631164550781,149.10874938964844,181.3805389404297,480.84027099609375,113.88497161865234,410.1251525878906,24.51275634765625,49.97830581665039,469.8454284667969,54.952552795410156,104.06135559082031
2024-03-18,172.1532440185547,107.49041748046875,174.47999572753906,34.36894226074219,55.23671340942383,112.99945068359375,142.5497589111328,114.97623443603516,146.46942138671875,368.4408874511719,147.77017211914062,183.62991333007812,493.6335144042969,113.81001281738281,411.011474609375,24.319744110107422,50.50768280029297,466.2365417480469,55.20099639892578,105.02464294433594
2024-03-19,174.491943359375,108.17871856689453,175.89999389648438,34.38803482055664,55.45340347290039,114.65318298339844,143.6596221923828,115.97181701660156,145.8247528076172,372.5531005859375,147.25172424316406,184.70697021484375,492.89849853515625,114.5222396850586,415.0396728515625,24.240781784057617,51.500247955322266,472.2386169433594,54.47479248046875,105.7634506225586
2024-03-20,177.05860900878906,106.59178924560547,178.14999389648438,35.075225830078125,56.64990234375,114.5498275756836,141.7609405517578,116.95809936523438,147.52073669433594,380.0393981933594,146.82749938964844,187.12789916992188,502.11602783203125,116.0685806274414,418.8019104003906,24.302200317382812,51.424625396728516,473.1097106933594,54.75189208984375,105.66992950439453
2024-03-21,169.82444763183594,106.60134887695312,178.14999389648438,35.80059051513672,57.78044891357422,116.05323028564453,142.04530334472656,117.31167602539062,146.3900909423828,396.56494140625,146.81809997558594,189.7299346923828,504.3409423828125,115.85302734375,422.87933349609375,24.26710319519043,51.46243667602539,470.67822265625,55.27743911743164,106.13753509521484
2024-03-22,170.72622680664062,105.70272827148438,178.8699951171875,35.361549377441406,57.29996109008789,115.60220336914062,141.86183166503906,116.15790557861328,149.5341033935547,389.96051025390625,146.32791137695312,187.40428161621094,506.1487121582031,116.0685806274414,422.2589111328125,24.003904342651367,51.03704833984375,469.1274719238281,54.589454650878906,106.13753509521484
2024-03-25,169.3091583251953,105.1673812866211,179.7100067138672,35.180206298828125,57.42243576049805,118.60902404785156,143.5220489501953,118.40029907226562,148.83987426757812,388.1584167480469,146.3184814453125,185.68869018554688,499.6328430175781,117.43684387207031,416.4677734375,24.065317153930664,51.33955383300781,465.11651611328125,54.207244873046875,107.2223892211914
2024-03-26,168.179443359375,106.59178924560547,178.3000030517578,35.39973449707031,58.091346740722656,118.38350677490234,142.42135620117188,117.03253936767578,149.43492126464844,389.3470153808594,146.8369598388672,186.55601501464844,492.5508728027344,117.6336441040039,415.27606201171875,24.2056884765625,51.112674713134766,471.271728515625,54.15946578979492,106.41810607910156
2024-03-27,171.74696350097656,108.484619140625,179.8300018310547,36.08692169189453,59.118263244628906,119.18218231201172,143.4119873046875,117.6001205444336,149.63330078125,398.0411071777344,148.9013671875,190.16839599609375,490.5345458984375,123.47222900390625,415.0593566894531,24.372385025024414,51.89727783203125,472.0279846191406,55.04811096191406,107.52165222167969
2024-03-28,169.93345642089844,108.65670013427734,180.3800048828125,36.191898345947266,59.57990264892578,119.59561920166016,144.6869659423828,118.94927978515625,149.69277954101562,400.3800354003906,149.11819458007812,190.91184997558594,482.310302734375,123.65966796875,414.3601379394531,24.346065521240234,51.812198638916016,473.5595703125,55.382545471191406,108.70938873291016
2024-04-01,168.49655151367188,107.15580749511719,180.97000122070312,35.81013107299805,59.787166595458984,120.91110229492188,145.91607666015625,120.73574829101562,154.2154083251953,396.3732604980469,148.73167419433594,189.61558532714844,488.04144287109375,122.7599868774414,418.15191650390625,24.319744110107422,52.19977569580078,468.7733154296875,55.04811096191406,109.41079711914062
2024-04-02,167.31724548339844,107.08889770507812,180.69000244140625,35.60015869140625,59.20305633544922,122.78096771240234,146.5581512451172,123.04327392578125,153.2930450439453,393.1524658203125,148.68453979492188,189.53932189941406,494.0208740234375,122.16020965576172,415.0692138671875,24.170597076416016,51.68931198120117,438.56195068359375,54.79966735839844,111.55242156982422
2024-04-03,168.11993408203125,106.38146209716797,182.41000366210938,35.7337760925293,58.11960983276367,123.68299102783203,147.16355895996094,124.4761962890625,153.65008544921875,396.84295654296875,145.4135284423828,189.0055694580078,503.3277893066406,121.73844909667969,414.0941467285156,23.881074905395508,51.859466552734375,440.09356689453125,54.589454650878906,111.5711441040039
2024-04-04,167.29747009277344,105.26297760009766,180.0,35.23746871948242,57.3847541809082,123.7957534790039,147.39285278320312,124.70879364013672,149.29605102539062,389.41412353515625,143.75445556640625,187.56752014160156,507.4796447753906,119.63920593261719,411.5630798339844,23.380990982055664,51.30173873901367,435.919921875,54.15946578979492,111.96393585205078
2024-04-05,168.05059814453125,106.30498504638672,185.07000732421875,35.41881561279297,58.03481674194336,125.4588851928711,148.22755432128906,126.4859619140625,151.2499237060547,391.1586608886719,143.65077209472656,189.29315185546875,523.7891845703125,119.94845581054688,419.0875549316406,23.3897647857666,52.020164489746094,436.2644958496094,54.84745407104492,113.50704193115234
2024-04-08,166.9307861328125,105.65491485595703,185.19000244140625,35.791046142578125,58.15729522705078,124.42530059814453,147.92483520507812,126.030029296875,153.58067321777344,393.5263366699219,142.8966522216797,190.28060913085938,515.7536010742188,118.60831451416016,418.171630859375,23.319580078125,51.084312438964844,436.513427734375,55.22010803222656,112.74016571044922
2024-04-09,168.13978576660156,107.49041748046875,185.6699981689453,36.01055908203125,58.091346740722656,124.26556396484375,148.59445190429688,127.52802276611328,155.3163299560547,393.68927001953125,143.55650329589844,189.0055694580078,513.41943359375,118.7488784790039,419.8360595703125,23.49504852294922,51.20720291137695,440.0744323730469,55.01944351196289,113.329345703125
2024-04-10,166.26683044433594,106.27629852294922,185.9499969482422,34.97978210449219,56.69700622558594,124.8011474609375,149.20899963378906,128.3561553955078,154.86007690429688,384.1516418457031,141.58636474609375,187.3949432373047,516.3296508789062,118.78636932373047,416.8617248535156,23.091472625732422,51.235565185546875,430.8176574707031,54.407901763916016,114.28326416015625
2024-04-11,173.4613494873047,106.54399108886719,189.0500030517578,34.693443298339844,57.19633102416992,124.89511108398438,148.49351501464844,127.72345733642578,158.103271484375,381.007568359375,140.25723266601562,187.35662841796875,519.6372680664062,118.22408294677734,421.4610595703125,23.10901641845703,51.0465087890625,422.8436279296875,54.16902542114258,113.89982604980469
2024-04-12,174.95777893066406,104.82429504394531,186.1300048828125,34.15896987915039,56.2259407043457,123.27893829345703,145.80601501464844,125.88114166259766,156.43704223632812,373.3486633300781,139.06005859375,175.23876953125,508.45306396484375,117.83982849121094,415.5222473144531,22.687896728515625,49.15589141845703,420.4313659667969,53.958805084228516,112.57180786132812
2024-04-15,171.13253784179688,104.61294555664062,183.6199951171875,34.311683654785156,55.1707649230957,122.38631439208984,144.5493927001953,124.01701354980469,153.590576171875,384.26666259765625,139.1260528564453,175.33465576171875,496.86163330078125,118.26155853271484,407.3871154785156,22.73176383972168,48.843936920166016,426.5865783691406,54.43656921386719,111.926513671875
2024-04-16,167.85240173339844,104.92036437988281,183.32000732421875,33.099552154541016,53.71989440917969,121.70977783203125,143.34776306152344,124.55095672607422,153.1343231201172,380.4132080078125,136.16610717773438,173.33099365234375,496.3948059082031,117.20256805419922,408.31292724609375,22.53875160217285,48.5981559753418,448.8525695800781,53.90147018432617,111.00065612792969
2024-04-17,166.48484802246094,101.74039459228516,181.27999877929688,33.62449264526367,54.80333709716797,120.58223724365234,143.45785522460938,124.02635955810547,154.19558715820312,387.1711120605469,136.46778869628906,172.64071655273438,490.8424377441406,117.49308013916016,405.6143493652344,22.30187225341797,48.030975341796875,458.52093505859375,54.63723373413086,110.94454956054688
2024-04-18,165.53350830078125,101.1351318359375,179.22000122070312,34.13988494873047,54.94465255737305,120.09362030029297,144.53103637695312,123.42686462402344,154.7311553955078,386.4042053222656,137.38214111328125,173.7624053955078,498.4210510253906,117.36188507080078,398.1587829589844,22.275548934936523,48.15386199951172,472.1045227050781,56.127864837646484,110.8416748046875
2024-04-19,163.51193237304688,103.0661849975586,174.6300048828125,35.28520202636719,55.71719741821289,121.56884002685547,146.75994873046875,124.74768829345703,152.82688903808594,387.25732421875,139.42770385742188,178.12442016601562,477.8306884765625,117.8773193359375,393.08660888671875,22.810726165771484,47.12348175048828,479.71484375,57.66626739501953,112.11356353759766
2024-04-22,164.3443145751953,102.86443328857422,177.22999572753906,36.01055908203125,57.42243576049805,121.52186584472656,148.5210723876953,125.43150329589844,154.99893188476562,400.0541076660156,140.5682830810547,181.58529663085938,478.4862060546875,118.96444702148438,394.8988342285156,23.03883171081543,46.80208206176758,470.2378845214844,58.38290786743164,112.74951171875
2024-04-23,165.394775390625,103.36399841308594,179.5399932861328,36.621395111083984,59.04289245605469,122.0010757446289,149.37411499023438,126.27459716796875,156.9626922607422,406.4284973144531,140.98309326171875,184.20252990722656,492.7594909667969,118.908203125,401.4089050292969,23.091472625732422,46.83988571166992,465.4036865234375,58.23002624511719,113.18905639648438
2024-04-24,167.49563598632812,102.69149017333984,176.58999633789062,36.57366943359375,58.85447311401367,121.47486877441406,150.03453063964844,127.02401733398438,157.8255615234375,405.50830078125,140.01214599609375,185.1036834716797,490.1769714355469,119.02068328857422,402.8763427734375,23.047605514526367,46.42395782470703,466.47576904296875,57.9051399230957,113.207763671875
2024-04-25,168.3577880859375,102.66268157958984,173.6699981689453,36.1823616027832,58.21382141113281,122.2547607421875,151.60301208496094,126.79916381835938,154.7212371826172,402.6421813964844,138.40020751953125,185.38172912597656,438.40789794921875,122.50696563720703,393.00787353515625,22.1614933013916,46.735904693603516,472.7554626464844,57.26493453979492,113.4696273803711
2024-04-26,167.77310180664062,103.30635070800781,179.6199951171875,36.10601043701172,59.033477783203125,122.37692260742188,152.16256713867188,127.11766815185547,170.54046630859375,409.8505859375,137.7592010498047,185.49676513671875,440.3050537109375,122.956787109375,400.17779541015625,22.28432273864746,46.509033203125,474.181884765625,57.24583053588867,110.31794738769531
2024-04-29,171.93524169921875,103.05657196044922,180.9600067138672,35.83876419067383,58.656620025634766,122.35811614990234,152.56613159179688,127.63288116455078,164.78802490234375,412.956298828125,138.40020751953125,185.29542541503906,429.7068786621094,121.94462585449219,396.1693115234375,22.49488067626953,46.51848602294922,468.1319274902344,57.140716552734375,111.88910675048828
2024-04-30,168.7938232421875,101.8076400756836,175.0,35.32337188720703,57.78044891357422,118.03584289550781,147.92483520507812,123.77345275878906,161.44566345214844,409.0262145996094,136.29808044433594,183.8190460205078,427.2734375,121.10118103027344,383.4446105957031,22.477340698242188,44.88311004638672,463.02972412109375,56.682064056396484,110.60785675048828
2024-05-01,167.77310180664062,102.11507415771484,179.0,35.26610565185547,57.799285888671875,116.8331069946289,146.4205780029297,121.73131561279297,162.51681518554688,409.25628662109375,142.5101776123047,183.93409729003906,436.232666015625,120.70758819580078,388.9698181152344,23.845983505249023,44.58061218261719,463.4221496582031,56.87317657470703,108.51299285888672
2024-05-02,171.469482421875,101.75959014892578,184.72000122070312,35.19929885864258,57.97829055786133,114.86930084228516,147.42953491210938,123.46432495117188,165.25418090820312,414.64337158203125,141.3224334716797,183.7423553466797,438.70587158203125,120.20149230957031,391.8259582519531,24.302200317382812,44.97764587402344,471.903564453125,57.16938781738281,108.70938873291016
2024-05-03,181.72613525390625,101.74039459228516,186.2100067138672,35.55243682861328,58.46295166015625,114.85051727294922,146.98928833007812,121.79690551757812,165.8690948486328,420.0208435058594,140.70970153808594,182.6398468017578,448.9166564941406,119.49862670898438,400.51263427734375,24.39870262145996,45.05326843261719,471.4057922363281,57.27449417114258,108.48492431640625
2024-05-06,180.0712127685547,101.49059295654297,188.6999969482422,35.97238540649414,59.6888542175293,116.09080505371094,148.86962890625,122.22782135009766,166.72206115722656,425.2833557128906,140.05926513671875,184.0683135986328,462.5442810058594,119.55486297607422,407.28863525390625,24.705772399902344,45.336849212646484,473.2533264160156,57.51337814331055,109.18634033203125
2024-05-07,180.75497436523438,101.9997787475586,188.75999450683594,36.11555480957031,58.91909408569336,116.08140563964844,149.20899963378906,122.02172088623047,169.84622192382812,425.4079284667969,140.1912384033203,183.82864379882812,465.0870666503906,122.18831634521484,403.1521301269531,24.363611221313477,45.53536605834961,479.55206298828125,57.58026123046875,108.6439208984375
2024-05-08,181.0919189453125,100.81808471679688,188.0,35.99147415161133,59.63182830810547,115.63040161132812,149.08975219726562,121.61891174316406,167.9915771484375,428.42742919921875,140.40805053710938,187.56752014160156,469.4176940917969,121.41046905517578,404.3340148925781,24.802278518676758,45.24232482910156,481.7059326171875,58.50713348388672,108.62521362304688
2024-05-09,182.90541076660156,100.55870056152344,189.5,36.53549575805664,60.17350769042969,115.94046783447266,151.7589569091797,122.30274963378906,168.56678771972656,436.6805725097656,141.25645446777344,189.34109497070312,472.21868896484375,122.04771423339844,406.08709716796875,25.096162796020508,45.82841110229492,485.3626708984375,58.891536712646484,110.7668685913086
2024-05-10,181.64515686035156,100.6259536743164,187.47999572753906,36.69774627685547,60.37306594848633,115.27855682373047,152.0983428955078,121.8718490600586,167.26754760742188,435.885009765625,141.31300354003906,190.5586395263672,472.99346923828125,121.8884048461914,408.4705505371094,24.94476890563965,45.847328186035156,490.89569091796875,59.477760314941406,110.31794738769531
2024-05-13,184.85035705566406,100.6547622680664,186.57000732421875,36.46868896484375,60.24953079223633,114.97595977783203,150.9150848388672,121.21611022949219,167.7535400390625,434.763427734375,142.54788208007812,190.52029418945312,464.85858154296875,121.16678619384766,407.4659423828125,25.32771110534668,46.083648681640625,489.8714294433594,58.872318267822266,110.27119445800781
2024-05-14,185.9915313720703,99.92462158203125,187.07000732421875,36.735931396484375,60.43008804321289,114.45588684082031,150.0712127685547,121.24420166015625,168.9436798095703,439.47003173828125,142.69871520996094,193.1854248046875,468.67279052734375,120.57637786865234,410.2630310058594,25.274276733398438,45.960758209228516,491.9200134277344,59.477760314941406,110.94058990478516
2024-05-15,188.26397705078125,100.4818344116211,185.99000549316406,37.13678741455078,61.047786712646484,114.13436126708984,149.55758666992188,120.92570495605469,171.0958709716797,446.7742004394531,143.91473388671875,193.76065063476562,478.2974853515625,123.4534683227539,417.4360046386719,25.66612434387207,45.6677131652832,495.43310546875,59.91022491455078,111.79854583740234
2024-05-16,188.38304138183594,100.75083923339844,183.6300048828125,37.43266296386719,60.9527587890625,113.31169128417969,149.25180053710938,119.8297119140625,172.752197265625,445.26922607421875,145.43238830566406,194.10580444335938,470.04345703125,122.65689086914062,415.3738708496094,25.75518226623535,45.771697998046875,498.9942321777344,58.68011474609375,111.12914276123047
2024-05-17,188.41281127929688,100.00146484375,184.6999969482422,37.49946975708008,60.88623046875,115.08943176269531,150.7156982421875,121.72196197509766,174.61679077148438,448.3367004394531,145.77174377441406,196.3299102783203,468.7323303222656,122.94741821289062,414.60430908203125,25.50582504272461,45.93239974975586,502.2105407714844,58.699337005615234,112.79792785644531
2024-05-20,189.57382202148438,99.15604400634766,183.5399932861328,37.05088806152344,60.02145004272461,114.31403350830078,149.29812622070312,121.64702606201172,175.46974182128906,443.7547302246094,143.74766540527344,187.50042724609375,465.6829833984375,122.7599868774414,419.6658630371094,25.40786361694336,45.59209060668945,495.12677001953125,58.33415222167969,111.88340759277344
2024-05-21,190.87379455566406,98.9158706665039,183.14999389648438,37.84307098388672,61.52294158935547,113.86014556884766,148.21412658691406,120.74773406982422,176.39210510253906,450.9151916503906,143.7191619873047,191.2776336669922,461.5013427734375,122.54442596435547,423.3164978027344,25.43457794189453,45.648807525634766,501.17669677734375,59.06452178955078,111.11029052734375
2024-05-22,189.4348907470703,100.70281219482422,183.1300048828125,37.94804382324219,60.64866256713867,111.76091003417969,145.990478515625,118.07798767089844,174.93418884277344,443.21795654296875,145.8667755126953,190.11764526367188,464.6301574707031,122.86308288574219,424.7767333984375,26.36077308654785,43.937801361083984,499.07073974609375,58.55518341064453,108.8758316040039
2024-05-23,185.44577026367188,100.13597869873047,181.0500030517578,37.38493728637695,59.88841247558594,111.25029754638672,145.4067840576172,116.18573760986328,172.12738037109375,439.1632385253906,142.2557373046875,188.78506469726562,462.64361572265625,122.85369873046875,421.3037109375,25.55035400390625,43.786556243896484,494.743896484375,57.35390090942383,107.01848602294922
2024-05-24,188.52197265625,99.86698150634766,180.75,37.890785217285156,60.42058563232422,110.8720474243164,146.15725708007812,115.47380828857422,173.55557250976562,442.067626953125,139.66151428222656,192.41851806640625,474.9998779296875,121.35423278808594,424.4216003417969,25.719558715820312,43.71092987060547,486.45404052734375,57.863243103027344,106.93364715576172
2024-05-28,188.5319061279297,97.9455337524414,182.14999389648438,37.52810287475586,59.346736907958984,112.48902130126953,147.35244750976562,117.89063262939453,174.95399475097656,440.75445556640625,137.20028686523438,191.2584686279297,476.68841552734375,118.16783905029297,424.57940673828125,25.203031539916992,43.98507308959961,482.1558837890625,57.16169357299805,108.2912826538086
2024-05-29,188.82958984375,96.77344512939453,182.02000427246094,36.9554443359375,58.92859649658203,108.98084259033203,145.36972045898438,114.20918273925781,174.4580841064453,438.223876953125,137.25730895996094,189.92588806152344,471.1658020019531,117.98979187011719,423.4447937011719,24.77556037902832,43.143741607666016,464.006103515625,56.46014404296875,107.13162994384766
2024-05-30,189.82191467285156,97.7437744140625,179.32000732421875,36.86954879760742,58.852577209472656,107.40166473388672,146.62979125976562,114.51831817626953,170.6991729736328,434.1831970214844,138.05552673339844,191.0955047607422,463.9049987792969,116.70587158203125,409.1382141113281,25.113977432250977,43.09647750854492,461.0672607421875,56.90221405029297,107.47103881835938
2024-05-31,190.77452087402344,98.17611694335938,176.44000244140625,38.16757583618164,59.21369171142578,110.14392852783203,150.37290954589844,116.67285919189453,171.0859832763672,440.24896240234375,139.3764190673828,194.25917053222656,463.6865234375,117.65239715576172,409.5920715332031,25.52363395690918,43.38007354736328,474.2009582519531,57.58454513549805,110.55403137207031
2024-06-03,192.54090881347656,98.82939910888672,178.33999633789062,38.06258010864258,58.84307098388672,107.6759033203125,145.88858032226562,112.0733871459961,171.75048828125,438.7638854980469,140.39320373535156,193.48265075683594,474.2747497558594,120.35145568847656,408.0035095214844,26.10250473022461,41.65961456298828,476.18255615234375,57.02715301513672,107.90473175048828
2024-06-04,192.8584442138672,99.36739349365234,179.33999633789062,37.8716926574707,57.99729919433594,106.16293334960938,144.6563262939453,112.22327423095703,172.3654022216797,439.0724792480469,140.45022583007812,190.93252563476562,473.7781066894531,120.62323760986328,410.51953125,26.262807846069336,41.03571701049805,483.88848876953125,56.41210174560547,106.22652435302734
2024-06-05,194.36676025390625,99.17525482177734,181.27999877929688,38.13893127441406,58.70052719116211,106.12511444091797,143.59083557128906,112.70101165771484,173.97213745117188,445.22509765625,138.71121215820312,189.11102294921875,491.7264404296875,121.31673431396484,418.3536376953125,26.316240310668945,41.09755325317383,481.6197814941406,56.39287567138672,106.65079498291016
2024-06-06,192.9874267578125,100.17440032958984,185.0,37.890785217285156,58.86207580566406,106.09674072265625,144.47100830078125,113.5440902709961,175.2812957763672,441.7726745605469,139.1388397216797,188.7754669189453,490.4351806640625,122.31951141357422,418.8567810058594,25.648313522338867,41.5351676940918,480.47113037109375,55.47990417480469,107.45218658447266
2024-06-07,195.37892150878906,103.35440063476562,184.3000030517578,38.19805908203125,58.71002960205078,105.9076156616211,144.61000061035156,112.5886001586914,173.02993774414062,438.6963806152344,139.76602172851562,191.68988037109375,489.6405944824219,122.46007537841797,418.1957702636719,25.452390670776367,42.3818473815918,469.7209167480469,56.08534622192383,106.30195617675781
2024-06-10,191.63787841796875,103.2679214477539,187.05999755859375,38.09243392944336,58.3774299621582,107.13690185546875,145.2214813232422,113.90005493164062,173.7746124267578,437.38482666015625,139.8135223388672,191.36395263671875,499.21563720703125,123.22856140136719,422.162109375,24.998201370239258,42.790924072265625,473.84674072265625,55.6721076965332,106.61309051513672
2024-06-11,205.5601806640625,101.65391540527344,187.22999572753906,37.31464767456055,56.20121383666992,107.44894409179688,144.9898681640625,114.31222534179688,175.3732452392578,428.43560791015625,139.46192932128906,186.33082580566406,504.05291748046875,123.55657958984375,426.907958984375,24.96257972717285,42.77189636230469,475.0146789550781,54.90328598022461,105.75511932373047
2024-06-12,211.43475341796875,100.28009033203125,186.88999938964844,37.84276580810547,57.02798080444336,106.0872802734375,142.8866729736328,113.28179931640625,176.53497314453125,432.707763671875,138.17906188964844,183.6177215576172,505.4136657714844,122.01961517333984,435.17620849609375,24.633068084716797,42.53406524658203,471.9992370605469,55.06665802001953,104.5860366821289
2024-06-13,212.59579467773438,99.3866195678711,183.8300018310547,37.69873809814453,57.237056732177734,104.85800170898438,141.6080780029297,111.5675277709961,173.92355346679688,430.44146728515625,138.2170867919922,185.65972900390625,500.70556640625,121.24176025390625,435.689208984375,24.624162673950195,41.6778678894043,476.0484924316406,55.03783416748047,103.74693298339844
2024-06-14,210.8592071533203,99.60758209228516,183.66000366210938,37.67953872680664,56.38177490234375,103.4395980834961,141.35792541503906,110.76193237304688,175.5420379638672,430.54754638671875,138.3026123046875,185.7747802734375,501.26239013671875,121.3448486328125,436.666015625,24.517295837402344,40.90728759765625,475.8761901855469,55.16276550292969,102.8701171875
2024-06-17,215.0071258544922,99.3866195678711,184.05999755859375,37.93879318237305,57.07550048828125,103.58142852783203,141.932373046875,111.5488052368164,175.9888916015625,434.13494873046875,138.69223022460938,186.92520141601562,503.71820068359375,120.20409393310547,442.38861083984375,24.027484893798828,41.50662612915039,470.3101501464844,55.97002410888672,102.16301727294922
2024-06-18,212.64540100097656,99.90540313720703,182.80999755859375,38.39970779418945,57.75971984863281,103.45851135253906,142.0620574951172,111.94223022460938,173.8540496826172,441.1265563964844,138.40711975097656,188.86175537109375,496.6192321777344,120.6660385131836,440.3857116699219,24.410425186157227,42.27720260620117,462.4464416503906,56.748451232910156,103.12468719482422
2024-06-20,208.07077026367188,102.38407135009766,186.10000610351562,38.39970779418945,57.607669830322266,105.2740707397461,145.12884521484375,114.27476501464844,175.05551147460938,441.7244567871094,140.4311981201172,190.46278381347656,498.8165283203125,122.24992370605469,439.7542724609375,24.704315185546875,43.247562408447266,465.7822570800781,56.661964416503906,105.3497085571289
2024-06-21,205.89759826660156,101.56745147705078,189.0800018310547,37.91958999633789,57.008975982666016,105.28351593017578,143.86875915527344,114.33097076416016,178.3620147705078,434.13494873046875,141.3529815673828,188.19068908691406,491.9362487792969,123.23985290527344,443.77984619140625,24.704315185546875,43.437828063964844,463.9268798828125,55.83548355102539,104.42576599121094
2024-06-24,206.54258728027344,101.16395568847656,185.57000732421875,38.42851257324219,58.291893005371094,108.90518951416016,147.6026153564453,117.37541961669922,177.9548797607422,445.6205139160156,141.70458984375,190.66407775878906,496.04254150390625,125.35166931152344,441.6980285644531,25.256465911865234,45.169254302978516,471.0311279296875,56.71001434326172,107.52761840820312
2024-06-25,207.46548461914062,101.34648132324219,186.33999633789062,37.813968658447266,58.51997375488281,108.7349624633789,146.81507873535156,117.609619140625,182.73092651367188,441.078369140625,139.87057495117188,189.8875732421875,507.66534423828125,125.3139419555664,444.9342346191406,24.926956176757812,45.20730972290039,465.7630310058594,54.97056198120117,107.82930755615234
2024-06-26,211.61337280273438,100.76044464111328,193.61000061035156,37.44908142089844,58.20636749267578,107.4300537109375,144.48953247070312,116.70095825195312,182.58200073242188,439.6125183105469,139.5189666748047,189.27398681640625,510.1708679199219,123.97520446777344,446.1280822753906,24.419334411621094,43.98008346557617,465.32086181640625,54.7879638671875,107.86701965332031
2024-06-27,212.4568634033203,100.53948211669922,197.85000610351562,37.68913269042969,58.491455078125,107.77046203613281,144.8323516845703,116.67285919189453,184.10121154785156,430.06536865234375,138.5496826171875,190.94210815429688,516.5739135742188,122.39134216308594,446.80889892578125,24.757747650146484,44.722129821777344,467.6280212402344,55.181983947753906,108.32899475097656
2024-06-28,209.00355529785156,99.82855224609375,193.25,38.188453674316406,60.306549072265625,108.15814971923828,144.9250030517578,117.90937042236328,180.8642120361328,436.19866943359375,138.89178466796875,193.90444946289062,501.322021484375,116.7158203125,440.98760986328125,24.918048858642578,44.88385772705078,489.5655212402344,57.07520294189453,108.53641510009766
2024-07-01,215.08651733398438,99.14643096923828,197.1999969482422,38.418907165527344,60.27803421020508,108.13925170898438,145.0176544189453,118.53700256347656,181.69830322265625,447.1345520019531,139.1578369140625,196.96267700195312,501.77935791015625,120.5811996459961,450.6371154785156,25.131784439086914,44.313053131103516,475.5205383300781,58.228431701660156,108.38555908203125
2024-07-02,218.5795135498047,99.14643096923828,200.0,39.30232620239258,61.46592330932617,107.91230773925781,145.2307586669922,118.64005279541016,183.9324188232422,449.0150451660156,138.7682342529297,200.2030487060547,506.5716857910156,120.4114990234375,453.15313720703125,24.78446388244629,44.417694091796875,478.9716796875,58.59362030029297,107.65017700195312
2024-07-03,219.84967041015625,98.31060028076172,197.58999633789062,39.273529052734375,61.256858825683594,108.52694702148438,145.1937255859375,118.75244140625,184.50831604003906,451.2427062988281,138.4451446533203,200.06883239746094,507.0290222167969,118.64852142333984,454.6231994628906,24.668691635131836,45.007530212402344,470.94464111328125,58.29570388793945,108.19700622558594
2024-07-05,224.60293579101562,99.9342269897461,200.0,38.803001403808594,60.84822082519531,106.42769622802734,142.97007751464844,117.03819274902344,189.2545623779297,448.1856994628906,139.19586181640625,197.4178009033203,536.806884765625,119.21417999267578,461.3226013183594,24.980388641357422,43.89447021484375,469.1372985839844,57.296234130859375,106.8864974975586
2024-07-08,226.07159423828125,98.10885620117188,199.2899932861328,39.0046501159668,61.52294158935547,106.12511444091797,142.98858642578125,117.68453979492188,187.6956329345703,448.253173828125,138.24559020996094,197.7841339111328,526.2777709960938,118.58251953125,460.0202331542969,24.87352180480957,43.98960876464844,470.4158935546875,56.71001434326172,105.76455688476562
2024-07-09,226.92494201660156,97.64771270751953,199.33999633789062,39.7728385925293,63.243003845214844,105.14168548583984,141.73779296875,117.72201538085938,187.64601135253906,455.9776611328125,139.73751831054688,200.1555938720703,526.953857421875,118.82763671875,453.4096374511719,24.68650245666504,43.000221252441406,473.0787048339844,57.54610824584961,104.59546661376953
2024-07-10,231.19192504882812,99.00234985351562,199.7899932861328,40.08012008666992,63.65163040161133,106.40878295898438,143.72979736328125,118.23723602294922,189.83045959472656,461.82177734375,141.99916076660156,200.31947326660156,531.6168823242188,120.01553344726562,460.0301513671875,25.247560501098633,43.07632064819336,481.5576477050781,57.3923454284668,105.51942443847656
2024-07-11,225.823486328125,100.08794403076172,195.0500030517578,40.14733123779297,62.44473648071289,107.78936767578125,143.85025024414062,120.06390380859375,184.2600860595703,462.1496276855469,142.2557373046875,199.9820556640625,509.7532958984375,121.58997344970703,448.63421630859375,25.52363395690918,43.94203567504883,484.8549499511719,57.815189361572266,106.77335357666016
2024-07-12,228.7706756591797,100.12638092041016,194.49000549316406,39.93608093261719,61.313865661621094,106.98560333251953,144.156005859375,120.79457092285156,183.76361083984375,462.7764587402344,142.42677307128906,197.5624237060547,496.0027770996094,120.44921875,447.4995422363281,25.75518226623535,44.16084289550781,491.7477111816406,54.33628845214844,106.79222106933594
2024-07-15,232.60107421875,99.44064331054688,192.72000122070312,40.22414779663086,61.90306091308594,108.33783721923828,146.42593383789062,124.26058197021484,185.21328735351562,474.6862487792969,141.81861877441406,202.4884796142578,493.308349609375,120.78861236572266,447.90411376953125,25.915485382080078,45.625892639160156,495.4392395019531,55.47990417480469,108.62126922607422
2024-07-16,233.01785278320312,99.2088394165039,193.02000427246094,42.37507247924805,63.92721939086914,108.9240951538086,146.17578125,123.2020492553711,182.62171936035156,485.0916442871094,143.50059509277344,205.92996215820312,486.9750061035156,118.26197814941406,443.5232849121094,26.271713256835938,46.34891128540039,527.6436157226562,57.89207458496094,109.40380859375
2024-07-17,227.12344360351562,101.10185241699219,187.92999267578125,42.23103332519531,64.25032043457031,109.76568603515625,149.3815155029297,124.87165069580078,179.74221801757812,484.2815856933594,148.79360961914062,209.0629425048828,459.334716796875,118.68623352050781,437.60333251953125,26.74371337890625,46.5201530456543,551.1097412109375,58.53596496582031,110.91229248046875
2024-07-18,222.45950317382812,96.64942932128906,183.75,41.29960632324219,61.66548156738281,110.26686096191406,150.067138671875,124.73015594482422,176.43568420410156,468.8808288574219,147.6912841796875,202.42098999023438,473.1150817871094,117.14006805419922,434.4953308105469,26.458728790283203,46.34891128540039,542.5154418945312,56.93104553222656,112.00597381591797
2024-07-19,222.58848571777344,98.54243469238281,183.1300048828125,41.19398498535156,61.90306091308594,108.12979125976562,147.45437622070312,121.9191665649414,176.40591430664062,467.64642333984375,146.99758911132812,202.2281951904297,474.0496826171875,118.57307434082031,431.2788391113281,26.69028091430664,47.2526741027832,543.4671020507812,56.921443939208984,109.43208312988281
2024-07-22,222.24118041992188,100.17466735839844,182.5500030517578,40.61784744262695,61.29486846923828,106.21021270751953,145.45309448242188,119.7213134765625,180.38760375976562,469.6812744140625,146.56996154785156,202.710205078125,484.5986633300781,118.49767303466797,437.03106689453125,26.36077308654785,47.03386306762695,536.9300537109375,56.83494567871094,108.67784118652344
2024-07-23,223.28311157226562,100.3678207397461,186.41000366210938,40.72346878051758,61.446922302246094,104.80127716064453,142.76622009277344,117.8158950805664,180.5067596435547,474.6091003417969,144.7739715576172,202.75839233398438,485.8812561035156,117.26262664794922,438.9156494140625,26.271713256835938,46.662845611572266,533.2482299804688,57.34429168701172,106.9242172241211
2024-07-24,216.86276245117188,103.59365844726562,180.8300018310547,40.512210845947266,60.496612548828125,105.05656433105469,143.67422485351562,118.00455474853516,171.4114227294922,469.3533630371094,148.50852966308594,201.08103942871094,458.6188659667969,118.71450805664062,423.1783752441406,26.699182510375977,45.69248580932617,538.1029052734375,57.12325668334961,108.43270874023438
2024-07-25,215.82086181640625,102.33809661865234,179.85000610351562,40.02250671386719,61.17133331298828,104.99038696289062,145.9626922607422,119.83451843261719,166.09918212890625,474.184814453125,151.70144653320312,201.1581573486328,450.8040466308594,118.64852142333984,412.8184509277344,26.877296447753906,45.88275146484375,538.0357055664062,57.37312316894531,110.71431732177734
2024-07-26,216.2872314453125,101.64269256591797,182.5,40.01289367675781,61.94108200073242,104.82963562011719,146.2406463623047,119.93828582763672,165.82115173339844,481.243896484375,152.65170288085938,204.5996551513672,463.0234069824219,118.09227752685547,419.5968017578125,27.78946304321289,46.453556060791016,547.6873168945312,58.03622055053711,110.62002563476562
2024-07-29,216.56509399414062,101.18877410888672,183.1999969482422,39.45596694946289,61.10481262207031,103.18428802490234,145.09178161621094,118.08001708984375,168.3332977294922,475.1587829589844,150.67514038085938,203.25967407226562,463.0333557128906,120.46806335449219,421.037353515625,27.744306564331055,45.530765533447266,544.8322143554688,57.26740646362305,109.46036529541016
2024-07-30,217.1208038330078,101.71996307373047,181.7100067138672,39.63840866088867,62.5967903137207,103.9312973022461,147.843505859375,118.99501037597656,169.0879364013672,487.6472473144531,153.3074188232422,207.4434356689453,460.52783203125,108.65509033203125,417.27813720703125,28.349409103393555,45.292930603027344,554.0416870117188,57.67103576660156,111.4119873046875
2024-07-31,220.37559509277344,102.31878662109375,186.97999572753906,38.70698547363281,61.655982971191406,105.15113067626953,148.67735290527344,119.60812377929688,170.3291015625,490.887451171875,150.00047302246094,205.13951110839844,472.1009521484375,106.65638732910156,412.7691345214844,27.581745147705078,45.93982696533203,553.8782348632812,57.02715301513672,111.80797576904297
2024-08-01,216.6841583251953,106.38487243652344,184.07000732421875,37.929195404052734,60.1354866027832,102.49398803710938,141.40423583984375,116.12743377685547,169.55462646484375,482.2950134277344,152.7657470703125,200.47373962402344,494.8792419433594,107.30689239501953,411.5456237792969,27.681089401245117,44.389163970947266,550.6194458007812,54.66303253173828,110.26174926757812
2024-08-02,218.1726531982422,107.50523376464844,167.89999389648438,36.08554458618164,55.84009552001953,100.01649475097656,137.63333129882812,115.94819641113281,165.48355102539062,453.86572265625,155.97767639160156,191.97120666503906,485.3344421386719,108.60794067382812,403.04058837890625,27.482398986816406,42.74335861206055,567.0196533203125,51.18412399291992,110.19576263427734
2024-08-05,207.66392517089844,104.91682434082031,161.02000427246094,35.19253158569336,53.9307861328125,98.88178253173828,134.0292205810547,116.1368637084961,158.1258544921875,442.6598815917969,153.2313690185547,187.8838348388672,472.99578857421875,105.88330078125,389.8785400390625,26.859233856201172,41.63981246948242,547.9180297851562,50.088558197021484,108.2064208984375
2024-08-06,205.6395721435547,105.75709533691406,161.92999267578125,35.4517936706543,54.2666015625,100.04487609863281,132.7042999267578,115.33505249023438,157.17262268066406,453.4607238769531,151.06475830078125,193.12803649902344,491.2502746582031,104.7896957397461,394.27911376953125,26.479917526245117,41.287818908691406,546.3703002929688,50.31920623779297,107.63131713867188
2024-08-07,208.209716796875,106.18206024169922,162.77000427246094,35.816680908203125,53.83484649658203,101.11341857910156,131.94456481933594,116.1368637084961,157.81805419921875,456.15130615234375,150.99822998046875,193.1858367919922,486.1099853515625,106.05301666259766,393.11480712890625,26.055444717407227,40.77410125732422,544.1881103515625,50.25193405151367,109.06439971923828
2024-08-08,211.67291259765625,106.0082015991211,165.8000030517578,36.69049072265625,55.64820861816406,102.38050842285156,133.87173461914062,119.59869384765625,160.88624572753906,468.4565124511719,152.25257873535156,196.71409606933594,506.700927734375,107.40117645263672,397.3180236816406,25.97416114807129,41.563697814941406,544.3419189453125,50.70361328125,111.14800262451172
2024-08-09,214.5804443359375,104.99409484863281,166.94000244140625,36.75770568847656,55.49469757080078,102.7020263671875,134.3349609375,119.35344696044922,162.51466369628906,472.78643798828125,152.63267517089844,198.3914794921875,514.7941284179688,107.9951400756836,400.60357666015625,25.784503936767578,41.430519104003906,537.1510620117188,51.09095764160156,112.0531005859375
2024-08-12,216.11038208007812,104.11519622802734,166.8000030517578,36.65208435058594,55.49469757080078,104.79740142822266,134.36277770996094,121.46639251708984,161.14437866210938,468.19610595703125,151.9295196533203,198.76744079589844,512.984619140625,106.98635864257812,401.3830261230469,25.694190979003906,41.76348876953125,543.4287109375,50.413108825683594,112.19452667236328
2024-08-13,219.8259735107422,104.54015350341797,170.22999572753906,36.93054962158203,55.79212951660156,103.18775939941406,133.55670166015625,119.1930923461914,163.00119018554688,474.4066162109375,150.51361083984375,200.45443725585938,525.5022583007812,107.84428405761719,408.48699951171875,26.055444717407227,41.63981246948242,552.0325317382812,51.19748306274414,111.1197280883789
2024-08-14,220.27304077148438,106.1337661743164,170.10000610351562,37.266632080078125,56.87630081176758,104.13068389892578,134.0384979248047,119.36287689208984,159.2379608154297,480.9256591796875,150.59912109375,202.67164611816406,523.7324829101562,107.08064270019531,411.2989501953125,26.082536697387695,41.64932632446289,557.2525634765625,51.962493896484375,112.14738464355469
2024-08-15,223.25347900390625,107.14786529541016,177.58999633789062,37.47787857055664,58.06603240966797,105.94034576416016,136.01194763183594,120.85325622558594,160.161376953125,481.2342224121094,151.1787872314453,203.93447875976562,534.24169921875,106.82608795166016,416.16217041015625,25.929004669189453,42.847999572753906,557.19482421875,52.84370040893555,112.8411865234375
2024-08-16,224.57481384277344,107.20582580566406,177.05999755859375,37.77555465698242,58.910343170166016,105.89271545410156,136.44741821289062,120.79666137695312,161.80967712402344,486.2875061035156,151.46389770507812,206.26736450195312,524.388671875,107.16548156738281,413.6316833496094,25.5587215423584,42.60065841674805,555.3395385742188,53.57965850830078,112.30894470214844
2024-08-19,224.41583251953125,108.0750503540039,178.22000122070312,38.09243392944336,59.51479721069336,106.42607879638672,137.56231689453125,120.96646118164062,165.4934844970703,486.6925354003906,151.69195556640625,207.694091796875,526.2379760742188,107.87255859375,416.6563415527344,26.010286331176758,43.152435302734375,556.3970336914062,54.66423034667969,112.65109252929688
2024-08-20,225.03179931640625,106.9836654663086,178.8800048828125,37.15140151977539,58.82399368286133,104.62596130371094,135.55738830566406,118.14604949951172,165.9998779296875,479.6141052246094,152.19558715820312,206.79757690429688,523.70263671875,108.5513687133789,419.8885192871094,26.100601196289062,41.88715744018555,558.1947021484375,54.373722076416016,108.89701843261719
2024-08-21,224.92250061035156,107.58248138427734,180.11000061035156,37.209014892578125,58.075618743896484,104.40689849853516,136.14761352539062,117.89136505126953,164.6792755126953,478.7654724121094,153.40243530273438,206.87469482421875,532.0841674804688,109.39044189453125,419.2362060546875,26.21800994873047,42.048885345458984,555.71435546875,53.70554733276367,108.20320892333984
2024-08-22,223.06472778320312,108.26820373535156,176.1300048828125,37.67953872680664,57.97008514404297,104.74024963378906,136.53172302246094,118.11774444580078,162.6437225341797,480.0094909667969,154.2766876220703,208.8316192626953,528.872802734375,109.88067626953125,410.7454833984375,25.992223739624023,41.972782135009766,556.3392944335938,54.189727783203125,109.03956604003906
2024-08-23,225.359619140625,108.83805084228516,177.0399932861328,38.188453674316406,59.620338439941406,106.10224914550781,138.3024444580078,119.70246124267578,164.45086669921875,491.26361083984375,155.96815490722656,210.4511260986328,524.9652709960938,109.92782592773438,411.97113037109375,26.100601196289062,42.924110412597656,561.9053344726562,54.90632247924805,110.55070495605469
2024-08-26,225.69741821289062,108.84770202636719,175.5,38.33249282836914,59.2845344543457,108.1595230102539,139.12689208984375,122.6832275390625,164.98709106445312,489.7688293457031,156.42431640625,211.2801513671875,518.1248779296875,109.61669921875,408.70928955078125,26.118663787841797,43.38075256347656,564.4239501953125,54.92569351196289,112.91720581054688
2024-08-27,226.54188537597656,109.2340316772461,173.1199951171875,38.09243392944336,59.178993225097656,107.083251953125,137.6747283935547,121.268310546875,163.51751708984375,489.1805725097656,156.02215576171875,212.25379943847656,516.1165161132812,109.83354187011719,409.0552673339844,26.028348922729492,42.847999572753906,564.6355590820312,54.48023986816406,111.84325408935547
2024-08-28,225.0119171142578,109.0408706665039,170.8000030517578,38.36130142211914,59.08304977416992,106.81658172607422,136.78469848632812,121.41922760009766,161.70045471191406,485.3905944824219,156.95089721679688,213.32383728027344,513.809814453125,110.68204498291016,405.8526611328125,25.965131759643555,41.61127853393555,565.779541015625,55.264610290527344,110.74078369140625
2024-08-29,228.29037475585938,108.9056625366211,172.1199951171875,38.572547912597656,59.370887756347656,108.9310073852539,138.11505126953125,122.60777282714844,160.63800048828125,491.91937255859375,157.24771118164062,214.2107391357422,515.241455078125,110.73861694335938,408.34356689453125,25.93803596496582,42.02985763549805,568.6923217773438,55.5357551574707,112.27093505859375
2024-08-30,227.5055389404297,109.3982162475586,178.5,39.12948226928711,60.100067138671875,108.37858581542969,138.61160278320312,121.51356506347656,162.22674560546875,494.9750671386719,158.8084259033203,216.7074737548828,518.3138427734375,111.67195892333984,412.31707763671875,26.199947357177734,41.8491096496582,567.375244140625,56.620330810546875,112.09036254882812
2024-09-03,221.3162078857422,110.74070739746094,176.25,39.081478118896484,58.96791458129883,104.62596130371094,135.52926635742188,116.617919921875,156.2491912841797,472.8673095703125,160.05316162109375,212.3695068359375,508.8187255859375,109.90896606445312,404.70611572265625,25.5587215423584,40.231842041015625,575.5272827148438,56.523494720458984,109.74286651611328
2024-09-04,219.4087371826172,110.48960876464844,173.3300018310547,38.889427185058594,58.48818588256836,103.39730072021484,133.10276794433594,115.8161392211914,155.3456268310547,475.95208740234375,160.24465942382812,211.43441772460938,509.7930908203125,109.17359924316406,404.17236328125,25.639999389648438,39.56633758544922,580.814697265625,56.28139877319336,108.40279388427734
2024-09-05,220.92874145507812,109.2340316772461,177.88999938964844,38.543739318847656,58.171566009521484,102.340087890625,132.03469848632812,114.65589904785156,156.13003540039062,473.27471923828125,157.97543334960938,209.7956085205078,513.8893432617188,111.80393981933594,403.6682434082031,25.748376846313477,39.470584869384766,572.4607543945312,55.06126403808594,107.55694580078125
2024-09-06,219.37893676757812,109.96805572509766,171.38999938964844,37.461273193359375,56.69401168823242,100.97811126708984,129.8142852783203,113.52397155761719,149.85467529296875,465.2522277832031,157.391357421875,204.81173706054688,497.39471435546875,111.09686279296875,397.0556335449219,25.793533325195312,38.89604568481445,573.7969360351562,52.29173278808594,107.05323028564453
2024-09-09,219.46832275390625,112.45021057128906,175.39999389648438,38.147483825683594,57.12576675415039,100.57807159423828,131.44447326660156,113.66545104980469,147.85621643066406,473.9440612792969,159.52655029296875,209.005126953125,501.8887939453125,108.80592346191406,401.0290832519531,26.561199188232422,38.69495391845703,571.1244506835938,52.86306381225586,109.3056869506836
2024-09-10,218.67356872558594,113.1069564819336,179.5500030517578,37.96384811401367,55.60023880004883,99.05416107177734,129.505126953125,112.22222900390625,147.8065185546875,453.1458740234375,160.26382446289062,198.16009521484375,501.8887939453125,108.73049926757812,409.41107177734375,26.859233856201172,37.909759521484375,575.8638305664062,52.243316650390625,105.32350158691406
2024-09-11,221.20692443847656,112.61439514160156,184.52000427246094,37.693233489990234,54.976593017578125,97.69216918945312,129.17721557617188,111.21292877197266,150.29214477539062,457.0649719238281,157.8126678466797,199.7699737548828,508.8882751464844,108.1459732055664,418.1488952636719,26.786983489990234,37.89060974121094,566.9427490234375,52.030277252197266,104.27806091308594
2024-09-12,221.3162078857422,112.83654022216797,187.0,37.48059844970703,55.005374908447266,98.00647735595703,130.42327880859375,111.51477813720703,153.80186462402344,459.868408203125,157.6403045654297,199.1626739501953,522.5790405273438,108.65509033203125,422.0630798339844,26.335416793823242,38.11084747314453,565.6641235351562,49.93860626220703,105.71316528320312
2024-09-13,221.04795837402344,112.42123413085938,186.49000549316406,37.35495376586914,55.33159255981445,98.57793426513672,131.7349090576172,112.59955596923828,156.55596923828125,464.65081787109375,158.48289489746094,196.9647674560547,521.6047973632812,109.23016357421875,425.611572265625,26.43476104736328,38.26405715942383,571.3359985351562,51.11032485961914,105.63712310791016
2024-09-16,214.90830993652344,113.60917663574219,184.88999938964844,37.78988265991211,56.02239990234375,100.53044891357422,133.12147521972656,114.76910400390625,157.15249633789062,470.63616943359375,159.89039611816406,200.37730407714844,530.7208251953125,111.95404815673828,426.3529052734375,27.157270431518555,38.685386657714844,568.3646240234375,52.088382720947266,107.11976623535156
2024-09-17,215.37521362304688,114.09209442138672,186.8800048828125,38.22480392456055,56.885902404785156,103.14014434814453,134.35816955566406,116.2029037475586,158.40528869628906,470.8592834472656,159.9669952392578,201.71726989746094,533.7462158203125,112.2672348022461,430.11883544921875,26.940515518188477,39.73870086669922,557.5789184570312,52.78559875488281,108.516845703125
2024-09-18,219.249755859375,110.95317840576172,186.42999267578125,38.292457580566406,57.471168518066406,103.45446014404297,134.87347412109375,117.32539367675781,158.89247131347656,470.0735168457031,159.08609008789062,200.05918884277344,535.368408203125,112.59941864013672,425.82904052734375,26.868267059326172,39.6620979309082,560.1740112304688,52.54350280761719,108.89701843261719
2024-09-19,227.3763885498047,110.24813842773438,189.8699951171875,39.50057601928711,60.46466064453125,105.29267883300781,135.83843994140625,118.098876953125,161.20909118652344,488.7471923828125,157.8126678466797,202.9029998779297,556.4168701171875,111.26121520996094,433.6179504394531,26.786983489990234,40.93564987182617,556.7202758789062,54.034793853759766,110.24657440185547
2024-09-20,226.7107391357422,109.81352233886719,191.60000610351562,38.920677185058594,59.620338439941406,104.64501190185547,136.48487854003906,118.8818130493164,162.65078735351562,483.5089111328125,157.1807098388672,203.49102783203125,558.6561279296875,111.20425415039062,430.2374267578125,26.570228576660156,40.610076904296875,554.7233276367188,54.50929260253906,109.55279541015625
2024-09-23,224.99205017089844,110.88558197021484,193.8800048828125,38.53407287597656,60.04249954223633,104.47357177734375,138.22750854492188,120.48538970947266,160.92076110839844,482.5194091796875,156.28065490722656,203.82843017578125,561.7013549804688,109.74266815185547,428.4978332519531,26.47088623046875,41.07928466796875,553.189208984375,53.36662292480469,111.53913116455078
2024-09-24,225.8861541748047,109.46582794189453,193.9600067138672,38.128150939941406,58.881561279296875,103.73065948486328,138.14317321777344,120.645751953125,161.3582305908203,483.11114501953125,155.85939025878906,203.97303771972656,560.626708984375,109.10678100585938,424.2080078125,26.64248275756836,41.155887603759766,554.9064331054688,52.44667053222656,111.2445068359375
2024-09-25,224.8927001953125,108.76078033447266,192.52999877929688,37.93484878540039,57.931705474853516,100.70189666748047,134.88282775878906,117.49517822265625,160.5628204345703,476.4371032714844,153.77206420898438,202.62344360351562,565.582763671875,108.88850402832031,427.114013671875,26.127695083618164,40.03554153442383,555.987060546875,51.91407012939453,109.07758331298828
2024-09-26,226.0352020263672,108.8766860961914,191.16000366210938,38.19580841064453,59.2077751159668,97.44452667236328,133.0277862548828,113.54283142089844,161.7957000732422,482.04412841796875,154.5284881591797,202.2281951904297,565.114990234375,107.33200073242188,426.3232727050781,26.163816452026367,39.42270278930664,554.5399169921875,54.60612869262695,107.20530700683594
2024-09-27,226.3034210205078,108.5869369506836,187.97000122070312,38.07982635498047,59.36128616333008,99.73992919921875,136.30690002441406,115.49542236328125,163.00868225097656,483.58648681640625,154.53805541992188,202.9222869873047,564.63720703125,107.90144348144531,423.0712585449219,26.272197723388672,40.49516677856445,561.3316650390625,54.13163375854492,110.07551574707031
2024-09-30,231.4794464111328,110.11293029785156,186.3300018310547,38.35044479370117,60.06168746948242,100.27328491210938,137.9745330810547,115.9576187133789,164.89779663085938,480.2882080078125,155.16998291015625,203.26930236816406,569.69287109375,107.77806854248047,425.32489013671875,26.13672637939453,40.16960144042969,564.0618896484375,54.702964782714844,111.40608215332031
2024-10-01,224.73374938964844,109.67830657958984,185.1300048828125,37.90585708618164,59.3037223815918,104.16878509521484,140.2511444091797,119.7590560913086,166.03126525878906,475.4962158203125,155.10296630859375,199.5868377685547,573.7034912109375,108.89798736572266,415.8260803222656,25.892879486083984,41.30908966064453,562.7305297851562,53.637760162353516,113.9816665649414
2024-10-02,225.30003356933594,109.75556945800781,184.75999450683594,37.91551971435547,59.51479721069336,105.11170196533203,141.42225646972656,121.05134582519531,164.9077606201172,477.26165771484375,154.31784057617188,199.82781982421875,570.06103515625,106.37342071533203,412.30718994140625,25.83869171142578,42.07514190673828,571.4227905273438,53.55060958862305,115.49279022216797
2024-10-03,224.197265625,108.3937759399414,181.9600067138672,37.93484878540039,58.82399368286133,107.07373809814453,141.7033233642578,123.371826171875,164.9077606201172,471.5479736328125,153.6763153076172,197.8419952392578,579.9733276367188,104.5701675415039,411.72406005859375,25.5948429107666,42.984825134277344,571.8472290039062,53.2407341003418,116.5002212524414
2024-10-04,225.31988525390625,108.78975677490234,186.50999450683594,38.76603698730469,60.100067138671875,109.09291076660156,141.2255401611328,125.56966400146484,166.10086059570312,480.3367614746094,153.47525024414062,204.86412048339844,593.0802001953125,104.18104553222656,411.24957275390625,25.811599731445312,43.53063201904297,570.3519287109375,55.15810012817383,118.63862609863281
2024-10-07,220.24322509765625,109.48515319824219,180.8000030517578,38.621063232421875,60.06168746948242,109.26435852050781,141.58152770996094,126.62615966796875,162.0442657470703,479.81292724609375,152.74754333496094,204.58285522460938,581.9736938476562,103.06110382080078,404.8049621582031,26.37154197692871,43.65511703491211,562.9814453125,55.351768493652344,119.1518325805664
2024-10-08,224.296630859375,110.71173858642578,182.72000122070312,38.592071533203125,60.67573547363281,105.5307846069336,139.36111450195312,122.97563934326172,163.43624877929688,481.7045593261719,152.90077209472656,204.4082794189453,590.0447387695312,102.99468231201172,409.9151916503906,26.353479385375977,42.26665496826172,561.0711669921875,55.487335205078125,115.98700714111328
2024-10-09,228.0419921875,111.98661041259766,185.1699981689453,38.843353271484375,61.52005386352539,105.69269561767578,140.2042999267578,123.53219604492188,160.9307098388672,490.05682373046875,153.8199462890625,206.99790954589844,587.6762084960938,104.65557861328125,412.6333923339844,27.265647888183594,42.333683013916016,570.3712158203125,55.719749450683594,116.0345230102539
2024-10-10,227.54525756835938,111.66790008544922,186.64999389648438,38.63072967529297,60.906005859375,106.54037475585938,141.11306762695312,124.69242095947266,161.14942932128906,488.6405029296875,153.68589782714844,206.43539428710938,581.0282592773438,103.82987213134766,411.0320739746094,26.497982025146484,42.707130432128906,576.622802734375,55.9231071472168,117.0324478149414
2024-10-11,226.06500244140625,112.15081024169922,188.82000732421875,40.54438400268555,63.07435989379883,105.23551940917969,141.8625946044922,124.93765258789062,162.3027801513672,500.8439025878906,154.59552001953125,215.6009979248047,587.1187744140625,104.14308166503906,411.506591796875,26.335416793823242,42.879493713378906,576.9603881835938,59.060611724853516,117.47914123535156
2024-10-14,229.79051208496094,113.2421875,187.5399932861328,40.50572204589844,63.33342361450195,104.2640380859375,142.1998748779297,124.01325988769531,164.01290893554688,507.100830078125,154.7295684814453,214.81536865234375,587.5865478515625,104.10511779785156,414.2939147949219,26.263164520263672,42.80289077758789,584.05126953125,60.193599700927734,117.92582702636719
2024-10-15,232.3238983154297,112.61144256591797,187.69000244140625,40.72801971435547,60.100067138671875,100.20661926269531,138.40550231933594,120.06090545654297,164.5100555419922,506.741943359375,157.12326049804688,215.697998046875,583.45654296875,105.85142517089844,413.8985900878906,26.588294982910156,41.127159118652344,536.6729736328125,61.03607177734375,114.38082122802734
2024-10-16,230.26739501953125,114.32898712158203,186.88999938964844,41.36590576171875,61.64478302001953,100.15899658203125,139.3424072265625,120.13636016845703,164.21176147460938,513.9979248046875,157.29559326171875,216.910400390625,574.0219116210938,104.7979507446289,411.30889892578125,26.7960147857666,41.826175689697266,551.1923217773438,61.868865966796875,114.67545318603516
2024-10-17,230.63497924804688,114.39691925048828,187.52999877929688,41.172603607177734,61.376136779785156,101.10191345214844,141.65647888183594,120.69691467285156,161.99453735351562,513.1637573242188,157.47752380371094,217.6669158935547,574.161376953125,104.16204833984375,411.9019775390625,26.43476104736328,42.123023986816406,546.0695190429688,62.34336853027344,114.38082122802734
2024-10-18,233.4663848876953,115.85247802734375,188.99000549316406,40.9019889831543,60.301551818847656,100.64474487304688,141.23486328125,120.29788970947266,162.4817352294922,512.6787719726562,158.09988403320312,218.5883331298828,573.7034912109375,103.16551971435547,413.3252868652344,26.389604568481445,40.140869140625,549.5233154296875,62.324005126953125,114.05770111083984
2024-10-21,234.9366912841797,113.52359008789062,189.07000732421875,40.36075210571289,59.32291030883789,99.9970703125,141.356689453125,119.43331146240234,163.12802124023438,502.2990417480469,155.90725708007812,216.28965759277344,572.3997802734375,100.92566680908203,413.9381103515625,26.127695083618164,40.62922668457031,551.3177490234375,61.994754791259766,114.12421417236328
2024-10-22,234.32077026367188,112.67935943603516,189.6999969482422,40.882659912109375,60.98276138305664,100.00660705566406,141.3941650390625,118.82527160644531,164.19187927246094,502.7840881347656,156.50091552734375,217.37594604492188,579.2169799804688,101.21040344238281,422.5672302246094,26.04641342163086,40.15045166015625,549.7643432617188,62.759765625,114.71346282958984
2024-10-23,229.25404357910156,113.54299926757812,184.7100067138672,40.921321868896484,60.541412353515625,99.53990936279297,140.98190307617188,118.50224304199219,161.84539794921875,501.71697998046875,158.8084259033203,216.6873016357422,560.9849243164062,100.96363830566406,419.69085693359375,26.064477920532227,40.34196472167969,544.7285766601562,62.517669677734375,114.30479431152344
2024-10-24,229.06527709960938,113.0869140625,186.3800048828125,41.22093200683594,60.445465087890625,99.40657043457031,140.9538116455078,118.22673034667969,161.78578186035156,508.7984313964844,156.7115478515625,218.2100830078125,565.0552368164062,100.48909759521484,419.8193359375,25.865787506103516,39.49931335449219,541.0335693359375,63.36014938354492,113.65853118896484
2024-10-25,229.89981079101562,110.83566284179688,187.8300018310547,40.486392974853516,59.25574493408203,99.58753204345703,141.2910919189453,117.02013397216797,164.32113647460938,497.2546691894531,154.0401611328125,215.6204071044922,570.4990844726562,98.68585205078125,423.19976806640625,25.694190979003906,39.968509674072266,544.6513671875,62.48862075805664,113.5634765625
2024-10-28,231.87681579589844,110.69010925292969,188.38999938964844,41.191932678222656,61.558433532714844,98.34935760498047,141.0381317138672,115.97506713867188,165.76278686523438,507.90606689453125,154.7295684814453,218.71441650390625,575.3853759765625,98.92311096191406,421.6578063964844,26.064477920532227,39.63336944580078,545.3074340820312,63.53445816040039,113.00274658203125
2024-10-29,232.14505004882812,110.03995513916016,190.8300018310547,41.104949951171875,62.06694793701172,97.45404815673828,139.14564514160156,114.47394561767578,168.70579528808594,508.58502197265625,153.28372192382812,216.19265747070312,590.4329223632812,98.44857025146484,426.955810546875,25.70322036743164,38.714115142822266,542.3070678710938,63.23427200317383,111.46308898925781
2024-10-30,228.5983428955078,111.058837890625,192.72999572753906,40.8923225402832,61.884647369384766,98.08267211914062,138.70529174804688,114.50244140625,173.45835876464844,508.701416015625,153.78163146972656,217.6572265625,588.9600219726562,99.49256134033203,427.52911376953125,25.75741195678711,38.44599533081055,543.1077880859375,63.34078598022461,110.90235137939453
2024-10-31,224.4357147216797,110.01084899902344,186.39999389648438,40.41874313354492,61.56802749633789,104.33070373535156,139.4267120361328,115.87055206298828,170.12757873535156,502.2892761230469,153.0635223388672,215.2421417236328,564.856201171875,97.1103515625,401.65185546875,25.5587215423584,38.36939239501953,544.5934448242188,62.86628341674805,110.9878921508789
2024-11-01,221.45529174804688,115.08587646484375,197.92999267578125,40.36075210571289,61.12668228149414,102.71154022216797,143.40846252441406,114.80648040771484,170.3065643310547,503.8026428222656,153.32205200195312,216.23146057128906,564.438232421875,96.6927490234375,405.6253356933594,25.369060516357422,38.07254409790039,547.5455932617188,62.633880615234375,109.2486572265625
2024-11-04,220.5611572265625,114.16402435302734,195.77999877929688,39.94516372680664,60.35231399536133,103.68304443359375,144.2516326904297,116.7921142578125,168.26834106445312,496.15850830078125,151.51239013671875,213.16653442382812,557.9893798828125,96.68327331542969,403.7373962402344,25.071027755737305,38.60878372192383,538.100830078125,61.684879302978516,112.72713470458984
2024-11-05,221.9917449951172,114.24166107177734,199.5,40.47672653198242,61.6300163269043,104.01638793945312,143.72698974609375,116.01305389404297,168.76544189453125,511.18487548828125,151.61773681640625,214.82508850097656,569.6829223632812,96.47447967529297,406.7027282714844,25.27874755859375,38.82901382446289,547.0343017578125,62.04317092895508,113.05976104736328
2024-11-06,221.26651000976562,113.3392105102539,207.08999633789062,43.888450622558594,66.81829071044922,108.22618865966797,147.7649383544922,120.84891510009766,175.49659729003906,578.1385498046875,151.16770935058594,239.62567138671875,569.3046875,95.60130310058594,415.3218994140625,24.70977210998535,41.91236114501953,575.6483764648438,70.17743682861328,114.99858093261719
2024-11-07,225.9954376220703,111.8836669921875,210.0500030517578,43.2698974609375,65.92777252197266,107.0546875,146.87490844726562,120.1458740234375,179.71224975585938,564.7420043945312,150.06658935546875,229.2670440673828,588.8604736328125,96.0188980102539,420.5111999511719,24.800085067749023,41.40485382080078,584.0994262695312,67.61127471923828,115.14115142822266
2024-11-08,225.7269287109375,113.13543701171875,208.17999267578125,43.617835998535156,66.43109893798828,107.02591705322266,147.02481079101562,127.42340850830078,177.32601928710938,571.6197509765625,148.86016845703125,229.84898376464844,586.5117797851562,97.67979431152344,417.6546630859375,24.506595611572266,41.3474006652832,594.0941772460938,68.21511840820312,115.10313415527344
2024-11-11,223.01174926757812,113.3392105102539,206.83999633789062,44.5359992980957,67.56360626220703,107.46710968017578,146.62196350097656,126.45433044433594,179.31455993652344,584.3082275390625,148.4484405517578,232.08946228027344,580.3714599609375,95.60130310058594,413.17706298828125,24.066356658935547,42.4102897644043,603.201171875,70.66946411132812,114.494873046875
2024-11-12,223.01174926757812,112.9898910522461,208.91000366210938,44.32337188720703,66.80859375,106.11477661132812,145.48831176757812,126.48285675048828,180.57725524902344,574.8501586914062,146.15048217773438,232.35133361816406,582.0134887695312,93.56078338623047,418.13897705078125,24.02050018310547,42.44859313964844,592.9943237304688,70.70841979980469,114.38082122802734
2024-11-13,223.89691162109375,112.31062316894531,214.10000610351562,44.33303451538086,66.68277740478516,107.24651336669922,148.70181274414062,127.64193725585938,177.8529815673828,576.4312744140625,146.7249755859375,233.9031982421875,577.2166748046875,93.48485565185547,420.2839050292969,24.506595611572266,41.7400016784668,584.504638671875,70.87399291992188,115.44528198242188
2024-11-14,226.98008728027344,111.62166595458984,211.47999572753906,44.36203384399414,65.96648406982422,108.30152893066406,151.58741760253906,128.4399871826172,174.57192993164062,570.9891967773438,145.41322326660156,234.59182739257812,574.3902587890625,93.35198974609375,421.9543762207031,23.864582061767578,41.60593795776367,572.233154296875,70.90320587158203,115.52193450927734
2024-11-15,223.77757263183594,112.46587371826172,202.61000061035156,45.18355178833008,66.55693817138672,107.72605895996094,151.23141479492188,127.84143829345703,171.49969482421875,575.7716674804688,147.4526824951172,237.92831420898438,551.4210205078125,91.40635681152344,410.2018127441406,22.745641708374023,41.3474006652832,571.3455200195312,72.40308380126953,114.32417297363281
2024-11-18,226.7811737060547,113.88262176513672,201.6999969482422,45.15456008911133,66.78925323486328,109.10717010498047,152.14944458007812,129.72256469726562,174.29351806640625,570.3877563476562,148.18992614746094,237.65673828125,551.739501953125,91.64363861083984,410.9530029296875,22.80067253112793,41.64424514770508,568.8566284179688,72.15959167480469,115.28237915039062
2024-11-19,227.03973388671875,113.659423828125,204.61000061035156,44.854949951171875,66.40206146240234,108.46456146240234,151.05160522460938,128.43048095703125,177.0973358154297,563.9757080078125,146.49514770507812,235.7751007080078,558.3973388671875,91.62464904785156,412.9595947265625,23.02079200744629,41.27079391479492,556.6526489257812,71.51679992675781,113.67257690429688
2024-11-20,227.75584411621094,112.49500274658203,202.8800048828125,44.51667404174805,66.09231567382812,108.79066467285156,152.6889190673828,129.42807006835938,174.9696044921875,564.5092163085938,146.60049438476562,233.53463745117188,562.8060913085938,92.47883605957031,410.6861572265625,22.87404441833496,41.68254470825195,579.3239135742188,71.66287994384766,115.29196166992188
2024-11-21,227.27845764160156,113.78558349609375,198.3800048828125,44.90326690673828,66.7408447265625,107.32323455810547,152.97283935546875,128.73452758789062,166.66757202148438,578.2647705078125,148.88888549804688,237.3948516845703,560.3878173828125,94.77560424804688,408.913330078125,23.048303604125977,42.1900520324707,576.4201049804688,72.88032531738281,116.83468627929688
2024-11-22,228.62110900878906,114.27076721191406,197.1199951171875,45.42517852783203,67.60232543945312,107.17936706542969,153.66375732421875,129.5420684814453,163.81405639648438,584.7350463867188,148.5729217529297,241.07083129882812,556.4567260742188,94.1302261352539,413.00372314453125,23.52522850036621,42.35283660888672,570.0335693359375,73.98088073730469,116.70053100585938
2024-11-25,231.60479736328125,114.62979888916016,201.4499969482422,45.90842056274414,68.4831771850586,101.76046752929688,151.7708740234375,125.39025115966797,166.68743896484375,584.9775390625,149.15699768066406,242.75845336914062,562.3980712890625,96.00942993164062,414.7765808105469,24.002153396606445,41.89320755004883,584.466064453125,74.89639282226562,114.95659637451172
2024-11-26,233.7829132080078,114.46484375,207.86000061035156,46.15004348754883,67.51521301269531,102.41265106201172,153.8246307373047,125.92230224609375,168.14903259277344,587.3736572265625,149.13768005371094,242.44808959960938,570.78759765625,96.44599914550781,423.888427734375,23.635290145874023,41.634666442871094,585.3922119140625,75.33466339111328,113.04017639160156
2024-11-27,233.6536102294922,115.4255142211914,205.74000549316406,46.169376373291016,67.91209411621094,102.99771118164062,153.42713928222656,126.44482421875,168.25839233398438,587.3056640625,149.98703002929688,242.27349853515625,566.4684448242188,97.86962127685547,418.9363098144531,23.69032096862793,41.807029724121094,586.9260864257812,75.19830322265625,112.74312591552734
2024-11-29,236.0405731201172,115.2508316040039,207.88999938964844,45.91808319091797,68.59933471679688,103.9088363647461,153.2567901611328,126.60633850097656,167.97998046875,590.3517456054688,149.61061096191406,242.20562744140625,571.5639038085938,96.46497344970703,419.40179443359375,24.03883934020996,42.07514190673828,588.6819458007812,74.18540954589844,113.03057861328125
2024-12-02,238.2882843017578,113.34890747070312,210.7100067138672,45.463836669921875,69.10266876220703,101.79882049560547,153.52178955078125,124.68719482421875,170.50543212890625,586.5887451171875,149.4079132080078,238.84002685546875,589.9850463867188,95.48741912841797,426.8497619628906,23.6811466217041,41.77830505371094,587.0612182617188,73.31858825683594,112.92518615722656
2024-12-03,241.3316650390625,112.84432983398438,213.44000244140625,45.25120544433594,69.13170623779297,101.71250915527344,153.247314453125,125.21924591064453,170.3562774658203,586.949462890625,147.05291748046875,237.45306396484375,610.7052001953125,96.66429138183594,427.0676574707031,23.442686080932617,41.79745101928711,583.8871459960938,72.20830535888672,112.7527084350586
2024-12-04,241.68971252441406,112.5338134765625,218.16000366210938,44.8162841796875,69.20915222167969,99.27639770507812,149.84014892578125,123.06259155273438,173.36886596679688,583.6641235351562,145.22877502441406,236.07579040527344,610.83447265625,96.20873260498047,433.2280578613281,23.14002227783203,41.185543060302734,589.2510986328125,71.15643310546875,109.50436401367188
2024-12-05,241.71954345703125,112.1650619506836,220.5500030517578,45.42517852783203,69.91575622558594,100.16837310791016,150.79605102539062,123.52812957763672,171.64881896972656,581.8020629882812,144.3118438720703,238.0932159423828,606.0077514648438,98.27772521972656,438.3782043457031,23.571088790893555,40.49173355102539,558.55322265625,71.74081420898438,109.98347473144531
2024-12-06,241.52064514160156,112.17477416992188,227.02999877929688,45.43489456176758,69.83832550048828,98.99826049804688,146.92510986328125,121.428466796875,173.70697021484375,584.6096801757812,144.10916137695312,239.9166259765625,620.7765502929688,97.84114074707031,439.31915283203125,23.598602294921875,39.47028732299805,530.2382202148438,72.39334106445312,108.82403564453125
2024-12-09,245.40940856933594,111.49551391601562,226.08999633789062,44.61852264404297,69.5576171875,98.94071960449219,148.66656494140625,121.46646881103516,174.56295776367188,579.189453125,144.38905334472656,236.4734649658203,610.6255493164062,98.50552368164062,441.74560546875,23.93795394897461,39.67264175415039,542.9247436523438,70.72789764404297,108.18204498291016
2024-12-10,246.42385864257812,112.0777359008789,225.0399932861328,44.4630241394043,70.17710876464844,98.17343139648438,148.59083557128906,120.28838348388672,184.31788635253906,570.327880859375,144.03195190429688,235.55203247070312,616.3479614257812,95.8575668334961,439.0814208984375,23.451858520507812,39.3835563659668,547.3504638671875,70.1727523803711,107.9616470336914
2024-12-11,245.1508331298828,110.75802612304688,230.25999450683594,44.78374099731445,69.65440368652344,98.01039123535156,147.84317016601562,121.19094848632812,194.50079345703125,577.668701171875,141.5321502685547,236.20187377929688,629.6438598632812,94.67121124267578,444.6871643066406,23.14002227783203,40.0484619140625,516.6898803710938,69.73446655273438,107.24298858642578
2024-12-12,246.6128387451172,110.486328125,228.97000122070312,44.78374099731445,69.1413803100586,96.7827377319336,146.42349243164062,120.2503890991211,191.07664489746094,576.7424926757812,141.14610290527344,234.26205444335938,627.7628173828125,96.09483337402344,445.251708984375,23.26842498779297,39.605186462402344,499.4807434082031,68.955322265625,107.14716339111328
2024-12-13,246.78192138671875,110.02054595947266,227.4600067138672,44.38527297973633,68.73484802246094,96.88823699951172,145.6284942626953,120.44039916992188,188.9464874267578,570.7665405273438,141.51284790039062,232.7198944091797,617.3729248046875,96.80664825439453,442.983642578125,23.461027145385742,38.75719451904297,504.05169677734375,68.60469818115234,106.20811462402344
2024-12-16,249.6760711669922,109.28306579589844,232.92999267578125,44.19090270996094,69.199462890625,95.49754333496094,141.3600616455078,118.39774322509766,195.75498962402344,571.59521484375,138.83937072753906,232.37074279785156,621.7454223632812,95.72560119628906,447.26226806640625,23.158363342285156,38.4295654296875,482.7654724121094,70.10457611083984,103.93716430664062
2024-12-17,252.1028289794922,109.93321990966797,231.14999389648438,43.782711029052734,68.84132385253906,94.24111938476562,140.177001953125,117.00114440917969,194.52069091796875,560.238037109375,141.31019592285156,231.18743896484375,616.9645385742188,95.72560119628906,450.104736328125,24.240619659423828,37.51411437988281,470.1951599121094,68.96505737304688,103.49639129638672
2024-12-18,246.70233154296875,108.61351013183594,220.52000427246094,42.27631759643555,65.93744659423828,91.92969512939453,136.3628692626953,113.6568832397461,187.53302001953125,536.4219970703125,139.70799255371094,223.43788146972656,594.8035888671875,94.08010864257812,433.1983337402344,23.74534797668457,35.972312927246094,483.94696044921875,66.96847534179688,101.97282409667969
2024-12-19,248.43287658691406,109.08899688720703,223.2899932861328,42.15969467163086,66.22782897949219,91.28710174560547,133.58978271484375,112.31729888916016,187.64248657226562,540.0679321289062,138.57875061035156,225.949951171875,593.1900024414062,95.20899200439453,432.8417663574219,23.635290145874023,35.56758499145508,473.8074645996094,67.0561294555664,101.10086059570312
2024-12-20,253.1073455810547,110.84536743164062,224.9199981689453,42.927467346191406,66.9731674194336,91.22955322265625,135.19874572753906,113.09635162353516,190.52914428710938,551.8735961914062,139.43775939941406,230.45033264160156,582.9112548828125,93.80267333984375,432.41595458984375,24.176416397094727,35.49049377441406,484.3440246582031,68.50729370117188,101.4458236694336
2024-12-23,253.88311767578125,110.92298126220703,225.05999755859375,42.65534591674805,67.5345687866211,92.43801879882812,135.31231689453125,113.86591339111328,193.73434448242188,556.43603515625,140.2098846435547,231.21653747558594,597.4528198242188,95.06549072265625,431.0788269042969,24.497421264648438,35.904850006103516,490.3580322265625,68.70209503173828,101.85784912109375
2024-12-24,256.7972106933594,111.35966491699219,229.0500030517578,43.131568908691406,68.72516632080078,93.13815307617188,136.1356964111328,114.7969741821289,195.20751953125,568.1441040039062,140.76966857910156,235.01856994628906,605.3212890625,95.14202117919922,435.1197204589844,24.52493667602539,36.35776138305664,490.1256103515625,69.7247314453125,101.95365905761719
2024-12-26,257.61273193359375,111.85453796386719,227.0500030517578,43.29677963256836,69.06394958496094,92.92716217041016,136.26820373535156,114.39795684814453,194.6998748779297,566.6234130859375,140.50909423828125,235.8236083984375,600.9389038085938,95.54383850097656,433.91143798828125,24.359848022460938,36.35776138305664,495.01617431640625,69.89031219482422,102.03990173339844
2024-12-27,254.2013702392578,111.58284759521484,223.75,43.09268569946289,68.72516632080078,92.95592498779297,136.2871551513672,114.38844299316406,191.8729248046875,561.7003173828125,139.99754333496094,233.9128875732422,597.4130859375,95.38119506835938,426.4040832519531,24.41487693786621,36.42521286010742,493.8927917480469,69.25724792480469,102.03031921386719
2024-12-30,250.82980346679688,109.4577407836914,221.3000030517578,42.67478561401367,68.13471221923828,93.11897277832031,135.40696716308594,114.55945587158203,190.35995483398438,559.1364135742188,138.3471221923828,232.11856079101562,588.8772583007812,94.10881042480469,420.75872802734375,24.2314453125,36.43484878540039,491.77197265625,68.57548522949219,101.34040832519531
